word,地点,词形
a（彼）,徳島県三好郡,aa
a（彼）,愛媛県周桑郡,aa
a（彼）,愛媛県喜多郡,aa
a（彼）,島根,aa
a（彼）,奄美,a-
a（彼）,沖縄,a-
a（彼）,瀬底,ha-
a（吾）,瀬底,a（我们）
a（吾）,おもろ,a
a（吾）,伊良部,a
a（吾）,大神,a
a（吾）,仲筋,a
a（吾）,水納,a
aae,島根県隠岐島,aae
aae,喜界,aai（对同等级以下者）
aae,沖永良部,aai
aae,奄美大島,"aai, aaisu"
aae,麦屋東区,aaii
aae,混効験集,aai
aae,今帰仁,aa
aae,伊江島,ai
aae,伊良部,aai
aae,与那覇,aai
aae,水納,aai
aae,石垣,aai
aae,波照間,aai
aae,船浮,ai
ababa（唖）,西表古見,ababa
ababa（唖）,竹富,abubaa
abadare*（裸）,波照間,abadari
abara（荒）,奈良田,abala
abarabone（肋骨）,愛知,agarabone
abarabone（肋骨）,大和浜,abarabunï
abarabone（肋骨）,古仁屋,abarabonï
abarabone（肋骨）,後蘭,abarabuni
abarabone（肋骨）,久松,abarabuni
abarabone（肋骨）,鳩間,abarabuni
abakeru,群馬県吾妻郡,abakeru（开玩笑、撒娇嬉戏、恶作剧）
abakeru,群馬県佐波郡,abakeru（开玩笑、撒娇嬉戏、恶作剧）
abakeru,新潟県,abakeru（开玩笑、撒娇嬉戏、恶作剧）
abakeru,長野県,abakeru（开玩笑、撒娇嬉戏、恶作剧）
abakeru,千葉県東葛飾郡,bakeru（开玩笑、撒娇嬉戏、恶作剧）
abakeru,神奈川県,"abakeru, abarakeru（胡闹）"
abakeru,長野県佐久,abakeru（胡闹）
abakeru,山梨県南巨摩郡,abakeru（胡闹）
abakeru,岐阜県恵那郡,abakeru（开玩笑、撒娇嬉戏、恶作剧、逗乐、胡闹）
abakeru,新潟県佐渡,bakeru（胡闹）
abakeru,秋田県平鹿郡,anbakeru（开玩笑、撒娇嬉戏、恶作剧）
abakeru,秋田県雄勝郡,anbakeru（开玩笑、撒娇嬉戏、恶作剧）
abakeru,山形県,abakeru（开玩笑、撒娇嬉戏、恶作剧）
abakeru,福島県会津,abakeru（开玩笑、撒娇嬉戏、恶作剧）
abakeru,福島県,bakeru（开玩笑、撒娇嬉戏、恶作剧）
abakeru,茨城県,bakeru（开玩笑、撒娇嬉戏、恶作剧）
abakeru,山形県米沢市,abakeru（逗乐）
abakeru,山形県北村山郡,abakeru（逗乐）
abakeru,津軽,abakeru（胡闹）
abakeru,山形県,abakeru（胡闹）
abakeru,岩手,abageru（胡闹）
abasu*（河豚）,麦屋東区,abasi
abasu*（河豚）,金武,abasu C
abasu*（河豚）,首里,abasi B
abasu*（河豚）,大和浜,abasï
abasu*（河豚）,上平川,abasi
abasua*（河豚）,伊平屋,abasa C
abasua*（河豚）,首里,abasaa B
abasua*（河豚）,与那覇,abasa
abasua*（河豚）,水納,abasya
abasua*（河豚）,川平,abasa
abasua*（河豚）,黒島,abaQtsa
abasua*（河豚）,大浜,abasa
abasua*（河豚）,名護宮里,ahasaa
abata（痘痕）,神奈川,abota
abata（痘痕）,伊予,agata
aberu（叫）,愛媛県伊予市,aberu
aberu（叫）,志戸桶,abïyun
aberu（叫）,浅間,abïyun
aberu（叫）,名瀬,abyun
aberu（叫）,麦屋東区,abyun
aberu（叫）,大和浜,abïruri
aberu（叫）,沖永良部国頭,abiyun
aberu（叫）,田皆,abin（也表示招呼）
aberu（叫）,伊平屋田名,abiin B
aberu（叫）,今帰仁,abirun
aberu（叫）,瀬底,abiin
aberu（叫）,首里,abiyun (abir-) B
aberu（叫）,伊良部,abiyun
aberu（叫）,大神,apiri
aberu（叫）,与那覇,abïï
aberu（叫）,水納,abii
aberu（叫）,与那国祖納,abirun (abir-) B
abeyas-*（叫）,今帰仁,abiyaasun
abi,東京都一部,abi（覆盆子、草莓）
abi,東京都御蔵島,abi（覆盆子）
abi,八丈,abi（覆盆子、草莓）
abi,東京都三宅島,"abi, ayubi, abu, abinba（覆盆子）"
abo（穴）,麦屋東区,abu
abo（穴）,今帰仁,abuu（深沟、深竖穴、深渊）
abo（穴）,伊江島,abu（凹陷的土地）
abo（穴）,西原,abu
abo（穴）,伊良部,abu
abo（穴）,平良,abu（火山口、地上的洞）
abo（穴）,砂川,abu
abo（穴）,多良間,abu（礁石上的裂缝）
abo（穴）,水納,abu
abo（穴）,石垣,abu（竖穴）
abo（穴）,鳩間,abu（竖穴）
abo（穴）,川平,abu
abo（穴）,竹富,ǝbu A
abo（穴）,与那国,abu
aboti*（叔父）,西表古見,abuci
abuk-*（蒸）,首里,abucun (abuk-) A
abuk-*（湧）,首里,abucun (abuk-) B
abuki,八丈,abuki（也表常節（= tokobusi））
abuki,鹿児島県,aoki
abumi（鐙）,大和浜,agun
abumi（鐙）,今帰仁,"abuumi, abui"
abumi（鐙）,首里,"abui B, abumi B"
abumi（鐙）,石垣,abun
abunai（危）,埼玉,"abune, abunee, opunee"
abunai（危）,新潟頸城,abunnai
abunai（危）,静岡,abunnai
abunai（危）,岐阜,amunai
abunai（危）,京言葉,amunai
abunai（危）,広島,amunai
abunai（危）,徳島,amunai
abunai（危）,伊予,"abunaa, amunai"
abunai（危）,伊予大三島,amunaa
abunai（危）,瀬戸内,"abunaa, amunaa"
abunai（危）,津軽,aburee
abunai（危）,ＮＨＫ（青森）,aburee
abunai（危）,秋田,"abusinε, abusinε"
abunai（危）,栃木,abui
abunai（危）,鳥取,amunai
abunai（危）,壱岐,abunaQka
abunai（危）,鹿児島,aQne
abunai（危）,肝属内之浦,anne
abunai（危）,甑島里,abunaka
abunai（危）,諸鈍,apne- B
abunai（危）,赤嶺,oosyan
abunai（危）,仁志,oosyan
abunai（危）,芦清良,oosyan
abunai（危）,田皆,oosya
abunai（危）,今帰仁,"abuunasen, abuunasen A, angasen"
abunai（危）,首里,abunasyan A
abunai（危）,石垣,abunee（连体）
abura（油）,奈良田,abula
abura（油）,富山県,aruba
abura（油）,石川,aruba
abura（油）,土佐,amura
abura（油）,島根県仁多郡,abïra
abura（油）,小野津,aQba
abura（油）,志戸桶,aQba
abura（油）,阿伝,anba
abura（油）,湾,anba
abura（油）,上嘉鉄,anba
abura（油）,井之川,anba
abura（油）,徳和瀬,anba
abura（油）,亀津,anba
abura（油）,伊仙,anba
abura（油）,荒木,abura
abura（油）,名瀬,abura
abura（油）,大和浜,abura
abura（油）,湯湾,abura
abura（油）,手々知名,abura
abura（油）,茶花,abura
abura（油）,麦屋東区,abura
abura（油）,田皆,abura
abura（油）,古仁屋,apra
abura（油）,諸鈍,apra
abura（油）,浅間,anbaa
abura（油）,沖永良部国頭,aburaa
abura（油）,上平川,aburaa
abura（油）,和泊,aburaa
abura（油）,瀬利覚,aburaa
abura（油）,古琉球汉语对音,阿㕶打 庵答
abura（油）,古琉球朝鲜语对音,아부라
abura（油）,混効験集,amuta (?= /anda/)
abura（油）,伊平屋,andaa B
abura（油）,金武,andaa B
abura（油）,辺土名,anra
abura（油）,具志堅,anra
abura（油）,瀬底,anra
abura（油）,崎本部,anra
abura（油）,久高,anra
abura（油）,那覇,anra
abura（油）,糸満,anra
abura（油）,済井出,anda
abura（油）,名護,anda
abura（油）,伊江島,anda
abura（油）,首里,anda B
abura（油）,今帰仁,"anraa, andaa"
abura（油）,渡久地,anra
abura（油）,池間,aQva
abura（油）,池間西原,aQva
abura（油）,長浜,aQva
abura（油）,伊良部,aQva
abura（油）,大神,aQva
abura（油）,大浦,aQva
abura（油）,平良,aQva
abura（油）,久松,aQva
abura（油）,上地,aQva
abura（油）,与那覇,aQva
abura（油）,来間,aQva
abura（油）,砂川,aQva
abura（油）,仲筋,aQva
abura（油）,水納,aQva
abura（油）,佐良浜,"ava, aQva"
abura（油）,国仲,auua
abura（油）,狩俣,auva
abura（油）,保良,"aQva, auva"
abura（油）,石垣,"aba, awa"
abura（油）,川平,awa
abura（油）,登野城,aba
abura（油）,大浜,aba
abura（油）,小浜,aba
abura（油）,竹富,aba
abura（油）,鳩間,aba
abura（油）,波照間,aba
abura（油）,白保,aba
abura（油）,西表古見,anba
abura（油）,西表祖納,abura
abura（油）,船浮,abura
abura（油）,黒島,"ava, aQva"
abura（油）,与那国祖納,anda B
aburaage（油揚）,広島県,aburyaage
aburaage（油揚）,鹿児島,aburagi
aburaage（油揚）,麦屋東区,aburaagi
aburaage（油揚）,伊平屋田名,andagii B
aburaage（油揚）,今帰仁,anraagii
aburaage（油揚）,首里,"andagii, anragii"
aburaage（油揚）,伊良部,"aQvaagi, andaagi（借词）"
aburas-*（溢）,大和浜,"aburasi, aburasuri"
aburas-*（溢）,麦屋東区,aburasyun
aburas-*（溢）,今帰仁,anbasun
aburas-*（溢）,伊江島,andasyun
aburas-*（溢）,首里,andasyun A
aburas-*（溢）,伊良部,afurasï
aburas-*（炙）,伊良部,aQvasï
aburas-*（炙）,水納,aQvasï
"abureru 1, ahureru 2（溢）",愛媛県,"aoreru, awareru（种子成熟掉落）"
"abureru 1, ahureru 2（溢）",山口県豊浦郡,awareru（蔬菜腐烂、柿子去涩味）
"abureru 1, ahureru 2（溢）",愛媛県松山,awareru（种子成熟掉落）
"abureru 1, ahureru 2（溢）",秋田,agureru
"abureru 1, ahureru 2（溢）",秋田鹿角,"akuureru, akuru"
"abureru 1, ahureru 2（溢）",大和浜,"aburï, aburïruri"
"abureru 1, ahureru 2（溢）",麦屋東区,"aburyun, apuryun"
"abureru 1, ahureru 2（溢）",伊平屋,andin
"abureru 1, ahureru 2（溢）",今帰仁,anbin (anbir-) A
"abureru 1, ahureru 2（溢）",伊江島,andiyun
"abureru 1, ahureru 2（溢）",首里,andiyun (andir-) A
"abureru 1, ahureru 2（溢）",伊良部,afuriï
"abureru 1, ahureru 2（溢）",水納,afuri
"abureru 1, ahureru 2（溢）",石垣,"abirun, abin"
"abureru 1, ahureru 2（溢）",宮良,abirun
"abureru 1, ahureru 2（溢）",小浜,abirun
"abureru 1, ahureru 2（溢）",与那国祖納,"andirun (andir-) A, t'irun (t'ir-) A"
abakeru（褫）,山口県豊浦郡,abakeru
abakeru（褫）,筑前,abakeru
abakeru（褫）,福岡市,abakeru
abakeru（褫）,長崎県対馬,abakeru
abakeru（褫）,九州,abakuru
abakeru（褫）,大分県,abakuru
abakeru（褫）,熊本県,abaku
aburu（炙）,鹿児島,"abui, abuQ"
aburu（炙）,麦屋東区,abuyun
aburu（炙）,今帰仁,anbin B
aburu（炙）,伊江島,anzyun
aburu（炙）,那覇,anzyun
aburu（炙）,首里,anzyun (and-) B
aburu（炙）,伊良部,av
aburu（炙）,与那覇,av
aburu（炙）,水納,aQvi
aburu（炙）,石垣,abun
aburu（炙）,波照間,aburun
aburu（炙）,与那国祖納,"andun (and-) B, angun (ang-) B"
abosi（畔）,山口県大島,abusi
abosi（畔）,長崎県壱岐島,abosi
abosi（畔）,肝属,abuci
abosi（畔）,阿伝,abusi̥
abosi（畔）,上嘉鉄,abusi̥
abosi（畔）,名瀬,abusï
abosi（畔）,大和浜,abusi
abosi（畔）,浅間,abusi
abosi（畔）,麦屋東区,abusi
abosi（畔）,加計呂麻,aboosi
abosi（畔）,沖永良部国頭,aagusi
abosi（畔）,上平川,aabusi
abosi（畔）,田皆,aabusi
abosi（畔）,伊平屋田名,abusi B
abosi（畔）,渡久地,abusi
abosi（畔）,首里,abusi B
abosi（畔）,今帰仁,abuusi
abosi（畔）,金武,abosi C
abosi（畔）,平良,avsï
abosi（畔）,砂川,avsï
abosi（畔）,多良間,abusï
abosi（畔）,石垣,abusï
abosi（畔）,川平,abusï
abosi（畔）,船浮,abusi
abosi（畔）,鳩間,abusi
abosi（畔）,白保,abusi
abosi（畔）,竹富,ǝbusi
abosi（畔）,波照間,"abusï, abusi"
abosi（畔）,与那国,abuc'i C
awar-*（慌）,石垣,aarun
awar-*（慌）,西表古見,aarun（也表示胡闹）
awar-*（慌）,鳩間,aarun
awaras-*（慌）,波照間,aarasun
aog-*（空）,皆愛,oogi
aome-*（臆病）,伊良部,oomikam
aome-*（臆病）,与那覇,oomi
aome-*（臆病）,皆愛,oomi
aome-*（臆病）,砂川,aumi
aome-*（臆病）,水納,"oomisadu ai, oomimunu"
ada（他）,岐阜,"atan, aQtan"
ada（他）,飛騨,"atan, aQtan, antan"
ada（他）,愛知,atan
ada（他）,南知多,atan
ada（他）,伊賀,atan
ada（他）,南伊勢,atan
ada（他）,和歌山県,atan
ada（他）,播磨,atan
ada（他）,島根,atan
ada（他）,麦屋東区,ada
ada（他）,今帰仁,adaa
ada（他）,首里,ada A
ada（徒）,麦屋東区,ada
ada（徒）,首里,ada A
ada（徒）,伊良部,ada
ada（徒）,竹富,ǝdǝ A
ada（徒）,波照間,adari（徒劳地、无为地）
adan（阿檀）,小野津,adanɪ
adan（阿檀）,上嘉鉄,adanɪ
adan（阿檀）,荒木,adani
adan（阿檀）,沖永良部国頭,adani
adan（阿檀）,麦屋東区,adani
adan（阿檀）,田皆,aadani
adan（阿檀）,伊平屋田名,adan
adan（阿檀）,渡久地,ararinbaa
adan（阿檀）,金武,adanu C
adan（阿檀）,首里,"adani, adan B"
adan（阿檀）,池間西原,adan
adan（阿檀）,伊良部,adan
adan（阿檀）,久松,adan
adan（阿檀）,与那覇,adan
adan（阿檀）,砂川,adan
adan（阿檀）,水納,adan
adan（阿檀）,石垣,azani
adan（阿檀）,川平,adanbura
adan（阿檀）,西表古見,adan
adan（阿檀）,波照間,andani
adan（阿檀）,与那国祖納,adanu C
adate-*（尋）,麦屋東区,adatyun
adate-*（尋）,首里,adatiyun (adatir-) B
adeku*（蛸家）,麦屋東区,adiku
azikai*（硨磲貝）,今帰仁,azikee
azikai*（硨磲貝）,伊江島,az̧ike
azikai*（硨磲貝）,首里,"azikee B, azyakee B（书面）"
azikai*（硨磲貝）,水納,azïkai
azikai*（硨磲貝）,波照間,asi̥kee
adonai,奈良県南大和,azanai
adonai,紀州,"adanai, azonai"
adonai,和歌山,azonai
adonai,和歌山県有田郡,adoi
adonai,和歌山県日高郡,adoi
adonai,香川県仲多度郡,adoi
adonai,徳島県,adoi
adonai,阿波郡,adoi
adonai,山口県豊浦郡,adanai
adonai,香川県,azunai
adonai,徳島県,azunai
adonai,高知県長岡郡,azunai
adonai,高知県幡多郡,adosinai
aegu（喘）,首里,aegi（名词）：eezi B（叫）
abek-*（喘）,皆愛,abikï
aeru（淡）,諸鈍,afeer-
aeru（淡）,首里,afeeyun (afeer-)
aeru（合）,今帰仁,eerun B
aeru（合）,伊江島,eeyun
aeru（合）,首里,eeyun (eer-) B
aeru（合）,伊良部,aiï
aeru（合）,与那覇,ai
aeru（合）,水納,ai
aeru（合）,石垣,"airun, ain"
aeru（合）,波照間,airun
aeru（零）,山口県,ayuru
aeru（零）,福岡県,ayuru
aeru（零）,大分県,ayuru
aeru（零）,柳川,ayuru
aeru（零）,宮崎県東諸県郡,ayuru
aeru（零）,長崎県五島,ayuru
aeru（零）,長崎県北松浦郡,ayuru
aeru（零）,長崎市,ayuru
aeru（零）,熊本県,ayuru
aeru（零）,菊池郡,ayuru
aeru（零）,天草郡,ayuru
aeru（零）,鹿児島県肝属郡,ayuru
aeru（零）,種子島,ayuru
aeru（零）,屋久島,ayuru
aeru（零）,佐賀県,ayu
aeru（零）,鹿児島県,"ayuru, ayu, ayui, aruru"
aeru（零）,甑島里,ayui
aeru（零）,喜界,eeyui
aeru（零）,伊江島,eeyun
aeru（零）,首里,eeyun (eer-) A
aeru（零）,水納,"ai, eei"
aeru（零）,石垣,airun
aeru（零）,波照間,airun
aeru（零）,与那国,airun
aeru（零）,西表古見,ain
aeru（肖）,麦屋東区,yeeyun
"aesirau 1, asirau 2",津軽,aesirai（名词）：aesiræ
agaku（足掻）,東京都大島,agafu
agaku（足掻）,山梨県,agayaku
agaku（足掻）,岐阜県山県郡,agayaku
agaku（足掻）,麦屋東区,agakyun
agaku（足掻）,今帰仁,agaacun B
agaku（足掻）,伊江島,agacun
agaku（足掻）,首里,agacun (agak-) B
agameru（崇）,今帰仁,"agaameerun A, agaamin B"
agameru（崇）,伊江島,agamiyun
agameru（崇）,首里,agamiyun (agamir-) B
agameru（崇）,伊良部,aqamiï
agameru（崇）,与那覇,agami
agameru（崇）,水納,agami
agameru（崇）,石垣,"agamirun, agamin"
agameru（崇）,波照間,agamirun
aganau（贖）,首里,aganeeyun (aganeer-) B（节约）
agaras-*（上）,今帰仁,agaarasun
agaras-*（上）,伊良部,aqarasï
agaras-*（上）,水納,agarasï
agaras-*（上）,波照間,aarasun
agaras-*（上）,与那国祖納,aŋaran (aŋaras-) A
agaroe*（東）,喜界,"agarii, agaree"
agaroe*（東）,小野津,"agari, agaitida（~天道）"
agaroe*（東）,荒木,aaree
agaroe*（東）,大和浜,agarë
agaroe*（東）,浅間,agaarï
agaroe*（東）,徳和瀬,agari
agaroe*（東）,沖永良部国頭,agari
agaroe*（東）,上平川,agari
agaroe*（東）,田皆,agari
agaroe*（東）,麦屋東区,agarii
agaroe*（東）,おもろ,akarui
agaroe*（東）,混効験集,agarui
agaroe*（東）,古沖縄,agarufe
agaroe*（東）,伊平屋田名,agari A
agaroe*（東）,渡久地,agari A
agaroe*（東）,金武,agari
agaroe*（東）,首里,agari A
agaroe*（東）,今帰仁,agaari
agaroe*（東）,瀬底,agaari
agaroe*（東）,久米,"afari, agarii"
agaroe*（東）,池間,agai A
agaroe*（東）,西原,agai
agaroe*（東）,長浜,agal
agaroe*（東）,国仲,agal
agaroe*（東）,伊良部,aqaï
agaroe*（東）,大神,akaï
agaroe*（東）,狩俣,aaï
agaroe*（東）,島尻,aʁaï
agaroe*（東）,大浦,"agaï, aaï"
agaroe*（東）,平良,agaï
agaroe*（東）,与那覇,agaï
agaroe*（東）,砂川,agaï
agaroe*（東）,保良,agaï
agaroe*（東）,久松,agaaz
agaroe*（東）,宮古上地,aɣal
agaroe*（東）,来間,"agal, agaz"
agaroe*（東）,多良間,"agai A, agal"
agaroe*（東）,水納,agai
agaroe*（東）,石垣,aarï A
agaroe*（東）,川平,aarï
agaroe*（東）,西表古見,aarï
agaroe*（東）,八重山新城,aarï
agaroe*（東）,小浜,aanta（~方）
agaroe*（東）,西表祖納,ari
agaroe*（東）,船浮,aari
agaroe*（東）,竹富,"ai, aatǝ A（~方）"
agaroe*（東）,黒島,aaruma
agaroe*（東）,鳩間,aaru
agaroe*（東）,波照間,"arï, aarï, aari"
agaroe*（東）,与那国祖納,"aŋai A, aŋabata（~端）"
agaru（上）,八丈,agarowa
agaru（上）,奈良田,aŋalu
agaru（上）,石川県河原山,aŋaru
agaru（上）,福井県大野市上打波,aŋaru
agaru（上）,鹿児島,agaQ
agaru（上）,肝属内之浦,agaQ
agaru（上）,甑島里,agai
agaru（上）,喜界,"agayui, agaui"
agaru（上）,大和浜,"agari, agaruri"
agaru（上）,浅間,agayun
agaru（上）,沖永良部国頭,agayun
agaru（上）,麦屋東区,agayun
agaru（上）,田皆,agai
agaru（上）,おもろ,agar-
agaru（上）,古沖縄,agaru
agaru（上）,伊平屋田名,again A
agaru（上）,今帰仁,agaarun (agar-) A | agari（名词）：agai A
agaru（上）,渡久地,agai
agaru（上）,伊江島,"agayun, aayun, agwen（敬语）"
agaru（上）,首里,agayun (agar-) A | agari（名词）：agai A
agaru（上）,古琉球朝鲜语对音,agaQ=te：앙갇뎨
agaru（上）,伊良部,aqaï
agaru（上）,久松,agaz
agaru（上）,水納,agai（也表示抽筋）
agaru（上）,与那覇,agaï（也表示紧张）
agaru（上）,石垣,"angarun, aarun, akoorun"
agaru（上）,西表古見,aarun
agaru（上）,竹富,aarun A
agaru（上）,西表祖納,agaru
agaru（上）,鳩間,agarun
agaru（上）,波照間,agarun
agaru（上）,与那国祖納,aŋarun (aŋar-) A（也表示太阳、月亮等出现在高空）
agata*（遠）,伊良部,"agata, aqata"
agata*（遠）,久松,"agata（（海滩等）平浅）, agataaagata, agatamunu（远的）"
agata*（遠）,与那覇,agata
agata*（遠）,水納,agata
agemawas-*（励）,今帰仁,"agiimaasun, agimaasun"
agemawas-*（励）,伊江島,agimaasyun
agemawas-*（励）,首里,agimaasyun (agimaas-) A
agemawas-*（励）,伊良部,agimaasï
agemawas-*（励）,水納,agimaasï
ageru（上）,東京,aŋeru
ageru（上）,奈良田,aŋelu
ageru（上）,石川県河原山,aŋeru
ageru（上）,福井県大野市上打波,aŋeru
ageru（上）,京都,aŋeru
ageru（上）,佐賀,aguQ
ageru（上）,福江,aguQ
ageru（上）,鹿児島,aguQ
ageru（上）,甑島里,agui
ageru（上）,志戸桶,aŋïyun
ageru（上）,大和浜,"agï, agïruri"
ageru（上）,沖永良部国頭,agiyun
ageru（上）,田皆,agin
ageru（上）,麦屋東区,agyun
ageru（上）,おもろ,age-
ageru（上）,伊平屋田名,agiin A
ageru（上）,今帰仁,agiirun
ageru（上）,渡久地,agin
ageru（上）,瀬底,agin
ageru（上）,伊江島,agiyun
ageru（上）,首里,agiyun (agir-) A
ageru（上）,古琉球朝鲜语对音,"age（连用）：아긔 | age=ro（命令）：앙긔리, 아긔리"
ageru（上）,古琉球汉语对音,"ager=i-（连用）：昂乞立, 昂乞利, 安急弟, 阿結的, 阿傑的 | age=ro（命令）：阿個羅 | age=te：阿結的, 阿傑的"
ageru（上）,長浜,agil
ageru（上）,多良間,agil
ageru（上）,伊良部,agiï
ageru（上）,大神,agi-
ageru（上）,平良,agiï
ageru（上）,久松,agiru
ageru（上）,水納,agi（也表示呕吐）
ageru（上）,石垣,"angirun, agin, airun, ain"
ageru（上）,登野城,agirun
ageru（上）,小浜,ankirun
ageru（上）,竹富,ǝirun A
ageru（上）,鳩間,agirun
ageru（上）,波照間,"angirun, agirun"
ageru（上）,与那国祖納,aŋirun (aŋir-) A
age（陸）,喜界,agi
age（陸）,沖永良部国頭,agi
age（陸）,麦屋東区,agi
age（陸）,加計呂麻,agii
age（陸）,混効験集,ake
age（陸）,金武,agi A
age（陸）,首里,agi A
age（陸）,与那覇,agi
age（陸）,水納,agi
age（陸）,川平,agi
age（陸）,小浜,angi
age（陸）,与那国祖納,aŋi A
agi（腭）,京都,age
agi（腭）,岩手県気仙郡,agiko
agi（腭）,秋田,angi
agi（腭）,秋田県鹿角郡,age
agi（腭）,新潟県,age
agi（腭）,鹿児島,"aagi, angii"
agi（腭）,甑島,aagi
agi（腭）,小野津,azimaa
agi（腭）,諸鈍,ak A
agi（腭）,麦屋東区,agi A
agi（腭）,今帰仁,azii A
agi（腭）,伊江島,azi A
agi（腭）,金武,azi A（鳃）
agi（腭）,首里,azi A
agi（腭）,平良,agï
agi（腭）,水納,agi
agi（腭）,竹富,ǝi A
agito（腭門）,埼玉県秩父郡,agita
agito（腭門）,和歌山県日高郡,ageto
agito（腭門）,兵庫県赤穂郡,ageto
agito（腭門）,広島県大崎上島,ageto
agito（腭門）,香川県,ageto
agito（腭門）,徳島県,ageto
agito（腭門）,愛媛県,ageto
agito（腭門）,広島県佐伯郡,agita
agito（腭門）,広島県倉橋島,"ageto, ageta"
agito（腭門）,青森県,ageta
agito（腭門）,青森県上北郡,agita
agito（腭門）,岩手県,agita
agito（腭門）,岩手県下閉伊郡,agita
agito（腭門）,岩手県九戸郡,agetaa
agito（腭門）,島根県鹿足郡,agiQtoo
agito（腭門）,福岡県粕屋郡,agitoo
agito（腭門）,宮崎県西臼杵郡,agitan
agito（腭門）,熊本県下益城郡,agitan
agito（腭門）,長崎県対馬,agita
ago（顎）,群馬県,agu
ago（顎）,埼玉県秩父郡,agu
ago（顎）,埼玉県入間郡,agu
ago（顎）,埼玉県島田市,agu
ago（顎）,八丈,agu
ago（顎）,千葉,"ango, anko"
ago（顎）,奈良田,"aŋo, aŋota"
ago（顎）,静岡,"agu, ako"
ago（顎）,新潟頸城,ango
ago（顎）,新潟県西蒲原郡,ao
ago（顎）,石川,agota
ago（顎）,石川県河原山,aŋota
ago（顎）,福井県,agoki
ago（顎）,福井県池田町西角間,aŋo
ago（顎）,福井県大野市上打波,aŋo
ago（顎）,志摩,ango
ago（顎）,香川県綾歌郡,agoto
ago（顎）,岩手県紫波郡,agu
ago（顎）,宮城県,agu
ago（顎）,仙台,agu
ago（顎）,福島県,agu
ago（顎）,常陸,agu
ago（顎）,栃木県,agu
ago（顎）,山形県最上郡,agoki
ago（顎）,鳥取,agota
ago（顎）,福岡,agota
ago（顎）,柳川,"ago, agota, agotan"
ago（顎）,福岡市,agotoo
ago（顎）,熊本県球磨郡,agu
ago（顎）,頴娃町,aŋo A
ago（顎）,阿伝,agu
ago（顎）,湾,agu
ago（顎）,荒木,agu
ago（顎）,仁志,agu
ago（顎）,上嘉鉄,ago
ago（顎）,芦清良,ago
ago（顎）,伊平屋田名,agu A
ago（顎）,池間,agu
ago（顎）,長浜,agu
ago（顎）,久松,agu
ago（顎）,砂川,agu
ago（顎）,水納,agu
ago（顎）,石垣,agu
ago（顎）,川平,agu
ago（顎）,黒島,agu
ago（顎）,上原,agu
ago（顎）,船浮,ago
ago（顎）,与那国祖納,aŋu
ago*（友）,沖永良部国頭,agu
ago*（友）,上平川,agu
ago*（友）,田皆,agu
ago*（友）,麦屋東区,agu
ago*（友）,沖縄,agu
ago*（友）,池間,agu
ago*（友）,伊良部,agu
ago*（友）,与那覇,agu
ago*（友）,水納,agu
ago*（友）,石垣,au
ago*（友）,与那国祖納,aŋu C
agomu,千葉県,agomu
agomu,千葉県山武郡,angomu
agomu,愛知県,"agomu, angomu"
agomu,茨城県稲敷郡,agomu
agomu,茨城県北相馬郡,agomu
agomu,栃木県塩谷郡,agumu
agomu,栃木県下都賀郡,agumu
"agora 1, agura 2（胡床）",埼玉,aguro
"agora 1, agura 2（胡床）",神奈川,aguro
"agora 1, agura 2（胡床）",八丈,atsuke
"agora 1, agura 2（胡床）",千葉,abura
"agora 1, agura 2（胡床）",信州,"aguro, agora, agoro, angora, angoro"
"agora 1, agura 2（胡床）",信州上田,"aguro, angoro"
"agora 1, agura 2（胡床）",静岡,aguru
"agora 1, agura 2（胡床）",石川,aguci
"agora 1, agura 2（胡床）",福井県大野市上打波,aŋura
"agora 1, agura 2（胡床）",愛知,angura
"agora 1, agura 2（胡床）",栃木,aguro
"agora 1, agura 2（胡床）",鳥取,aguta
"agora 1, agura 2（胡床）",麦屋東区,aburabii（~居）
"agora 1, agura 2（胡床）",首里,"angweeii B, angweedui B（~居）"
agumu（倦）,首里,"agumun, agunun (agum-)"
agumasi-*（倦）,古沖縄,anmasisa
agumasi-*（倦）,今帰仁,anmasen
agumasi-*（倦）,首里,anmasan
agumasi-*（倦）,伊良部,anmaasïkam
agumasi-*（倦）,石垣,oomasaan
ahi*（兄）,首里,"afii（平民用）, aQpii（农村用） B"
ahiru（家鴨）,東京,asiru
ahiru（家鴨）,神奈川県高座郡,aaru
ahiru（家鴨）,長野県上高井郡,asero
ahiru（家鴨）,新潟県中魚沼郡,ahero
ahiru（家鴨）,石川,aheru
ahiru（家鴨）,伊賀,aheru
ahiru（家鴨）,大和,aheru
ahiru（家鴨）,播磨,aheru
ahiru（家鴨）,岐阜,"airu, aheru"
ahiru（家鴨）,志摩,"airu, aheru"
ahiru（家鴨）,京都府,ahero
ahiru（家鴨）,和歌山,"aihiru, hiru"
ahiru（家鴨）,紀州,hiru
ahiru（家鴨）,津軽,"asiru, asiro"
ahiru（家鴨）,岩手,"asiru, ahiro"
ahiru（家鴨）,秋田,"asyu, afiro, ahiro"
ahiru（家鴨）,山形,atsupi
ahiru（家鴨）,福岡,aheru
ahiru（家鴨）,佐賀,aheru
ahiru（家鴨）,長崎県五島,aheQ
ahiru（家鴨）,鹿児島,"afiru, aheru"
ahiru（家鴨）,大和浜,ahiru
ahiru（家鴨）,麦屋東区,apiru
ahiru（家鴨）,混効験集,afiru
ahiru（家鴨）,奥,aperuu
ahiru（家鴨）,伊江島,ateru（新）
ahiru（家鴨）,首里,afiru B
ahi（家鴨）,群馬県佐波郡,ahi
ahi（家鴨）,千葉,ahi
ahi（家鴨）,千葉県山武郡,ahi
ahi（家鴨）,青森県南部,ahi
ahi（家鴨）,岩手県九戸郡,ahi
ahi（家鴨）,岩手,ahi
ahi（家鴨）,山形,"api, aQpi"
ahi（家鴨）,鳥取,ahii
ahi（家鴨）,島根県仁多郡,ahïï
ahi（家鴨）,宮崎県日向,ahi
ahi（家鴨）,佐賀,ahii
ahi（家鴨）,鹿児島,"ahi, ahii"
ahi（家鴨）,上甑島,ahii
ahi（家鴨）,与那国,"aQpi, api"
ahiroa*（家鴨）,名瀬,ahiraa
ahiroa*（家鴨）,麦屋東区,apira
ahiroa*（家鴨）,混効験集,"afira, afera"
ahiroa*（家鴨）,伊平屋,ahiraa
ahiroa*（家鴨）,渡久地,ahiraa
ahiroa*（家鴨）,金武,ahiraa B
ahiroa*（家鴨）,奥,aperaa
ahiroa*（家鴨）,今帰仁,hapeeraa
ahiroa*（家鴨）,伊江島,atira
ahiroa*（家鴨）,首里,afiraa B
ahiroa*（家鴨）,石垣,aQpïra
ahiroa*（家鴨）,竹富,"ǝperǝ BC, afera"
ahiroa*（家鴨）,鳩間,"apira, afira"
ahiroa*（家鴨）,波照間,api̥ra
ahiroa*（家鴨）,八重山新城,apira
"ahou 1, aho 2（阿呆）",石川,"aQpoo, anpo"
"ahou 1, aho 2（阿呆）",伊賀,oho
"ahou 1, aho 2（阿呆）",大和,abo
"ahou 1, aho 2（阿呆）",和歌山,aQpo
"ahou 1, aho 2（阿呆）",神戸,aQpo
"ahou 1, aho 2（阿呆）",岡山,anpoo
"ahou 1, aho 2（阿呆）",豊後,"abo, aQpon"
"ahou 1, aho 2（阿呆）",長崎,apon
ai（藍）,埼玉,yee
ai（藍）,福井県大野市上打波,ae
ai（藍）,愛媛県宇摩郡,yai
ai（藍）,鳥取,"aa, ayu, ya, e"
ai（藍）,佐賀,yaa
ai（藍）,鹿児島,e
ai（藍）,古仁屋,ee
ai（藍）,麦屋東区,ai
ai（藍）,伊平屋,"eenukwaa, enunkwaa（~の子）"
ai（藍）,具志堅,"ee, eezumi"
ai（藍）,金武,eebani C
ai（藍）,首里,ee B
ai（藍）,平良,aï
ai（藍）,水納,"ai, ai izyu（~魚）"
ai（藍）,石垣,ai izu（~鱼）
ai（藍）,竹富,ǝi
ai（藍）,波照間,"ai, enufa（~の子）"
ai（藍）,与那国,ai
aida（間）,埼玉,"yeeda, yaada"
aida（間）,山梨,eeda
aida（間）,奈良田,aiθa
aida（間）,福井県大野市上打波,"aida, aisa"
aida（間）,壱岐,yeda
aida（間）,甑島里,aida
aida（間）,大和浜,eeda
aida（間）,沖永良部国頭,aida
aida（間）,麦屋東区,yeeda
aida（間）,今帰仁,eezyaa B
aida（間）,伊江島,eeda
aida（間）,首里,"qweeda A/B, eezya B"
ain-*,伊江島,eenyun
aiw-*（言）,池間,aï
aiw-*（言）,佐和田,aï
aiw-*（言）,長浜,aï
aiw-*（言）,狩俣,aï
aiw-*（言）,平良,aï
aiw-*（言）,与那覇,aï
aiw-*（言）,小浜,hanzun
aiw-*（言）,竹富,ǝnzyun BC
aiw-*（言）,鳩間,azun
aiw-*（言）,与那国,ayun
aka（赤）,愛知,aQkaa
aka（赤）,諸鈍,aha
aka（赤）,麦屋東区,aa-
aka（赤）,辺野喜,aha
aka（赤）,今帰仁,"akaa, hakaa"
aka（赤）,伊江島,ahaa
aka（赤）,首里,aka A
aka（赤）,長浜,aka
aka（赤）,平良,aka
aka（赤）,与那覇,aka（也是强调前缀）
aka（赤）,水納,aka
aka（赤）,伊良部,aha
aka（赤）,狩俣,haa
aka（赤）,石垣,aka
aka（赤）,西表古見,aka
aka（赤）,波照間,aka
aka（赤）,船浮,aha
aka（赤）,竹富,haa
aka（赤）,鳩間,aga
aka（赤）,与那国,aga
aka（淦）,福井県大野市上打波,aga
aka（淦）,大和浜,aka
aka（淦）,浅間,aa
aka（淦）,沖永良部国頭,aa
aka（淦）,後蘭,aa
aka（淦）,上平川,aa
aka（淦）,芦清良,aa
aka（淦）,田皆,aa
aka（淦）,仁志,aa
aka（淦）,伊平屋田名,akaa B
aka（淦）,金武,aakaa B
aka（淦）,首里,aka B
aka（淦）,伊良部,aha
aka（淦）,久松,aka
aka（淦）,水納,aka
aka（淦）,石垣,aka
aka（淦）,波照間,aka
aka（淦）,与那国祖納,aga B
aka*（髪）,池間,aka C
aka*（髪）,西原,aka
aka*（髪）,多良間,aka C
aka*（髪）,水納,aka
aka*（髪）,石垣,aka
aka*（髪）,鳩間,aka
aka*（髪）,皆愛,aka（头皮）
akana（赤菜）,沖縄県本島,"akanaba, akanabaa（~葉）"
akana（赤菜）,国頭郡,"akanaba, akanabaa（~葉）"
akana（赤菜）,伊江島,ahanaba（~葉）
akana（赤菜）,金武,akana C
akana（赤菜）,首里,akana B
akana（赤菜）,伊良部,ahana
akana（赤菜）,与那覇,akana
akana（赤菜）,水納,akanazuu（~蔬）
akaari（赤蟻）,岩手,"agaani, agani, agari"
akaari（赤蟻）,池間,akai B
akaari（赤蟻）,西原,akai
akaari（赤蟻）,佐良浜,akai
akaari（赤蟻）,水納,akai
akaari（赤蟻）,佐和田,akal
akaari（赤蟻）,仲筋,akal
akaari（赤蟻）,長浜,ahaaï
akaari（赤蟻）,仲地,ahaaï
akaari（赤蟻）,山中,ahaaï
akaari（赤蟻）,国仲,"akaal, akaa"
akaari（赤蟻）,伊良部,"ahaaï, ahaa"
akaari（赤蟻）,狩俣,haaï
akaari（赤蟻）,島尻,aχaï
akaari（赤蟻）,大浦,"akaï, haaï, xaaï"
akaari（赤蟻）,久松,akaaz
akaari（赤蟻）,宮古上地,akaal
akaari（赤蟻）,与那覇,akaaï
akaari（赤蟻）,来間,"akal, akaz"
akaari（赤蟻）,宮古新城,"akaal, akaa"
akaari（赤蟻）,多良間,"akal, akai A"
arigara*（蟻）,砂川,"aïgara, azgara"
arigara*（蟻）,保良,aïgara
akao*（赤秀）,水納,akoo
akao*（赤秀）,石垣,akoo
akao*（赤秀）,波照間,agon
akaogi*（赤秀）,伊良部,akoogi
akaogi*（赤秀）,与那覇,akoogii
akaogi*（赤秀）,皆愛,akoogii
akaogi*（赤秀）,水納,akoogii
akaogi*（赤秀）,石垣,akookii
akaogi*（赤秀）,鳩間,akookii
akaogi*（赤秀）,黒島,auki
akaogi*（赤秀）,与那国祖納,agu kii C+X
akagam-*（明）,水納,akagan
akagane（銅）,秋田,aŋakane
akagane（銅）,麦屋東区,aakani
akagane（銅）,古琉球汉语对音,"嗑加加尼, 押甲嗑尼"
akagane（銅）,混効験集,akokane
akagane（銅）,古沖縄,akagane
akagane（銅）,伊平屋,akaganii
akagane（銅）,今帰仁,"akaagani, hakaagani"
akagane（銅）,金武,akagani A
akagane（銅）,首里,akagani A
akagane（銅）,伊良部,ahaqani
akagane（銅）,水納,akagani
akagane（銅）,石垣,"akagani, akangani"
akagar-*（明）,沖永良部国頭,aagayun
akagar-*（明）,上平川,aagayun
akagar-*（明）,伊江島,"ahagayun, akagayun（书面）"
akagar-*（明）,伊良部,akaqaï
akagar-*（明）,水納,akagari
akagaras-*（明）,麦屋東区,aagarasyun
akagaras-*（明）,古沖縄,akagarasu
akagaras-*（明）,首里,çikiakagarasyun A（付~）
akagaras-*（明）,伊良部,ahaqarasï
akagaras-*（明）,石垣,akarasïn
akagari*（明）,大和浜,haagari
akagari*（明）,沖永良部国頭,aagai
akagari*（明）,上平川,aagai
akagari*（明）,田皆,aagai
akagari*（明）,麦屋東区,aagai
akagari*（明）,古沖縄,akagari
akagari*（明）,混効験集,"akakai, akagai"
akagari*（明）,伊平屋田名,akagai
akagari*（明）,渡久地,akagai
akagari*（明）,金武,akagai A
akagari*（明）,首里,akagai A
akagari*（明）,今帰仁,"haagai, hakaagai"
akagari*（明）,小浜,akaari
akagari*（明）,八重山新城,haari
"akago 1, akaga* 2（赤子）",神奈川,1 akaQko
"akago 1, akaga* 2（赤子）",信州,1 akanko
"akago 1, akaga* 2（赤子）",和歌山県,1 ango
"akago 1, akaga* 2（赤子）",伊予,1 akango
"akago 1, akaga* 2（赤子）",仙台,1 agako
"akago 1, akaga* 2（赤子）",鳥取,1 akoQci
"akago 1, akaga* 2（赤子）",鹿児島,1 aganko
"akago 1, akaga* 2（赤子）",麦屋東区,2 anga
"akago 1, akaga* 2（赤子）",伊良部,2 ahanga
"akago 1, akaga* 2（赤子）",平良,2 akanga
"akago 1, akaga* 2（赤子）",与那国祖納,2 agaŋa B
akagura*（赤子）,古沖縄,akagwa
akagura*（赤子）,伊平屋,ahangwaa
akagura*（赤子）,今帰仁,hangwa
akagura*（赤子）,渡久地,"akangwa, akangwaa"
akagura*（赤子）,金武,akangwa A
akagura*（赤子）,首里,"akangwa A, akangwaa B（卑称）"
akagura*（赤子）,池間,akaQva
akagura*（赤子）,長浜,akaQva
akagura*（赤子）,与那覇,akaQva
akagura*（赤子）,水納,akaQva
akaguragama*（赤子）,石垣,akafaana
akaguragama*（赤子）,小浜,akafaama
akaguragama*（赤子）,鳩間,gafufaama
akahuku（赤肺）,群馬県吾妻郡,akafuku
akahuku（赤肺）,新潟県北魚沼郡,akabuko
akahuku（赤肺）,秋田県雄勝郡,akafuki
akahuku（赤肺）,山形県南置賜郡,akafuki
akahuku（赤肺）,山形県西置賜郡,"akafuku, akafuki"
akahuku（赤肺）,山梨県南巨摩郡,akabuki
akahuku（赤肺）,熊本県球磨郡,akafuku
akahuku（赤肺）,熊本県下益城郡,akafuku
akai（赤）,埼玉,akee
akai（赤）,八丈,akakya
akai（赤）,静岡,aQkai
akai（赤）,福井県大野市上打波,agai
akai（赤）,南伊勢,aQkai
akai（赤）,志摩,aQkai
akai（赤）,愛知,aQkiai
akai（赤）,南知多,"aQka, aQkai"
akai（赤）,和歌山県,"aakai, aQkai"
akai（赤）,愛媛周桑,aakai
akai（赤）,伊予,akaa
akai（赤）,伊予大三島,akaa
akai（赤）,秋田,achea
akai（赤）,栃木,akee
akai（赤）,鳥取,aakai
akai（赤）,隠岐,akee
akai（赤）,柳川,aQka
akai（赤）,佐賀,aQka
akai（赤）,壱岐,aQka
akai（赤）,島原,aQka
akai（赤）,鹿児島,"ake, akee, aQka"
akai（赤）,肝属内之浦,"ake, ako"
akai（赤）,甑島里,akaka
akai（赤）,古琉球朝鲜语对音,아개사
akai（赤）,大和浜,haasari
akai（赤）,浅間,haahan
akai（赤）,沖永良部国頭,aasan
akai（赤）,玉城,aasan
akai（赤）,仁志,aasan
akai（赤）,赤嶺,aasan
akai（赤）,芦清良,aasan
akai（赤）,麦屋東区,aasan
akai（赤）,田皆,aasa
akai（赤）,今帰仁,"akaasen, hakaasen"
akai（赤）,具志堅,akasen
akai（赤）,渡久地,akasen
akai（赤）,伊江島,ahasa
akai（赤）,首里,akasan A
akai（赤）,池間,akakai
akai（赤）,伊良部,ahaham
akai（赤）,大浦,haaha
akai（赤）,久松,"akaaaaka, akamunu"
akai（赤）,多良間,akasyaal
akai（赤）,仲筋,aka-
akai（赤）,水納,akasadu ai
akai（赤）,石垣,akasaan
akai（赤）,川平,hḁkasaa
akai（赤）,小浜,akaha
akai（赤）,黒島,akaha
akai（赤）,西表古見,"akakai, akahaa"
akai（赤）,竹富,haisǝ
akai（赤）,鳩間,agaan
akai（赤）,波照間,agahan
"akaimo 1, akaumo* 2（赤芋）",麦屋東区,"2 aaun, aapun（幼儿语）"
"akaimo 1, akaumo* 2（赤芋）",石垣,"2 aQkon, angan"
"akaimo 1, akaumo* 2（赤芋）",宮良,2 aQkon
"akaimo 1, akaumo* 2（赤芋）",小浜,2 akoon
"akaimo 1, akaumo* 2（赤芋）",波照間,"2 agan, angan"
"akaimo 1, akaumo* 2（赤芋）",白保,"2 angan, anga"
akamame（赤豆）,麦屋東区,aamami
akamame（赤豆）,今帰仁,haamami
akamame（赤豆）,伊江島,ahamami
akamame（赤豆）,首里,akamaamii B
akamame（赤豆）,伊良部,ahamami
akamame（赤豆）,水納,akamami
akamame（赤豆）,石垣,"agamaami, akamami"
akamame（赤豆）,西表古見,akamami
akamame（赤豆）,竹富,haamami
akamame（赤豆）,鳩間,agamami
akamame（赤豆）,与那国祖納,agamami A
akamame（赤豆）,波照間,agamaami
akamataa*（赤楝蛇）,沖永良部,aamantaa
akamataa*（赤楝蛇）,伊平屋,ahamataa
akamataa*（赤楝蛇）,首里,akamataa B
akamatahebia*（赤楝蛇）,島尻郡,akamatahiibaa
"akamatahabu* 1, akamatababu* 2（赤楝蛇）",喜界,1 aamaQtafu
"akamatahabu* 1, akamatababu* 2（赤楝蛇）",奄美大島,2 haamaQtababu
matahabu*（赤楝蛇）,奄美大島,"maQtafu, maQtabu"
matahabu*（赤楝蛇）,徳之島,maQtifu
matahabu*（赤楝蛇）,与論,maQtabu
"akamazi* 1, amazi* 2（髪）",石垣,1 akamazï
"akamazi* 1, amazi* 2（髪）",宮良,1 akamazï
"akamazi* 1, amazi* 2（髪）",川平,1 hḁkamatsï
"akamazi* 1, amazi* 2（髪）",西表古見,1 akamatsï̥
"akamazi* 1, amazi* 2（髪）",西表祖納,"2 amaci, amacinukii（~の毛）"
"akamazi* 1, amazi* 2（髪）",船浮,"2 amaci, amacinukii（~の毛）"
"akamazi* 1, amazi* 2（髪）",黒島,"2 amazi, amazinuki（~の毛）"
"akamazi* 1, amazi* 2（髪）",波照間,2 amazi
"akamazi* 1, amazi* 2（髪）",大浜,1 akamazu
akame*（子）,与那国祖納,"agami C, aŋami, agaQmi, aganga"
akameti*（子）,与那国祖納,agamit'i B
akamu（赤）,南知多,yakamu
akamu（赤）,麦屋東区,aamyun
akamu（赤）,古沖縄,akamu
akamu（赤）,伊江島,ahanyun
akamu（赤）,伊良部,aham
akamu（赤）,水納,akan
akamu（赤）,石垣,akamun
akamu（赤）,波照間,agamun
akana*,麦屋東区,aana
akana*,伊江島,"akana, akanaa"
akana*,皆愛,akana
akana*,石垣,akana
akana*,鳩間,akanaa
akana*,黒島,akanaa
akaia*（貝）,与那国祖納,agaya C
akaramu（赤）,三重県鈴鹿郡,akoromu
akaramu（赤）,三重県度会郡,akoromu
akaramu（赤）,和歌山県東部,akoromu
akaramu（赤）,京都,akorobu
akaramu（赤）,紀州,akorobu
akaramu（赤）,播磨,akorobu
akaras-*（赤）,麦屋東区,aagarasyun
akaras-*（赤）,古沖縄,akagarasu
akaras-*（赤）,伊良部,"aharasï, ahaqarasï"
akaras-*（赤）,久松,arakas
akaras-*（赤）,水納,akarasï
akaras-*（赤）,石垣,akarasïn
akaras-*（赤）,波照間,agarasun
akaras-*（赤）,与那国祖納,agaran (agaras-) A
akareru（散）,麦屋東区,aaryun
akareru（散）,今帰仁,hakaarin
akareru（散）,伊江島,ahariyun
akareru（散）,首里,akariyun (akarir-)
akareru（散）,おもろ,akare（名词）：akare
akareru（散）,混効験集,akare（名词）：akare
akareru（散）,石垣,"akarirun, akarin"
akareru（散）,与那国祖納,akare（名词）：agari A（碎片）
akaru（赤）,古沖縄,akaru
akaru（赤）,伊良部,ahaï
akaru（赤）,久松,akaz
akaru（赤）,水納,akai
akaru（赤）,西表祖納,aharu
akaru（赤）,波照間,agarun
akaru（赤）,与那国祖納,agarun (agar-) A
akari（明）,埼玉,akarii
akari（明）,奈良田,akali
akari（明）,福井県大野市上打波,agari
akari（明）,岐阜,akaru
akari（明）,南伊勢,akaru
akari（明）,志摩,akaru
akari（明）,鳥取,akaa
akari（明）,肝属内之浦,akai
akari（明）,荒木,akari
akari（明）,上嘉鉄,aari
akari（明）,今帰仁,hakai
akari（明）,伊江島,"aQkai, ahai"
akari（明）,金武,akai A
akari（明）,首里,akai A
akari（明）,池間,akai
akari（明）,西原,akai
akari（明）,水納,akai
akari（明）,長浜,akal
akari（明）,伊良部,ahaï
akari（明）,平良,akaï
akari（明）,与那覇,akaï
akari（明）,砂川,akaï
akari（明）,久松,akasz
akari（明）,多良間,akari
akari（明）,石垣,akarï
akari（明）,竹富,akaru
akari（明）,鳩間,"akari, akaru"
akari（明）,波照間,"agarï, agari"
akari（明）,八重山新城,haari
akari（明）,与那国祖納,"agai A, agari"
akarui（明）,千葉,akari
akarui（明）,奈良田,akalii
akarui（明）,福井県大野市上打波,agarui
akarui（明）,和歌山県,aQkarii
akarui（明）,青森,agari
akarui（明）,津軽,agari
akarui（明）,秋田,"akari, agari"
akarui（明）,栃木,akarii
akarui（明）,鳥取,akari
akarui（明）,鹿児島,akari
akarui（明）,肝属内之浦,akari
akarui（明）,赤嶺,akarusan
akarui（明）,渡久地,akarusen
akarui（明）,川平,hḁkarusa
akarui（明）,波照間,agaryan
akas-*（離）,麦屋東区,aasyun
akas-*（離）,今帰仁,hakaasun
akas-*（離）,首里,akasyun (akas-) B
akas-*（離）,石垣,akasïn
akasa*（私生児）,与那覇,akasa
akasa*（私生児）,皆愛,akasa
akasa*（私生児）,砂川,akasa
akasa*（私生児）,水納,akasa
"akasakura* 1, akasagura* 2（私生児）",砂川,1 akasaQfa
"akasakura* 1, akasagura* 2（私生児）",水納,2 akasaQva
akasu（明）,東京都利島,akaso
akasu（明）,神奈川県,akaseru
akasu（明）,神奈川県津久井郡,akaseeru
akasu（明）,静岡県,"akaseru, akaseeru"
akasu（明）,岐阜県,akarakasu
akasu（明）,広島県,agasu
akasu（明）,愛媛県,akarasu
akasu（明）,石川,wakasu
akasu（明）,麦屋東区,akasyun
akasu（明）,喜界,akasi（名词）：aasi（名词）
akasu（明）,今帰仁,hakaasun A
akasu（明）,伊江島,ahasyun | akasi（名词）：ahasi（名词）
akasu（明）,首里,akasyun (akas-) A
akasu（明）,伊良部,ahasï
akasu（明）,水納,akasï
akasu（明）,石垣,akasïn
akasu（明）,西表古見,akasi（名词）：akasï̥（名词）
"akatoki 1, akatuki 2（暁）",奈良田,2 akatu̥ki
"akatoki 1, akatuki 2（暁）",小野津,1 aatuki
"akatoki 1, akatuki 2（暁）",田皆,1 aatuki
"akatoki 1, akatuki 2（暁）",湾,1 aatuci
"akatoki 1, akatuki 2（暁）",上嘉鉄,1 aatuci
"akatoki 1, akatuki 2（暁）",奄美大島,1 haatuki
"akatoki 1, akatuki 2（暁）",徳之島,1 haatuki
"akatoki 1, akatuki 2（暁）",沖永良部国頭,1 aatuci
"akatoki 1, akatuki 2（暁）",荒木,2 aatsuci
"akatoki 1, akatuki 2（暁）",国頭郡,1 akatunci
"akatoki 1, akatuki 2（暁）",中頭郡,1 akatunci
"akatoki 1, akatuki 2（暁）",金武,1 akatunci C
"akatoki 1, akatuki 2（暁）",今帰仁,1 haatunci
"akatoki 1, akatuki 2（暁）",伊江島,1 ahatunci（新）
"akatoki 1, akatuki 2（暁）",伊平屋田名,2 akacici C
"akatoki 1, akatuki 2（暁）",渡久地,2 akatsuci
"akatoki 1, akatuki 2（暁）",伊江島,"2 ahaçici（更旧）, ahaşici（旧）"
"akatoki 1, akatuki 2（暁）",首里,2 akaçici B
"akatoki 1, akatuki 2（暁）",水納,2 akatsïki
"akatoki 1, akatuki 2（暁）",石垣,2 akatsïkïn
"akatoki 1, akatuki 2（暁）",川平,2 hḁkatsï̥kïn
"akatoki 1, akatuki 2（暁）",西表古見,2 akatsï̥kïn
"akatoki 1, akatuki 2（暁）",波照間,2 akasi̥kin
akaza（藜）,千葉県夷隅郡,akazoo
akaza（藜）,新潟頸城,akazoo
akaza（藜）,山梨県,akada
akaza（藜）,岡山県,akada
akaza（藜）,広島県,akada
akaza（藜）,津軽,akazya
akaza（藜）,豊後,akada
akebi（木通）,埼玉,akibi
akebi（木通）,神奈川,akubi
akebi（木通）,山梨,akubi
akebi（木通）,奈良田,akubi
akebi（木通）,静岡,akubi
akebi（木通）,千葉,akubi
akebi（木通）,新潟頸城,"akibi, akiyooppu"
akebi（木通）,富山県,akibi
akebi（木通）,飛騨,akibi
akebi（木通）,紀州,akibi
akebi（木通）,神戸,akibi
akebi（木通）,淡路,akibi
akebi（木通）,石川,akubi
akebi（木通）,南伊勢,akubi
akebi（木通）,伊賀,akubi
akebi（木通）,福井大飯,"akibi, akubi"
akebi（木通）,福井県大野市上打波,agibi
akebi（木通）,岐阜,"akibi, akubi, akebe"
akebi（木通）,大和,"akibi, akimi"
akebi（木通）,広島県,"akubi, akebe"
akebi（木通）,愛媛周桑,akebu
akebi（木通）,青森,"akibi, agubi, agube"
akebi（木通）,津軽,"agubi, agube, agũbe"
akebi（木通）,秋田鹿角,akibi
akebi（木通）,栃木,akibi
akebi（木通）,岩手,"akibi, agibi, akubi, agubi"
akebi（木通）,秋田,"agibi, agĩbi, agũbi, agubi"
akebi（木通）,山形,agibi
akebi（木通）,福島,agibi
akebi（木通）,仙台,"agibi, agũbu"
akebi（木通）,鳥取,"akibi, akebe"
akebi（木通）,島根,"akibi, akubi"
akebi（木通）,壱岐,akibi
akebi（木通）,対馬,akibi
akebi（木通）,鹿児島,"akanbe, akinbe, akuQ, akuweQ, akunbe, akeQ"
akagura（明暗）,島根県出雲,akakura
"akougurou* 1, akoukurou* 2（明暗）",宮崎県宮崎郡,1 akoguro
"akougurou* 1, akoukurou* 2（明暗）",宮崎県東諸県郡,"2 akokuro, akakuromoto"
"akougurou* 1, akoukurou* 2（明暗）",熊本県,"2 akokure, akokuro"
"akougurou* 1, akoukurou* 2（明暗）",熊本県球磨郡,2 akoukuro
"akougurou* 1, akoukurou* 2（明暗）",鹿児島県揖宿郡,2 akokuromoto
"akougurou* 1, akoukurou* 2（明暗）",鹿児島県肝属郡,2 akokuronmoto
"akougurou* 1, akoukurou* 2（明暗）",首里,1 akookuroo B
akasakurasa*（明暗）,首里,akasakurasa B
akasakurasa*（明暗）,石垣,akasaQfasa
"akerakan 1, aQkerakan 2",埼玉,ankerakan
"akerakan 1, aQkerakan 2",岐阜,ankerakan
akeru（明）,奈良田,akelu
akeru（明）,島根県仁多郡,akyae
akeru（明）,柳川,akuru
akeru（明）,鹿児島,"akui, akuQ, aguQ"
akeru（明）,諸鈍,"feeyum, feeryum A, weheeyum A"
akeru（明）,瀬留,fïn
akeru（明）,沖永良部国頭,"akiyun, eeyun, yeeyun"
akeru（明）,田皆,een
akeru（明）,麦屋東区,"akyun, aiyun"
akeru（明）,小野津,ake（名词）：aakɪɪ
akeru（明）,今帰仁,hakiirun A
akeru（明）,具志堅,hakiin
akeru（明）,伊江島,akiyun
akeru（明）,伊平屋,akin A
akeru（明）,渡久地,akin
akeru（明）,金武,akin A
akeru（明）,首里,"akiyun (akir-) A, akeeyun (akeer-) A"
akeru（明）,おもろ,"ake...（名词）：aketoma（第二天早晨）, akematosi（第二年）, akemotoro（拂晓）"
akeru（明）,混効験集,ake...（名词）：akedoma（第二天）
akeru（明）,伊良部,akiï
akeru（明）,平良,akiï
akeru（明）,久松,akiz
akeru（明）,与那覇,aki
akeru（明）,石垣,"akirun, akin"
akeru（明）,西表祖納,ahiru
akeru（明）,船浮,ahiru
akeru（明）,竹富,hǝirun A
akeru（明）,波照間,agirun
akeru（明）,与那国祖納,agirun (agir-) A
akeru（明）,八重山新城下地,ake=re（命令形）：akiree
agezabeyo*,奄美,agï
agezabeyo*,沖縄,"aQsamiyoQ, akizyabiyoo, agizyabiyoo, agizyabiyoi, agizyabyoi, aQgizyabyoi, agizya, haQsamiyoo"
agezabeyo*,伊平屋,"agii, aQsabiyo"
agezabeyo*,伊江島,"agizyabiyoo, agizya, amiyoo, amyoo"
agezabeyo*,首里,akisamiyoo A（感叹）/B（副）
agezabeyo*,水納,akisyami
agezabeyo*,鳩間,agizamiyoo
aki（秋）,石川,ake
aki（秋）,福井県大野市上打波,agi
aki（秋）,島原,"aaki, aku"
aki（秋）,天草諸島本渡,aaki
aki（秋）,鹿児島,aQ
aki（秋）,肝属内之浦,aQ
aki（秋）,甑島里,aaki
aki（秋）,中里,aki
aki（秋）,瀬留,aki
aki（秋）,大和浜,aki
aki（秋）,田皆,aki
aki（秋）,加計呂麻,akii
aki（秋）,古琉球汉语对音,阿及
aki（秋）,古琉球朝鲜语对音,아기
aki（秋）,古沖縄,aki
aki（秋）,伊平屋,aci
aki（秋）,伊江島,aci
aki（秋）,首里,aci A（（书面）秋季（由于无季节感，口语基本不用）；（古语）收获期）
aki（秋）,伊良部,aki
aki（秋）,水納,aki
aki（秋）,長浜,akï
aki（秋）,平良,akï
aki（秋）,多良間,akï
aki（秋）,石垣,akï BC
aki（秋）,小浜,aki
aki（秋）,竹富,aki
aki（秋）,鳩間,aki BC
aki（秋）,白保,aki
aki（秋）,八重山新城下地,aki
aki（秋）,波照間,"aasï, asï"
aki（秋）,与那国,ati
"akibito 1, akindo 2, akyuudo 3（商人）",信州上田,akyondo
"akibito 1, akindo 2, akyuudo 3（商人）",静岡県井川,akindo
"akibito 1, akindo 2, akyuudo 3（商人）",福井県大野市上打波,akindo
"akibito 1, akindo 2, akyuudo 3（商人）",和歌山,akyuudo
"akibito 1, akindo 2, akyuudo 3（商人）",岩手,agido
"akibito 1, akindo 2, akyuudo 3（商人）",鳥取県西伯郡,akinzo
"akibito 1, akindo 2, akyuudo 3（商人）",大分県大分郡,akiudo
"akibito 1, akindo 2, akyuudo 3（商人）",長崎,"akyuudo, akyũdo"
"akibito 1, akindo 2, akyuudo 3（商人）",熊本,"akiuQdo, akyuudo, akiyuQdo"
"akibito 1, akindo 2, akyuudo 3（商人）",おもろ,아기운도
"akibito 1, akindo 2, akyuudo 3（商人）",古沖縄,akindo
"akibito 1, akindo 2, akyuudo 3（商人）",首里,acoodu B
"akibito 1, akindo 2, akyuudo 3（商人）",石垣,akyoodu
akibitoya*（商人）,首里,acoodaa B（卑称）
akibitoya*（商人）,伊良部,akyaada
akibitoya*（商人）,多良間,akeoda
akinai（商）,埼玉,akinee
akinai（商）,鳥取,akinaa
akinai（商）,佐賀,akinyaa
akinai（商）,鹿児島,"akine, aQne"
akinai（商）,大和浜,akinë
akinai（商）,麦屋東区,akinee | akineesincu（~人，商人）
akinai（商）,古沖縄,akinafi
akinai（商）,今帰仁,hacinee B
akinai（商）,伊江島,acine | acinencu（~人，商人）
akinai（商）,首里,acinee B | acineencu B（~人，商人）
akinai（商）,古琉球汉语对音,亞及耐
akinai（商）,伊良部,atsïnai
akinai（商）,与那覇,akïnai
akinai（商）,水納,akinai
akinai（商）,石垣,akïnai
akinai（商）,八重山新城下地,akïnai
akirameru（明）,伊良部,akiramiï
akirameru（明）,石垣,"akiramirun, akiramin"
akirameru（明）,西表古見,akiramirun
akireru（呆）,津軽,agineru
akireru（呆）,岩手,akuneru
akireru（呆）,秋田,agieru
akireru（呆）,山形,aguneru
akireru（呆）,鹿児島,akuQtaQ
akireru（呆）,西表古見,akirirun
akireru（呆）,波照間,akirun
akitu（蜻蛉）,岐阜県飛騨,akezu
akitu（蜻蛉）,岩手県,akezu
akitu（蜻蛉）,気仙郡,akezu
akitu（蜻蛉）,羽州,akezu
akitu（蜻蛉）,秋田県平鹿郡,akezu
akitu（蜻蛉）,秋田県雄勝郡,akezu
akitu（蜻蛉）,福島県,akezu
akitu（蜻蛉）,茨城県,akezu
akitu（蜻蛉）,新潟県,akezu
akitu（蜻蛉）,山形県,"akezu, ake, anke"
akitu（蜻蛉）,山形県最上郡,ak ego
akitu（蜻蛉）,山形県東置賜郡,agetonbo
akitu（蜻蛉）,山形県西置賜郡,agen
akitu（蜻蛉）,山形県北村山郡,aQkekaka
akitu（蜻蛉）,山形県東村山郡,"agen, agetonbo"
akitu（蜻蛉）,山形県南村山郡,"ageco, ageyanma"
akitu（蜻蛉）,山形県西村山郡,agetobo
akitu（蜻蛉）,山形県中部,aQke
akitu（蜻蛉）,宮城県,"akezu, aake, ake"
akitu（蜻蛉）,宮城県栗原郡,ageQpoo
akitu（蜻蛉）,宮城県玉造郡,akebobo
akitu（蜻蛉）,新潟県東蒲原郡,aQki
akitu（蜻蛉）,大分県南海部郡,akedori
akitu（蜻蛉）,大分県北海部郡,"akedori, akedoro"
akitu（蜻蛉）,宮崎県,akezu
akitu（蜻蛉）,熊本県球磨郡,akezu
akitu（蜻蛉）,鹿児島東諸県,akezu
akitu（蜻蛉）,鹿児島県,akebero
akitu（蜻蛉）,薩摩,"akes, akesy, akesymero"
akitu（蜻蛉）,薩摩川内,akesy
akitu（蜻蛉）,指宿,akesy
akitu（蜻蛉）,北諸県,akesy
akitu（蜻蛉）,大隅肝属,akesy
akitu（蜻蛉）,鹿児島県種子島,"akee, akeezu, aakeezyo"
akitu（蜻蛉）,鹿児島県屋久島,akeeko
akitu（蜻蛉）,上甑島,keedzu
akitu（蜻蛉）,小野津,eetuu
akitu（蜻蛉）,混効験集,"akitu, akedu"
akitu（蜻蛉）,伊平屋田名,kakizuu
akitu（蜻蛉）,具志堅,aakeezyuu
akitu（蜻蛉）,渡久地,aakeezyuu
akitu（蜻蛉）,伊江島,akeez̧i
akitu（蜻蛉）,金武,akezyuu B
akitu（蜻蛉）,首里,aakeezyuu B
akitu（蜻蛉）,平良,akizï
akitu（蜻蛉）,池間,akizï B
akitu（蜻蛉）,多良間,"akizï, akeezï C"
akitu（蜻蛉）,水納,keezï
akitu（蜻蛉）,石垣,kakeezï
akitu（蜻蛉）,八重山新城,kakeezï
akitu（蜻蛉）,小浜,akeentsï
akitu（蜻蛉）,竹富,aageQtsï
akitu（蜻蛉）,黒島,hakeezi
akitu（蜻蛉）,波照間,"aizï, aizi"
"aku 1, akiru 2（飽）",奈良田,akilu
"aku 1, akiru 2（飽）",石川県河原山,aeru
"aku 1, akiru 2（飽）",福井県大野市上打波,agiru
"aku 1, akiru 2（飽）",近畿,aku
"aku 1, akiru 2（飽）",四国,aku
"aku 1, akiru 2（飽）",淡路,aeru
"aku 1, akiru 2（飽）",周防大島,agu
"aku 1, akiru 2（飽）",伊予大三島,agu
"aku 1, akiru 2（飽）",云伯,aku
"aku 1, akiru 2（飽）",島根,agu
"aku 1, akiru 2（飽）",九州,aku
"aku 1, akiru 2（飽）",豊後,eku
"aku 1, akiru 2（飽）",肝属内之浦,aQgakuQ
"aku 1, akiru 2（飽）",甑島里,akii
"aku 1, akiru 2（飽）",今帰仁,aci-...（借词）
"aku 1, akiru 2（飽）",首里,ac(i)-...（借词）
akihateru（飽果）,麦屋東区,akipaQtyun
akihateru（飽果）,今帰仁,hacipatirun（不说 hacirun）
akihateru（飽果）,首里,acihateeyun (acihateer-) B
akihateru（飽果）,石垣,"akïpatirun, akïpatin"
akire-*（飽）,石垣,"akïrirun, akïrin"
akire-*（飽）,波照間,"akirirun, aki̥rin"
akire-*（飽）,川平,hḁkï̥ri
aku（灰汁）,福井県大野市上打波,agu
aku（灰汁）,山形県庄内,ako
aku（灰汁）,西田川郡,ako
aku（灰汁）,鹿児島,aQ
aku（灰汁）,大和浜,akuziru（~汁）
aku（灰汁）,今帰仁,hakuu
aku（灰汁）,伊江島,aku
aku（灰汁）,首里,aku A
aku（灰汁）,伊良部,aku
aku（灰汁）,水納,aku
aku（灰汁）,竹富,ǝfu A
aku（灰汁）,鳩間,afu
aku（灰汁）,与那国祖納,agu A
aku（明）,福井県大野市上打波,agu
aku（明）,沖永良部国頭,"akyun, acun"
aku（明）,田皆,aQkin
aku（明）,麦屋東区,akyun
aku（明）,伊平屋田名,acun A
aku（明）,伊江島,acun
aku（明）,今帰仁,hacun A
aku（明）,渡久地,akun
aku（明）,首里,acun (ak-) A
aku（明）,伊良部,aafu
aku（明）,与那覇,akï
aku（明）,久松,akz
aku（明）,水納,aki
aku（明）,石垣,akun
aku（明）,波照間,agun
"akubi 1, akugi* 2, akuki* 3（欠伸）",八丈,"1 akabi, akobi"
"akubi 1, akugi* 2, akuki* 3（欠伸）",千葉,1 akibi
"akubi 1, akugi* 2, akuki* 3（欠伸）",福井県大野市上打波,1 agubi
"akubi 1, akugi* 2, akuki* 3（欠伸）",広島県,1 akibi
"akubi 1, akugi* 2, akuki* 3（欠伸）",青森,1 agube
"akubi 1, akugi* 2, akuki* 3（欠伸）",津軽,1 agube
"akubi 1, akugi* 2, akuki* 3（欠伸）",島根県仁多郡,1 akubï
"akubi 1, akugi* 2, akuki* 3（欠伸）",島原,1 akubu
"akubi 1, akugi* 2, akuki* 3（欠伸）",鹿児島,1 akuQ
"akubi 1, akugi* 2, akuki* 3（欠伸）",肝属内之浦,1 akuQ
"akubi 1, akugi* 2, akuki* 3（欠伸）",小野津,1 akubi
"akubi 1, akugi* 2, akuki* 3（欠伸）",阿伝,1 akubi
"akubi 1, akugi* 2, akuki* 3（欠伸）",湾,1 akubi
"akubi 1, akugi* 2, akuki* 3（欠伸）",荒木,1 akubi
"akubi 1, akugi* 2, akuki* 3（欠伸）",大和浜,1 akubi
"akubi 1, akugi* 2, akuki* 3（欠伸）",沖永良部国頭,1 akubi
"akubi 1, akugi* 2, akuki* 3（欠伸）",仁志,1 akubi
"akubi 1, akugi* 2, akuki* 3（欠伸）",後蘭,1 akubi
"akubi 1, akugi* 2, akuki* 3（欠伸）",芦清良,1 akubi
"akubi 1, akugi* 2, akuki* 3（欠伸）",田皆,1 akubi
"akubi 1, akugi* 2, akuki* 3（欠伸）",麦屋東区,1 akubi
"akubi 1, akugi* 2, akuki* 3（欠伸）",今帰仁,1 hakuubi A
"akubi 1, akugi* 2, akuki* 3（欠伸）",伊江島,1 akudi
"akubi 1, akugi* 2, akuki* 3（欠伸）",金武,"1 akubi A, akobi A"
"akubi 1, akugi* 2, akuki* 3（欠伸）",首里,1 akubi A
"akubi 1, akugi* 2, akuki* 3（欠伸）",池間,2 afuzï AB
"akubi 1, akugi* 2, akuki* 3（欠伸）",西原,2 afuzï B
"akubi 1, akugi* 2, akuki* 3（欠伸）",佐和田,2 afuzï
"akubi 1, akugi* 2, akuki* 3（欠伸）",長浜,2 afuzï
"akubi 1, akugi* 2, akuki* 3（欠伸）",仲地,2 afuzï
"akubi 1, akugi* 2, akuki* 3（欠伸）",久松,2 afuzï
"akubi 1, akugi* 2, akuki* 3（欠伸）",伊良部,"2 akuv, afuzï"
"akubi 1, akugi* 2, akuki* 3（欠伸）",上地,3 afukï
"akubi 1, akugi* 2, akuki* 3（欠伸）",下里添,3 afukï
"akubi 1, akugi* 2, akuki* 3（欠伸）",大神,3 afukï
"akubi 1, akugi* 2, akuki* 3（欠伸）",狩俣,3 afukï
"akubi 1, akugi* 2, akuki* 3（欠伸）",平良,3 afukï
"akubi 1, akugi* 2, akuki* 3（欠伸）",与那覇,3 afukï
"akubi 1, akugi* 2, akuki* 3（欠伸）",皆愛,3 afukï
"akubi 1, akugi* 2, akuki* 3（欠伸）",長間,3 afukï
"akubi 1, akugi* 2, akuki* 3（欠伸）",比嘉,3 afukï
"akubi 1, akugi* 2, akuki* 3（欠伸）",福里,3 afukï
"akubi 1, akugi* 2, akuki* 3（欠伸）",西里添,3 afukï
"akubi 1, akugi* 2, akuki* 3（欠伸）",砂川,3 afukï
"akubi 1, akugi* 2, akuki* 3（欠伸）",宮古新城,3 afukï
"akubi 1, akugi* 2, akuki* 3（欠伸）",来間,3 afutsï
"akubi 1, akugi* 2, akuki* 3（欠伸）",友利,3 afutsï
"akubi 1, akugi* 2, akuki* 3（欠伸）",保良,3 afutsï
"akubi 1, akugi* 2, akuki* 3（欠伸）",石垣,1 akubï A
"akubi 1, akugi* 2, akuki* 3（欠伸）",白保,1 akubï
"akubi 1, akugi* 2, akuki* 3（欠伸）",宮良,1 akubi
"akubi 1, akugi* 2, akuki* 3（欠伸）",鳩間,1 akubi
"akubi 1, akugi* 2, akuki* 3（欠伸）",川平,1 hḁQfui
"akubi 1, akugi* 2, akuki* 3（欠伸）",小浜,1 akoopï
"akubi 1, akugi* 2, akuki* 3（欠伸）",西表古見,1 akupï̥
"akubi 1, akugi* 2, akuki* 3（欠伸）",西表祖納,1 aburi
"akubi 1, akugi* 2, akuki* 3（欠伸）",竹富,1 ǝkui
"akubi 1, akugi* 2, akuki* 3（欠伸）",黒島,1 aubi
"akubi 1, akugi* 2, akuki* 3（欠伸）",波照間,"1 agobï, obï"
"akubi 1, akugi* 2, akuki* 3（欠伸）",与那国,1 aguhi（旧）
"akubi 1, akugi* 2, akuki* 3（欠伸）",与那国祖納,"1 agu C, agui C"
"akuta 1, kuta 2（芥）",岐阜県飛騨,1 aguta
"akuta 1, kuta 2（芥）",愛知県知多郡,1 aguta
"akuta 1, kuta 2（芥）",京都府竹野郡,1 aguta
"akuta 1, kuta 2（芥）",麦屋東区,1 akuta
"akuta 1, kuta 2（芥）",古沖縄,1 akuta
"akuta 1, kuta 2（芥）",伊江島,1 akuta
"akuta 1, kuta 2（芥）",首里,1 akuta B
"akuta 1, kuta 2（芥）",金武,1 akota C
"akuta 1, kuta 2（芥）",伊良部,1 afuta
"akuta 1, kuta 2（芥）",与那覇,1 afuta（砂糖黍等的枯叶）
"akuta 1, kuta 2（芥）",多良間,1 afuta A
"akuto 1, akutu 2, ado 3（踵）",群馬県,1 akuto
"akuto 1, akutu 2, ado 3（踵）",群馬県碓氷郡,2 aQkutsu
"akuto 1, akutu 2, ado 3（踵）",上野,1/2 aku
"akuto 1, akutu 2, ado 3（踵）",東京都利島,1/2 akoi
"akuto 1, akutu 2, ado 3（踵）",八丈,"1/2 aQkee, aQkii"
"akuto 1, akutu 2, ado 3（踵）",神奈川県,1 akudo
"akuto 1, akutu 2, ado 3（踵）",長野県,"1/2 akuto, aQkui, aQke, aQkoi"
"akuto 1, akutu 2, ado 3（踵）",信濃,1/2 aQkui
"akuto 1, akutu 2, ado 3（踵）",長野県上田,"1/2 aguto, akubi"
"akuto 1, akutu 2, ado 3（踵）",長野県佐久,"1/2 akubi, aQku, aQke（幼儿语）"
"akuto 1, akutu 2, ado 3（踵）",長野県東筑摩郡,1/2 aQkogi
"akuto 1, akutu 2, ado 3（踵）",長野県諏訪,1/2 aQkogi
"akuto 1, akutu 2, ado 3（踵）",山梨県,"1/2 akuto, akee, akoi, aQkui"
"akuto 1, akutu 2, ado 3（踵）",山梨県中巨摩郡,"1/2 aguto, akobi"
"akuto 1, akutu 2, ado 3（踵）",静岡県,"1/2 akuto, aguto, akotsu, aQkui"
"akuto 1, akutu 2, ado 3（踵）",静岡県富士郡,1/2 ako
"akuto 1, akutu 2, ado 3（踵）",静岡県引佐郡,2 agotsu
"akuto 1, akutu 2, ado 3（踵）",静岡県浜名郡,"1/2 agotsu, agote"
"akuto 1, akutu 2, ado 3（踵）",静岡県西部,1 agoto
"akuto 1, akutu 2, ado 3（踵）",静岡県小笠郡,2 agutsu
"akuto 1, akutu 2, ado 3（踵）",静岡県磐田郡,2 agutsu
"akuto 1, akutu 2, ado 3（踵）",新潟県,"1/2 akudo, akuto, agu"
"akuto 1, akutu 2, ado 3（踵）",越後,1/2 agu
"akuto 1, akutu 2, ado 3（踵）",新潟県長岡市,1 aguto
"akuto 1, akutu 2, ado 3（踵）",新潟県佐渡,1 aguto
"akuto 1, akutu 2, ado 3（踵）",岐阜県,"1/2 akuito, aQkui"
"akuto 1, akutu 2, ado 3（踵）",飛騨,"1/2 aQkui, aQkubi, aQke"
"akuto 1, akutu 2, ado 3（踵）",岐阜県羽島郡,1 akuto
"akuto 1, akutu 2, ado 3（踵）",岐阜県武儀郡,1/2 akui
"akuto 1, akutu 2, ado 3（踵）",岐阜県恵那郡,"1/2 akuto, aguto, agoto, aQkui"
"akuto 1, akutu 2, ado 3（踵）",愛知県,"1/2 akuto, aguto, agoto, aQkui"
"akuto 1, akutu 2, ado 3（踵）",愛知県海部郡,1/2 akuhi
"akuto 1, akutu 2, ado 3（踵）",愛知県中島郡,1/2 akuhi
"akuto 1, akutu 2, ado 3（踵）",愛知県東春日井郡,1 akubito
"akuto 1, akutu 2, ado 3（踵）",青森県,1 akuto
"akuto 1, akutu 2, ado 3（踵）",岩手県,1 akuto
"akuto 1, akutu 2, ado 3（踵）",盛岡,1 akuto
"akuto 1, akutu 2, ado 3（踵）",秋田県,1 akuto
"akuto 1, akutu 2, ado 3（踵）",山形県,1 akuto
"akuto 1, akutu 2, ado 3（踵）",庄内,1 akuto
"akuto 1, akutu 2, ado 3（踵）",宮城県,1 akuto
"akuto 1, akutu 2, ado 3（踵）",福島県,1 akuto
"akuto 1, akutu 2, ado 3（踵）",会津,1 akuto
"akuto 1, akutu 2, ado 3（踵）",陸奥,1/2 agu
"akuto 1, akutu 2, ado 3（踵）",秋田県由利郡,1/2 akuko
"akuto 1, akutu 2, ado 3（踵）",柳川,3 ado
"akuto 1, akutu 2, ado 3（踵）",大分県,3 ado
"akuto 1, akutu 2, ado 3（踵）",椎葉尾前,3 ado
"akuto 1, akutu 2, ado 3（踵）",大分県大分市,3 azo
"akuto 1, akutu 2, ado 3（踵）",大分県大分郡,3 azo
"akuto 1, akutu 2, ado 3（踵）",宮崎県,"3 ado, asinoado（足の~）"
"akuto 1, akutu 2, ado 3（踵）",宮崎市,3 adogen
"akuto 1, akutu 2, ado 3（踵）",宮崎県東諸県郡,"3 adonge, adongeri, adongen"
"akuto 1, akutu 2, ado 3（踵）",宮崎県西諸県郡,3 atozii
"akuto 1, akutu 2, ado 3（踵）",長崎県南高来郡,"3 ado, adonco, asinoado（足の~）"
"akuto 1, akutu 2, ado 3（踵）",熊本県,"3 ado, adoboozu（~坊主）"
"akuto 1, akutu 2, ado 3（踵）",熊本県阿蘇郡,3 adoQsu
"akuto 1, akutu 2, ado 3（踵）",鹿児島県,"3 ado, adodo, atozii"
"akuto 1, akutu 2, ado 3（踵）",鹿児島県揖宿郡,"3 atozii, adozii（児童）"
"akuto 1, akutu 2, ado 3（踵）",鹿児島県肝属郡,3 dogen
"akuto 1, akutu 2, ado 3（踵）",頴娃町,3 adozi B
"akuto 1, akutu 2, ado 3（踵）",小野津,3 adu
"akuto 1, akutu 2, ado 3（踵）",阿伝,3 adu
"akuto 1, akutu 2, ado 3（踵）",荒木,3 adu
"akuto 1, akutu 2, ado 3（踵）",湯湾,3 adu
"akuto 1, akutu 2, ado 3（踵）",井之川,3 adu
"akuto 1, akutu 2, ado 3（踵）",茶花,3 adu
"akuto 1, akutu 2, ado 3（踵）",麦屋東区,3 adu
"akuto 1, akutu 2, ado 3（踵）",志戸桶,3 adusi
"akuto 1, akutu 2, ado 3（踵）",湾,3 aduu
"akuto 1, akutu 2, ado 3（踵）",名瀬,3 ado
"akuto 1, akutu 2, ado 3（踵）",大和浜,3 ado
"akuto 1, akutu 2, ado 3（踵）",古仁屋,3 ado
"akuto 1, akutu 2, ado 3（踵）",加計呂麻,3 ado
"akuto 1, akutu 2, ado 3（踵）",沖永良部国頭,"3 aadu, aaduu"
"akuto 1, akutu 2, ado 3（踵）",仁志,3 aaduu
"akuto 1, akutu 2, ado 3（踵）",上平川,3 aaduu
"akuto 1, akutu 2, ado 3（踵）",田皆,3 aaduu
"akuto 1, akutu 2, ado 3（踵）",後蘭,3 aatuu
"akuto 1, akutu 2, ado 3（踵）",伊平屋田名,3 ado B
"akuto 1, akutu 2, ado 3（踵）",国頭郡,3 aduu
"akuto 1, akutu 2, ado 3（踵）",辺土名,3 aduu
"akuto 1, akutu 2, ado 3（踵）",今帰仁,3 aduu
"akuto 1, akutu 2, ado 3（踵）",伊江島,3 aduu
"akuto 1, akutu 2, ado 3（踵）",渡久地,3 aruu
"akuto 1, akutu 2, ado 3（踵）",金武,3 aaduu B
"akuto 1, akutu 2, ado 3（踵）",首里,3 adu B
"akuto 1, akutu 2, ado 3（踵）",池間,3 adu
"akuto 1, akutu 2, ado 3（踵）",西原,3 adu
"akuto 1, akutu 2, ado 3（踵）",長浜,3 adu
"akuto 1, akutu 2, ado 3（踵）",伊良部,3 adu
"akuto 1, akutu 2, ado 3（踵）",大神,3 adu
"akuto 1, akutu 2, ado 3（踵）",大浦,3 adu
"akuto 1, akutu 2, ado 3（踵）",平良,3 adu
"akuto 1, akutu 2, ado 3（踵）",久松,3 adu
"akuto 1, akutu 2, ado 3（踵）",上地,3 adu
"akuto 1, akutu 2, ado 3（踵）",与那覇,3 adu
"akuto 1, akutu 2, ado 3（踵）",砂川,3 adu
"akuto 1, akutu 2, ado 3（踵）",仲筋,3 adu
"akuto 1, akutu 2, ado 3（踵）",水納,3 adu
"akuto 1, akutu 2, ado 3（踵）",石垣,3 adu
"akuto 1, akutu 2, ado 3（踵）",大浜,3 adu
"akuto 1, akutu 2, ado 3（踵）",川平,3 adu
"akuto 1, akutu 2, ado 3（踵）",西表祖納,3 adu
"akuto 1, akutu 2, ado 3（踵）",黒島,3 adu
"akuto 1, akutu 2, ado 3（踵）",西表,3 kadu
"akuto 1, akutu 2, ado 3（踵）",竹富,3 ǝdu
"akuto 1, akutu 2, ado 3（踵）",鳩間,3 atu
"akuto 1, akutu 2, ado 3（踵）",八重山新城,3 atu
"akuto 1, akutu 2, ado 3（踵）",波照間,"3 adu, ado"
"akuto 1, akutu 2, ado 3（踵）",白保,3 ado
"akuto 1, akutu 2, ado 3（踵）",与那国祖納,3 adubira B
anna*（母）,佐和田,anna
anna*（母）,狩俣,anna
anna*（母）,平良,anna
anna*（母）,与那覇,anna
anna*（母）,砂川,anna
anna*（母）,水納,anna
ama（母）,新潟県西頸城郡,"anma（母亲）, anmacan（中流，母亲）"
ama（母）,東京都三宅島,"anma, anmaa（姐姐）"
ama（母）,奈良田,ama（乳）
ama（母）,富山県,anma（母亲）
ama（母）,福井県,anma（母亲）
ama（母）,坂井郡,anma（母亲）
ama（母）,三重県志摩郡,"anma（母亲）, ama（姐姐、（女）保姆）, amabe（姐姐）"
ama（母）,高知県幡多郡,anma（母亲）
ama（母）,石川県河北郡,anma（姐姐）
ama（母）,石川県鹿島郡,anma（姐姐）
ama（母）,三重県南牟婁郡,ama（姐姐）
ama（母）,愛媛県,anma（乳母）
ama（母）,福井県大野市上打波,ama（女孩）
ama（母）,薩摩,ama（母亲）
ama（母）,喜界,"anma（母亲）, anmaa（祖母）"
ama（母）,名瀬,anma（母亲）
ama（母）,伊津部,anma（母亲）
ama（母）,大和浜,anma（母亲）
ama（母）,湯湾,anma（母亲）
ama（母）,古仁屋,anma（母亲）
ama（母）,加計呂麻,anma（母亲）
ama（母）,諸鈍,anma（母亲）
ama（母）,小野津,anmaa（母亲）
ama（母）,志戸桶,anmaa（母亲）
ama（母）,阿伝,anmaa（母亲）
ama（母）,湾,anmaa（母亲）
ama（母）,荒木,anmaa（母亲）
ama（母）,上嘉鉄,anmaa（母亲）
ama（母）,茶花,anmaa（母亲）
ama（母）,麦屋東区,anmaa（母亲）
ama（母）,浅間,aama（母亲）
ama（母）,井之川,"ama, aama（母亲）"
ama（母）,沖永良部,"ama, aama（母亲）"
ama（母）,亀津,ama（母亲）
ama（母）,沖永良部国頭,ama（母亲）
ama（母）,手々知名,ama（母亲）
ama（母）,上平川,ama（母亲）
ama（母）,瀬利覚,ama（母亲）
ama（母）,田皆,"ama, amaa（母亲）"
ama（母）,伊平屋田名,anmaa（母亲）
ama（母）,奥,anmaa（母亲）
ama（母）,辺土名,anmaa（母亲）
ama（母）,済井出,anmaa（母亲）
ama（母）,具志堅,anmaa（母亲）
ama（母）,渡久地,anmaa（母亲）
ama（母）,那覇,anmaa（母亲）
ama（母）,今帰仁,amu（母亲）
ama（母）,瀬底,anma（母亲）
ama（母）,伊江島,anma（母亲）
ama（母）,金武,nnma C（母亲）
ama（母）,首里,"anmaa B（平民用，也指与母亲同辈的女性）, ayaa B（士族用，?< *apa），anmee B, cii anmee B, cii an B（乳母）"
ama（母）,佐和田,nma（母亲）
ama（母）,池間,haanma（祖母）
ama（母）,長浜,nma（祖母）
ama（母）,平良,nma（祖母）
ama（母）,石垣,"anma（母亲、姐姐、最小的妹妹、（女）保姆）, ama（最小的姐姐）"
ama（母）,川平,anma（母亲）
ama（母）,竹富,"anma（母亲）, anmaa（最小的姐姐、嫂子）"
ama（母）,鳩間,"anma（母亲、姐姐）, ama（最小的姐姐）"
ama（母）,大浜,anmaa（母亲）
ama（母）,船浮,anmaa（母亲）
ama（母）,小浜,"aama, anni（母亲）, aama（姐姐）"
ama（母）,波照間,ama（母亲、姐姐）
ama（母）,西表祖納,anma（姐姐）
ama（母）,黒島,nnna（姐姐）
ama（母）,西表,"ama（最小的姐姐）, anmaa（最小的姐姐、最小的妹妹）"
ama*（彼処）,小野津,ama
ama*（彼処）,荒木,ama
ama*（彼処）,上嘉鉄,ama
ama*（彼処）,大和浜,ama
ama*（彼処）,湯湾,ama
ama*（彼処）,沖永良部国頭,ama
ama*（彼処）,正名,ama
ama*（彼処）,田皆,ama
ama*（彼処）,麦屋東区,ama
ama*（彼処）,上平川,amaa
ama*（彼処）,混効験集,ama
ama*（彼処）,古沖縄,ama
ama*（彼処）,伊平屋田名,ama
ama*（彼処）,伊江島,ama
ama*（彼処）,具志堅,ama
ama*（彼処）,渡久地,ama
ama*（彼処）,金武,ama A
ama*（彼処）,首里,ama A
ama*（彼処）,今帰仁,amaa
ama*（彼処）,西表古見,aama（也表示时间的遥远）
amasuza*（砂糖黍）,波照間,amasu̥na
amasuza*（砂糖黍）,与那国祖納,amada A
"amadari 1, amadare 2（雨垂）",徳之島,2 amadari
"amadari 1, amadare 2（雨垂）",今帰仁,1 amaadai
"amadari 1, amadare 2（雨垂）",伊江島,1 amidai
"amadari 1, amadare 2（雨垂）",首里,1 amidai B
"amadari 1, amadare 2（雨垂）",金武,1 amadai C
"amadari 1, amadare 2（雨垂）",伊良部,1 amadaï
"amadari 1, amadare 2（雨垂）",石垣,1 amadarï
"amadari 1, amadare 2（雨垂）",竹富,"2 amadari, aãdari, amadai"
"amadari 1, amadare 2（雨垂）",波照間,2 amadari（动词 amadarin（滴落））
amaenoo*（竜巻）,伊良部,amainoo
amaenoo*（竜巻）,与那覇,amainoo
amaenoo*（竜巻）,砂川,"amainau, amainoo"
amaenoo*（竜巻）,水納,amainuu
amaenoo*（竜巻）,池間,amaunau
amaenoo*（竜巻）,国仲,amaɪnau
amaenoo*（竜巻）,狩俣,inoo
amaenoo*（竜巻）,島尻,amainoo
amaenoo*（竜巻）,大浦,amainoo
amaenoo*（竜巻）,久貝,amainoo
amaenoo*（竜巻）,上地,amainou
amaenoo*（竜巻）,来間,amainoo
amaenoo*（竜巻）,保良,amainoo
amaeru（甘）,伊豆大島,amagoeru
amaeru（甘）,新潟頸城,abaeru
amaeru（甘）,富山県,abairu | amae（名词）：abe
amaeru（甘）,飛騨,amageru
amaeru（甘）,和歌山,abaeru
amaeru（甘）,紀州,abaeru
amaeru（甘）,鹿児島,"amai, amayui, amayuQ"
amaeru（甘）,麦屋東区,"amaiyun, amayun"
amaeru（甘）,混効験集,anmairafu
amaeru（甘）,今帰仁,ameerun A
amaeru（甘）,伊江島,ameeyun
amaeru（甘）,首里,ameeyun (ameer-) A（增长）
amaeru（甘）,伊良部,amaiï
amaeru（甘）,与那覇,amai
amaeru（甘）,水納,amai
amaeru（甘）,西表古見,amairun | amae（名词）：amai
amaeru（甘）,波照間,amairun
amaeru（甘）,与那国祖納,amae（名词）：anmai A
amai（甘）,埼玉,amee
amai（甘）,八丈,"amakya, amaQkya"
amai（甘）,奈良田,amai
amai（甘）,静岡県井川,"amai, amee"
amai（甘）,富山県,anmai
amai（甘）,志摩,anmai
amai（甘）,石川,abai
amai（甘）,愛知,amaa
amai（甘）,和歌山県,"aamai, anmai"
amai（甘）,広島県,amiyaa
amai（甘）,伊予,"ama, amaa"
amai（甘）,伊予大三島,amaa
amai（甘）,瀬戸内,"amaa, amee, nmee"
amai（甘）,福岡,amaka
amai（甘）,熊本,amaka
amai（甘）,甑島里,amaka
amai（甘）,鹿児島,"ami, ame"
amai（甘）,肝属内之浦,ame
amai（甘）,大和浜,amasari
amai（甘）,沖永良部国頭,amasan
amai（甘）,玉城,amasan
amai（甘）,仁志,amasan
amai（甘）,赤嶺,amasan
amai（甘）,芦清良,amasan
amai（甘）,上平川,amasa
amai（甘）,田皆,amasa
amai（甘）,麦屋東区,"amasan, amasai"
amai（甘）,混効験集,amasa
amai（甘）,伊江島,amasa
amai（甘）,伊平屋田名,amasan A
amai（甘）,首里,amasan A
amai（甘）,今帰仁,amaasen A
amai（甘）,具志堅,amasen
amai（甘）,渡久地,amasen
amai（甘）,金武,aman A
amai（甘）,川平,amasa
amai（甘）,西表祖納,amai
amai（甘）,波照間,"amahan, amahaan"
amai（甘）,与那国祖納,aman A
amako*（肝）,おもろ,amako
amame（蜚蠊）,八丈,amamime
amame（蜚蠊）,三重県志摩郡,amame
amame（蜚蠊）,宇治山田市,amame
amame（蜚蠊）,奈良県吉野郡,amame
amame（蜚蠊）,和歌山県南部,amame
amame（蜚蠊）,山口県大島,amabe
amame（蜚蠊）,大分県大分市,amame
amame（蜚蠊）,大分県南海部郡,amame
amame（蜚蠊）,宮崎県日向,amame
amame（蜚蠊）,宮崎県都城,amame
amame（蜚蠊）,長崎県,amame
amame（蜚蠊）,熊本県芦北郡,amame
amame（蜚蠊）,熊本県八代郡,amame
amame（蜚蠊）,鹿児島県,amame
amame（蜚蠊）,日置,amami
amame（蜚蠊）,吐噶喇十島,amami
amame（蜚蠊）,薩摩宮之城,amami（海蟑螂）
amame（蜚蠊）,大隅国分,amami（海蟑螂）
amame（蜚蠊）,喜界,amamii
amami（奄美）,大和浜,amami
amami（奄美）,伊平屋,amamii B
amamu*（宿借）,吐噶喇宝島,amamu
amamu*（宿借）,名瀬,"aman, ammaku"
amamu*（宿借）,大和浜,aman
amamu*（宿借）,徳之島,aman
amamu*（宿借）,住用,amamu
amamu*（宿借）,沖永良部,amamu
amamu*（宿借）,小湊,amami
amamu*（宿借）,加計呂麻,"amaami, amyaami"
amamu*（宿借）,麦屋東区,"aman, aaman"
amamu*（宿借）,沖永良部国頭,"amamu, amankui"
amamu*（宿借）,上平川,amamuu
amamu*（宿借）,田皆,amamu（也表示脚踝）
amamu*（宿借）,伊江島,amamu
amamu*（宿借）,今帰仁,amaamu
amamu*（宿借）,首里,aman B
amamu*（宿借）,金武,amamu C
amamu*（宿借）,伊平屋,amamu C
amamu*（宿借）,田名,amamuu
amamu*（宿借）,渡久地,aaman
amamu*（宿借）,長浜,amam
amamu*（宿借）,池間,amam
amamu*（宿借）,平良,amam
amamu*（宿借）,久松,amam
amamu*（宿借）,多良間,amam
amamu*（宿借）,水納,"amam, kuuamam"
amamu*（宿借）,池間西原,aman
amamu*（宿借）,砂川,amam
amamu*（宿借）,与那覇,amam
amamu*（宿借）,石垣,"aaman, aamantsaa"
amamu*（宿借）,八重山新城,amantsaa
amamu*（宿借）,竹富,"amantsa, amantsǝ, ǝntsǝ BC"
amamu*（宿借）,鳩間,amantsa
amamu*（宿借）,黒島,aman
amamu*（宿借）,波照間,aman
amamu*（宿借）,西表,"amoo, amantsa"
amamu*（宿借）,西表古見,amantsaa
amamu*（宿借）,与那国祖納,"amanbu C, amanpu"
amameya*（昔）,おもろ,amamiya
amameya*（昔）,混効験集,amamiya
amamua*（宿借）,小野津,amamaa
amamua*（宿借）,阿伝,amamaa
amamua*（宿借）,荒木,amamaa
amamua*（宿借）,上嘉鉄,amamaa
amamua*（宿借）,島尻郡,amamaa
amamua*（宿借）,小浜,amoma
amamubone*（踝）,伊良部,"amambuni, amamguubuni"
amamubone*（踝）,仲地,amambuni
amamubone*（踝）,狩俣,amambuni
amamubone*（踝）,皆愛,amambuni
amamubone*（踝）,砂川,amambuni
amamubone*（踝）,平良,"amambura, amambuni"
amamubone*（踝）,久松,amanbuni
amamubone*（踝）,田皆,amamu
amamubone*（踝）,池間西原,amambuni
amamubone*（踝）,水納,amanbuni
amamubone*（踝）,与那覇,amambuni
amanohito,八丈,amanohito
amaras-*（余）,伊良部,amarasï
amaras-*（余）,水納,amarasï
amaras-*（余）,波照間,amarasun
amaru（天降）,岐阜県,amaru
amaru（天降）,岡山県,amaru
amaru（天降）,備後,amaru
amaru（天降）,広島県向島,amaru
amaru（天降）,広島県海部郡,amaru
amaru（天降）,香川県,"amaru, amaraQsyaru"
amaru（天降）,徳島県,amaru
amaru（天降）,高知県,amaru
amaru（天降）,高知市,amaru
amaru（天降）,愛媛県,amaru
amaru（天降）,香川県志々島,amaraQsyaru
amaru（天降）,仙台,amaru
amaru（天降）,鳥取県,amaru
amaru（天降）,島根県,amaru（也表示大吼、训斥）
amaru（天降）,大分県,"amaru, amaraQsyaru, amaraQsyareru"
amaru（天降）,大分県大分市,amaQsyaru
amaru（天降）,大分県大分郡,amaQsyaru
amaru（天降）,宮崎市,amaru
amaru（余）,大和浜,"amari, amaruri"
amaru（余）,麦屋東区,amayun
amaru（余）,古沖縄,amaru
amaru（余）,伊江島,amayun
amaru（余）,今帰仁,amaarun B
amaru（余）,首里,amayun (amar-) B
amaru（余）,伊良部,amaï
amaru（余）,与那覇,amaï
amaru（余）,水納,amai
amaru（余）,波照間,amarun
amaru（余）,与那国祖納,amarun (amar-) B
"amari 1, anmari 2（余）",埼玉,anmari
"amari 1, anmari 2（余）",東京,"anmari, anmasi"
"amari 1, anmari 2（余）",千葉,anmari
"amari 1, anmari 2（余）",静岡,"anmasi, anma"
"amari 1, anmari 2（余）",新潟頸城,enma
"amari 1, anmari 2（余）",富山県,anmeri
"amari 1, anmari 2（余）",石川,anmara
"amari 1, anmari 2（余）",岐阜,"anmari, inmari, unmari"
"amari 1, anmari 2（余）",飛騨,"anmari, anma, inmari, unmari"
"amari 1, anmari 2（余）",徳島,anmari
"amari 1, anmari 2（余）",ＮＨＫ（徳島）,anmare
"amari 1, anmari 2（余）",伊予,anmare
"amari 1, anmari 2（余）",愛媛周桑,anmare
"amari 1, anmari 2（余）",福井県大飯郡,amari（醋）
"amari 1, anmari 2（余）",滋賀県蒲生郡,amari（花柳界，醋）
"amari 1, anmari 2（余）",奈良県,amari（醋）
"amari 1, anmari 2（余）",広島県,amari（醋）
"amari 1, anmari 2（余）",走島,amari（醋）
"amari 1, anmari 2（余）",愛媛県宇摩郡,amari（醋）
"amari 1, anmari 2（余）",岩手,anma
"amari 1, anmari 2（余）",秋田,"ammasi, anmari"
"amari 1, anmari 2（余）",仙台,anmasi
"amari 1, anmari 2（余）",福島,anmare
"amari 1, anmari 2（余）",栃木,anmari
"amari 1, anmari 2（余）",鳥取,"anmasi, anmaa"
"amari 1, anmari 2（余）",島根,"anmare, anmasi, anmaa"
"amari 1, anmari 2（余）",福岡,anmari
"amari 1, anmari 2（余）",佐賀,anmai
"amari 1, anmari 2（余）",鹿児島,anmai
"amari 1, anmari 2（余）",宮崎県日向,"amari, aman（醋）"
"amari 1, anmari 2（余）",長崎県五島,amari（醋）
"amari 1, anmari 2（余）",壱岐島,amari（醋）
"amari 1, anmari 2（余）",鹿児島県,aman（醋）
"amari 1, anmari 2（余）",鹿児島県姶良郡,ama（醋）
"amari 1, anmari 2（余）",鹿児島県宝島,amamu（醋）
"amari 1, anmari 2（余）",大和浜,amari
"amari 1, anmari 2（余）",浅間,amai B
"amari 1, anmari 2（余）",麦屋東区,amai C
"amari 1, anmari 2（余）",沖永良部国頭,anmai
"amari 1, anmari 2（余）",おもろ,afare
"amari 1, anmari 2（余）",伊江島,amai
"amari 1, anmari 2（余）",首里,amai B
"amari 1, anmari 2（余）",池間西原,amai C
"amari 1, anmari 2（余）",佐和田,amal
"amari 1, anmari 2（余）",多良間,amal C
"amari 1, anmari 2（余）",仲地,amaï
"amari 1, anmari 2（余）",狩俣,amaï
"amari 1, anmari 2（余）",与那覇,amaï
"amari 1, anmari 2（余）",水納,amaimunu
"amari 1, anmari 2（余）",石垣,amarï BC
"amari 1, anmari 2（余）",竹富,ǝmǝri
"amari 1, anmari 2（余）",西表古見,amari
"amari 1, anmari 2（余）",波照間,amari
"amari 1, anmari 2（余）",与那国,amai
amas-*（編）,伊良部,amasï
amas-*（編）,多良間,amasï
amasu,麦屋東区,amasyun
amasu,今帰仁,amaasun B
amasu,伊江島,amasyun
amasu,首里,amasyun (amas-) B
amasu,水納,amasï
amasu,竹富,ǝǝs-
amasu,鳩間,amasun
amayakasu（甘）,和歌山県,abayakasu
amayakasu（甘）,紀州,abayakasu
amayakasu（甘）,愛媛周桑,amaekasu
amayakasu（甘）,鳥取,"ahaekasu, amaakasu, amayaakasu, amaekasu"
amayakasu（甘）,対馬,amaekasu
amayakasu（甘）,鹿児島,amayakasi̥
amayakasu（甘）,麦屋東区,amayakasyun
amayakasu（甘）,伊良部,amayahasï
amayaras-*（甘）,麦屋東区,amairasyun
amayaras-*（甘）,今帰仁,ameerasun A
amayaras-*（甘）,伊良部,amaarasï
ame（飴）,静岡,"anme, anmee"
ame（飴）,富山県,ami
ame（飴）,大和浜,amï
ame（飴）,古琉球朝鲜语对音,아미사
ame（飴）,今帰仁,amii
ame（飴）,金武,ami A
ame（飴）,首里,ami A
ame（飴）,伊良部,ami
ame（飴）,与那覇,ami
ame（飴）,水納,ami
ame（飴）,石垣,ami
ame（飴）,西表古見,ami
ame（飴）,与那国,ami A
"ame 1, ama- 2（天）",八丈,ama（天井）
"ame 1, ama- 2（天）",田皆,amii
"ame 1, ama- 2（天）",渡久地,amii
"ame 1, ama- 2（天）",与那覇,ami
"ame 1, ama- 2（天）",西表祖納,ami
"ame 1, ama- 2, -same 3（雨）",富山県,ami
"ame 1, ama- 2, -same 3（雨）",石川,anme
"ame 1, ama- 2, -same 3（雨）",伊予,anme
"ame 1, ama- 2, -same 3（雨）",豊後,amen
"ame 1, ama- 2, -same 3（雨）",鹿児島,ami
"ame 1, ama- 2, -same 3（雨）",小野津,amɪ
"ame 1, ama- 2, -same 3（雨）",阿伝,ami
"ame 1, ama- 2, -same 3（雨）",中里,ami
"ame 1, ama- 2, -same 3（雨）",湾,ami
"ame 1, ama- 2, -same 3（雨）",荒木,ami
"ame 1, ama- 2, -same 3（雨）",上嘉鉄,ami
"ame 1, ama- 2, -same 3（雨）",山,ami
"ame 1, ama- 2, -same 3（雨）",沖永良部国頭,ami
"ame 1, ama- 2, -same 3（雨）",手々知名,ami
"ame 1, ama- 2, -same 3（雨）",上城,ami
"ame 1, ama- 2, -same 3（雨）",茶花,ami
"ame 1, ama- 2, -same 3（雨）",麦屋東区,ami
"ame 1, ama- 2, -same 3（雨）",志戸桶,amï
"ame 1, ama- 2, -same 3（雨）",名瀬,amï
"ame 1, ama- 2, -same 3（雨）",大和浜,amï
"ame 1, ama- 2, -same 3（雨）",湯湾,amï
"ame 1, ama- 2, -same 3（雨）",古仁屋,amï
"ame 1, ama- 2, -same 3（雨）",諸鈍,amï
"ame 1, ama- 2, -same 3（雨）",井之川,amï
"ame 1, ama- 2, -same 3（雨）",亀津,amï
"ame 1, ama- 2, -same 3（雨）",松原,amɪɪ
"ame 1, ama- 2, -same 3（雨）",浅間,amïï
"ame 1, ama- 2, -same 3（雨）",上平川,amii
"ame 1, ama- 2, -same 3（雨）",瀬利覚,amii
"ame 1, ama- 2, -same 3（雨）",正名,amii B
"ame 1, ama- 2, -same 3（雨）",古琉球汉语对音,嗑乜
"ame 1, ama- 2, -same 3（雨）",古琉球朝鲜语对音,아믜
"ame 1, ama- 2, -same 3（雨）",古沖縄,ame
"ame 1, ama- 2, -same 3（雨）",伊平屋田名,amii B
"ame 1, ama- 2, -same 3（雨）",今帰仁,amii
"ame 1, ama- 2, -same 3（雨）",具志堅,amii
"ame 1, ama- 2, -same 3（雨）",瀬底,amii
"ame 1, ama- 2, -same 3（雨）",奥,ami
"ame 1, ama- 2, -same 3（雨）",辺土名,ami
"ame 1, ama- 2, -same 3（雨）",済井出,ami
"ame 1, ama- 2, -same 3（雨）",久米謝名堂,ami B
"ame 1, ama- 2, -same 3（雨）",那覇,ami
"ame 1, ama- 2, -same 3（雨）",阿嘉,ami
"ame 1, ama- 2, -same 3（雨）",伊江島,"amii, amïï"
"ame 1, ama- 2, -same 3（雨）",金武,aamii B
"ame 1, ama- 2, -same 3（雨）",首里,"ami B, ama"
"ame 1, ama- 2, -same 3（雨）",池間,ami
"ame 1, ama- 2, -same 3（雨）",西原,ami
"ame 1, ama- 2, -same 3（雨）",大神,ami
"ame 1, ama- 2, -same 3（雨）",大浦,ami
"ame 1, ama- 2, -same 3（雨）",佐良浜,ami
"ame 1, ama- 2, -same 3（雨）",佐和田,ami
"ame 1, ama- 2, -same 3（雨）",長浜,ami
"ame 1, ama- 2, -same 3（雨）",平良,ami
"ame 1, ama- 2, -same 3（雨）",久松,ami
"ame 1, ama- 2, -same 3（雨）",上地,ami
"ame 1, ama- 2, -same 3（雨）",与那覇,ami
"ame 1, ama- 2, -same 3（雨）",砂川,ami
"ame 1, ama- 2, -same 3（雨）",仲筋,ami B
"ame 1, ama- 2, -same 3（雨）",水納,ami
"ame 1, ama- 2, -same 3（雨）",石垣,aami
"ame 1, ama- 2, -same 3（雨）",大浜,aami
"ame 1, ama- 2, -same 3（雨）",川平,aami
"ame 1, ama- 2, -same 3（雨）",小浜,ami
"ame 1, ama- 2, -same 3（雨）",西表祖納,ami
"ame 1, ama- 2, -same 3（雨）",船浮,ami
"ame 1, ama- 2, -same 3（雨）",黒島,ami
"ame 1, ama- 2, -same 3（雨）",鳩間,ami
"ame 1, ama- 2, -same 3（雨）",波照間,ami
"ame 1, ama- 2, -same 3（雨）",与那国祖納,ami B
"ame 1, ama- 2, -same 3（雨）",竹富,ǝmi
amekurai* kurau（虹）,八重山新城,amifai
omeku（喚）,志摩,yomeku
wameku（喚）,富山県,"yameku, bameku"
wameku（喚）,石川,yameku
wameku（喚）,岐阜県大野郡,yameku
wameku（喚）,兵庫県城崎郡,yameku
wameku（喚）,富山県下新川郡,mameku
wameku（喚）,岡山県,mameku
wameku（喚）,飛騨,yameku
wameku（喚）,ＮＨＫ（兵庫）,yameku
wameku（喚）,兵庫県宍粟郡,wameru
wameku（喚）,鳥取,yameku
wameku（喚）,島根,wamiku
wameku（喚）,長浜,bamifu
wameku（喚）,多良間,"bamikii, bankï"
wameku（喚）,平良,bamikï
wameku（喚）,与那覇,bamikï
amenomia*（虹）,与那国祖納,"aminumya B, aminumiya, aminuyaa"
"amiita 1, anda 2, aoda 3（編板）",信濃,aoda
"amiita 1, anda 2, aoda 3（編板）",徳島県三好郡,"anraga（~駕）, anraku"
"amiita 1, anda 2, aoda 3（編板）",島根県,aoda
"amiita 1, anda 2, aoda 3（編板）",島根県出雲市,aoza
"amiita 1, anda 2, aoda 3（編板）",小野津,oodaa
"amiita 1, anda 2, aoda 3（編板）",荒木,oodaa
"amiita 1, anda 2, aoda 3（編板）",徳之島,oodaa
"amiita 1, anda 2, aoda 3（編板）",上嘉鉄,ooda
"amiita 1, anda 2, aoda 3（編板）",沖永良部国頭,ooda
"amiita 1, anda 2, aoda 3（編板）",田皆,ooda
"amiita 1, anda 2, aoda 3（編板）",麦屋東区,ooda
"amiita 1, anda 2, aoda 3（編板）",今帰仁,oodaa
"amiita 1, anda 2, aoda 3（編板）",金武,oodaa
"amiita 1, anda 2, aoda 3（編板）",首里,oodaa B
"amiita 1, anda 2, aoda 3（編板）",渡久地,ooraa
"amiita 1, anda 2, aoda 3（編板）",伊江島,ooda
"amiita 1, anda 2, aoda 3（編板）",池間,auda C
"amiita 1, anda 2, aoda 3（編板）",友利,auda
"amiita 1, anda 2, aoda 3（編板）",宮古新城,auda
"amiita 1, anda 2, aoda 3（編板）",伊良部,oodi
"amiita 1, anda 2, aoda 3（編板）",与那覇,ooda
"amiita 1, anda 2, aoda 3（編板）",皆愛,ooda
"amiita 1, anda 2, aoda 3（編板）",鏡原山中,ooda
"amiita 1, anda 2, aoda 3（編板）",砂川,avda
"amiita 1, anda 2, aoda 3（編板）",水納,"aada, ooda"
"amiita 1, anda 2, aoda 3（編板）",多良間,"auda, ooda C"
"amiita 1, anda 2, aoda 3（編板）",石垣,auda
"amiita 1, anda 2, aoda 3（編板）",川平,auda
"amiita 1, anda 2, aoda 3（編板）",西表古見,auda BC
"amiita 1, anda 2, aoda 3（編板）",鳩間,auda BC
"amiita 1, anda 2, aoda 3（編板）",波照間,onda
"amiita 1, anda 2, aoda 3（編板）",八重山新城下地,auta
"amiita 1, anda 2, aoda 3（編板）",与那国祖納,uda C
amiti*（道）,与那国祖納,amit'i B
"amo 1, omo 2（母）",佐渡,2 umao
"amo 1, omo 2（母）",豊後,2 umo
"amo 1, omo 2（母）",熊本県球磨郡,"1 aboo, aboi"
"amo 1, omo 2（母）",鹿児島,"1 abo, abon"
"amo 1, omo 2（母）",大和浜,1 amusirare
"amo 1, omo 2（母）",奄美大島,1 amu（下流，祖母）
"amo 1, omo 2（母）",諸鈍,1 amu（老年女性）
"amo 1, omo 2（母）",井之川,1 an
"amo 1, omo 2（母）",亀津,1 an（祖母）
"amo 1, omo 2（母）",书面沖縄,1 amu
"amo 1, omo 2（母）",今帰仁,1 amu
"amo 1, omo 2（母）",済井出,1 amu
"amo 1, omo 2（母）",具志堅,1 amu
"amo 1, omo 2（母）",久高,1 amu
"amo 1, omo 2（母）",久米,1 amuu
abo*（母）,西表祖納,abu（祖母）
abo*（母）,鳩間,abu（祖母）
abo*（母）,黒島,abu（祖母）
abo*（母）,与那国,abu（祖母）
abo*（母）,上原,abuu
aboa*（母）,波照間,"aboa, abwa, aba"
abota*（母）,与那国祖納,abut'a C
amoru（天降）,首里,"amori（名词）：amari, ama uri, amori, amoori, amooi B（书面，（天人）从天而降）"
amu（編）,福江,an
amu（編）,鹿児島,an
amu（編）,肝属内之浦,an
amu（編）,名瀬,amyun
amu（編）,浅間,amyun
amu（編）,麦屋東区,amyun
amu（編）,伊平屋田名,amun B
amu（編）,渡久地,amun
amu（編）,那覇,amun
amu（編）,今帰仁,amin (am-) B
amu（編）,伊江島,anyun
amu（編）,池間,am
amu（編）,長浜,am
amu（編）,大神,am
amu（編）,平良,am
amu（編）,与那覇,am
amu（編）,多良間,am
amu（編）,水納,an
amu（編）,石垣,amun
amu（編）,小浜,amun
amu（編）,鳩間,amun
amu（編）,波照間,amun
amu（編）,与那国,amun B
ami（網）,石川,"ame, amu"
ami（網）,福江,an
ami（網）,鹿児島,an
ami（網）,肝属内之浦,an
ami（網）,天草諸島本渡,aami
ami（網）,甑島里,aami
ami（網）,甑島瀬上,aami
ami（網）,小野津,ami
ami（網）,阿伝,ami
ami（網）,荒木,ami
ami（網）,名瀬,ami B
ami（網）,大和浜,ami
ami（網）,徳之島,ami
ami（網）,沖永良部国頭,ami
ami（網）,浅間,amii
ami（網）,亀津,amɪ
ami（網）,上平川,aanii
ami（網）,田皆,aanii
ami（網）,正名,aanii B
ami（網）,麦屋東区,an
ami（網）,伊平屋田名,amii B
ami（網）,今帰仁,amii B
ami（網）,渡久地,amii
ami（網）,伊江島,"ani, anii"
ami（網）,金武,aamii B
ami（網）,首里,ami B
ami（網）,池間,am
ami（網）,長浜,am
ami（網）,伊良部,am
ami（網）,平良,am
ami（網）,与那覇,am
ami（網）,砂川,am
ami（網）,水納,am
ami（網）,大神,an
ami（網）,久松,"am, an"
ami（網）,石垣,an
ami（網）,小浜,an
ami（網）,西表古見,an
ami（網）,西表祖納,an
ami（網）,船浮,an
ami（網）,竹富,an
ami（網）,黒島,an
ami（網）,鳩間,an
ami（網）,波照間,an
ami（網）,白保,an
ami（網）,与那国祖納,an B（也表示蜘蛛巢）
"amu 1, abu 2（虻）",神奈川,abo
"amu 1, abu 2（虻）",静岡,abo
"amu 1, abu 2（虻）",岐阜,abo
"amu 1, abu 2（虻）",志摩,anbu
"amu 1, abu 2（虻）",島原,"aabu, abo"
"amu 1, abu 2（虻）",鹿児島,"aQ, aQbe, bu"
"amu 1, abu 2（虻）",大和浜,abu
"amu 1, abu 2（虻）",伊良部,abu
"amiru* 1, abiru 2（浴）",千葉,aburu
"amiru* 1, abiru 2（浴）",静岡,aberu
"amiru* 1, abiru 2（浴）",新潟頸城,aberu
"amiru* 1, abiru 2（浴）",石川県河原山,aberu
"amiru* 1, abiru 2（浴）",福井,aberu
"amiru* 1, abiru 2（浴）",福井県大野市上打波,aberu
"amiru* 1, abiru 2（浴）",岐阜,aberu
"amiru* 1, abiru 2（浴）",飛騨,aberu
"amiru* 1, abiru 2（浴）",南伊勢,aberu
"amiru* 1, abiru 2（浴）",岡山,aberu
"amiru* 1, abiru 2（浴）",広島県,aberu
"amiru* 1, abiru 2（浴）",長門,aberu
"amiru* 1, abiru 2（浴）",伊予,aberu
"amiru* 1, abiru 2（浴）",愛媛周桑,aberu
"amiru* 1, abiru 2（浴）",大和,ameru
"amiru* 1, abiru 2（浴）",和歌山県,"aberu, aburu"
"amiru* 1, abiru 2（浴）",紀州,aburu
"amiru* 1, abiru 2（浴）",津軽,aburu
"amiru* 1, abiru 2（浴）",仙台,aburu
"amiru* 1, abiru 2（浴）",鳥取,aburu
"amiru* 1, abiru 2（浴）",岩手,aberu
"amiru* 1, abiru 2（浴）",秋田,"apuru, yaburu, aburu"
"amiru* 1, abiru 2（浴）",島根,aberu
"amiru* 1, abiru 2（浴）",鹿児島,"abii, abiQ"
"amiru* 1, abiru 2（浴）",沖永良部国頭,abiyun
"amiru* 1, abiru 2（浴）",麦屋東区,amyun
"amiru* 1, abiru 2（浴）",今帰仁,amiirun
"amiru* 1, abiru 2（浴）",伊江島,amiyun
"amiru* 1, abiru 2（浴）",首里,amiyun (amir-) A
"amiru* 1, abiru 2（浴）",伊良部,amiï
"amiru* 1, abiru 2（浴）",与那覇,ami
"amiru* 1, abiru 2（浴）",水納,ami
"amiru* 1, abiru 2（浴）",石垣,"aamirun, aamin"
"amiru* 1, abiru 2（浴）",鳩間,"amirun, amun"
"amiru* 1, abiru 2（浴）",波照間,amin
"amiru* 1, abiru 2（浴）",与那国祖納,amirun (amir-) A
"amuseru* 1, abuseru 2, abiseru 3（浴）",徳島,abuseru
"amuseru* 1, abuseru 2, abiseru 3（浴）",鹿児島県,aQsQ
ames-*（浴）,麦屋東区,amisyun
ames-*（浴）,今帰仁,amiisun
ames-*（浴）,宮古,"abisu, amisu"
ames-*（浴）,与那覇,amisi
amesimi-*（浴）,伊良部,amisïmiï
amesimi-*（浴）,水納,amisimi
amese-*（浴）,今帰仁,amiisin
amese-*（浴）,伊良部,amisiï
amas-*（浴）,石垣,aamasïn
amas-*（浴）,波照間,amasun
amas-*（浴）,鳩間,amasun
"ananbo 1, ananpo 2（穴）",山梨県,"1 ananboo, ananbosu"
"ananbo 1, ananpo 2（穴）",山梨県南巨摩郡,1 ananboo
"ananbo 1, ananpo 2（穴）",奈良田,1 ananboo
"ananbo 1, ananpo 2（穴）",福井県,1 ananbo
"ananbo 1, ananpo 2（穴）",和歌山県東牟婁郡,1 ananbo
"ananbo 1, ananpo 2（穴）",福井県池田町西角間,2 ananpo
"ananbo 1, ananpo 2（穴）",和歌山県,2 ananpo
"ananbo 1, ananpo 2（穴）",福井県大飯郡,1 ananboko
"ananbo 1, ananpo 2（穴）",香川県,"2 ananpo, ananpotsu"
"ananbo 1, ananpo 2（穴）",波照間,1 anabu（沼泽、贮水池）
"ananbo 1, ananpo 2（穴）",与那国祖納,2 ananp'u B（穴）
ana（穴）,小野津,ana
ana（穴）,阿伝,ana
ana（穴）,荒木,ana
ana（穴）,上嘉鉄,ana
ana（穴）,麦屋東区,ana
ana（穴）,今帰仁,anaa
ana（穴）,伊江島,anaa
ana（穴）,渡久地,anaa
ana（穴）,恩納,aanaa B
ana（穴）,首里,ana B
ana（穴）,池間,ana
ana（穴）,西原,ana
ana（穴）,長浜,ana
ana（穴）,平良,ana
ana（穴）,与那覇,ana
ana（穴）,久松,ana
ana（穴）,砂川,ana
ana（穴）,多良間,ana B
ana（穴）,石垣,aana
ana（穴）,小浜,aana
ana（穴）,西表古見,ana
ana（穴）,西表祖納,ana
ana（穴）,船浮,ana
ana（穴）,黒島,ana
ana（穴）,鳩間,ana
"anadoru 1, anazuru 2（侮）",石川,anazuru
"anadoru 1, anazuru 2（侮）",鹿児島,"anazui, anazuQ"
"anadoru 1, anazuru 2（侮）",波照間,anadorun
anagati（強）,混効験集,"anagadi, anakatisiya"
anagati（強）,首里,anagacisan A（怀念的、回忆起过去想再见面的、因再会而感到高兴的）
aname-*（要求）,与那覇,anami
aname-*（要求）,水納,anami
aname-*（捜）,混効験集,aname
aname-*（捜）,首里,anamiyun (anamir-) B（古）
anata（彼方）,埼玉,anta
anata（彼方）,千葉,anta
anata（彼方）,静岡県井川,anta
anata（彼方）,佐渡,nna
anata（彼方）,石川,anta
anata（彼方）,石川県河原山,anta
anata（彼方）,福井県池田町西角間,anta
anata（彼方）,京都,anta
anata（彼方）,紀州,ante
anata（彼方）,津軽,ada
anata（彼方）,秋田,anda
anata（彼方）,柳川,"anta, anaQcan"
anata（彼方）,豊後,aata
anata（彼方）,ＮＨＫ（長崎）,aata
anata（彼方）,熊本県玉名郡,aata
anata（彼方）,佐賀,anta
anata（彼方）,熊本南部,anta
anata（彼方）,島原,"aata, atan"
anata（彼方）,壱岐,anaca
anata（彼方）,鹿児島,"aga, antaa"
anata（彼方）,伊良部,"agata, aqata"
"anazi 1, anaze 2",八丈,anaze
"anazi 1, anaze 2",大阪府泉南郡,anaze
"anazi 1, anaze 2",兵庫県,anaze
"anazi 1, anaze 2",和歌山県和歌山市,anaze
"anazi 1, anaze 2",和歌山県日高郡,anaze
"anazi 1, anaze 2",岡山県浅口郡,anaze
"anazi 1, anaze 2",香川県大川郡,anaze
"anazi 1, anaze 2",徳島県,anaze
"anazi 1, anaze 2",板野郡,anaze
"anazi 1, anaze 2",愛媛県伊予郡,anaze
"anazi 1, anaze 2",高知県,anaze
"anazi 1, anaze 2",兵庫県赤穂郡,"anazi, anade"
"anazi 1, anaze 2",岡山県,anazi
"anazi 1, anaze 2",広島県,anazi
"anazi 1, anaze 2",山口県,anazi
"anazi 1, anaze 2",香川県,anazi
"anazi 1, anaze 2",愛媛県,anazi
"anazi 1, anaze 2",広島県走島,anazinisi（~西）
"anazi 1, anaze 2",島根県,anazi
"anazi 1, anaze 2",島根県邇摩郡,anaze
"anazi 1, anaze 2",島根県能義郡,anazu
"anazi 1, anaze 2",島根県簸川郡,anazu
"anazi 1, anaze 2",大分県,"anaze, anazi"
"anazi 1, anaze 2",宮崎県北諸県郡,anaze
"anazi 1, anaze 2",宮崎県南那珂郡,anaze
"anazi 1, anaze 2",長崎県,anaze
"anazi 1, anaze 2",熊本県,anaze
"anazi 1, anaze 2",鹿児島県種子島,anaze
"anazi 1, anaze 2",鹿児島県揖宿郡,anaze
"anazi 1, anaze 2",大分市,anade
"anazi 1, anaze 2",鹿児島県硫黄島,anade
"anazi 1, anaze 2",大分県大野郡,anada
"anazi 1, anaze 2",長崎県対馬,anazi
"anazi 1, anaze 2",長崎県伊王島,anazi
"anazi 1, anaze 2",宮崎県東臼杵郡,anazi
"anazi 1, anaze 2",鹿児島県鹿児島郡,anazenisi（~西）
"anazi 1, anaze 2",鹿児島県肝属郡,anazenisi（~西）
antyao*（重曹）,今帰仁,ancoo A
antyao*（重曹）,首里,ancoo A
antyao*（重曹）,伊江島,anco
antyao*（重曹）,伊良部,ansoo
antyao*（重曹）,石垣,antsoo
"ane 1, ne 2（姉）",埼玉,"1 anee, aanne"
"ane 1, ne 2（姉）",千葉,1 anee
"ane 1, ne 2（姉）",山梨,1 anee
"ane 1, ne 2（姉）",奈良田,1 anee
"ane 1, ne 2（姉）",東京,"1 anee, annee"
"ane 1, ne 2（姉）",八丈,"1 anee, inne, innee"
"ane 1, ne 2（姉）",八丈島三根,"1 inne, neiya"
"ane 1, ne 2（姉）",信州,1 aanne
"ane 1, ne 2（姉）",越後,1 aanne
"ane 1, ne 2（姉）",静岡,1 aanne
"ane 1, ne 2（姉）",富山県,1 aane
"ane 1, ne 2（姉）",岐阜,"1 anee, aanne, annee"
"ane 1, ne 2（姉）",愛知,"1 anee, aanne, annee"
"ane 1, ne 2（姉）",飛騨,"1 anee, annee, aunee"
"ane 1, ne 2（姉）",石川,"2 nyaa, nnya"
"ane 1, ne 2（姉）",志摩,2 nne
"ane 1, ne 2（姉）",徳島,"1 aanne, 2 nne"
"ane 1, ne 2（姉）",伊予,"1 aanne, 2 nne"
"ane 1, ne 2（姉）",栃木,"1 aanne, 2 nee"
"ane 1, ne 2（姉）",鳥取,1 anee
"ane 1, ne 2（姉）",島根,1 anee
"ane 1, ne 2（姉）",福岡,1 aanne
"ane 1, ne 2（姉）",佐賀,1 annee
"ane 1, ne 2（姉）",島原,"1 anee, anen, aanne"
"ane 1, ne 2（姉）",鹿児島,"1 anee, annee, aanne, anie, aniyo"
"ane 1, ne 2（姉）",熊本,2 nne
"ane 1, ne 2（姉）",古琉球朝鲜语对音,1 아ᄅᆞᅵ
"ane 1, ne 2（姉）",麦屋東区,1 ani
"ane 1, ne 2（姉）",小野津,2 nee
"ane 1, ne 2（姉）",瀬留,2 nee
"ane 1, ne 2（姉）",湾,2 neesan
"ane 1, ne 2（姉）",荒木,"2 nee, neenee, nenkaa"
"ane 1, ne 2（姉）",上嘉鉄,"2 nee, nenkaa"
"ane 1, ne 2（姉）",大和浜,2 nëësan（借词）
"ane 1, ne 2（姉）",沖永良部国頭,2 nennen
"ane 1, ne 2（姉）",混効験集,1 ane
"ane 1, ne 2（姉）",具志堅,"2 nee, neenee"
"ane 1, ne 2（姉）",渡久地,2 neenee
"ane 1, ne 2（姉）",池間,1 ani
"ane 1, ne 2（姉）",長浜,1 ani
"ane 1, ne 2（姉）",伊良部,1 ani
"ane 1, ne 2（姉）",大神,1 ani
"ane 1, ne 2（姉）",久松,1 ani（母亲）
"ane 1, ne 2（姉）",西表祖納,1 anne
anea*（姉）,沖永良部,aya
anea*（姉）,麦屋東区,annyaa
anea*（姉）,上平川,aya
anea*（姉）,田皆,aya
aneQso*（年上）,伊良部,aniQsu (= anisuza)
aneQso*（年上）,水納,aniQsyu
ani（兄）,埼玉,"anii, annii, ayan, ansan, ansyan"
ani（兄）,東京,anii
ani（兄）,山梨,anii
ani（兄）,奈良田,anii
ani（兄）,伊豆大島,"anii, annii"
ani（兄）,八丈,"inna, ancan"
ani（兄）,静岡,"annii, annya, a.nyaa"
ani（兄）,福井県池田町西角間,ancan
ani（兄）,福井県大野市上打波,"anibo, ancan"
ani（兄）,石川,annya
ani（兄）,徳島,annya
ani（兄）,岐阜,"a.nya, annya"
ani（兄）,愛知,"annia, annii"
ani（兄）,瀬戸内,ane
ani（兄）,岩手,"ana, anaa, anu, anna, a.nya"
ani（兄）,秋田鹿角,"ana, æna"
ani（兄）,茨城,anniyaa
ani（兄）,栃木,"anii, anni, annya, annyoo"
ani（兄）,山形,"aniya, anniya"
ani（兄）,福島,aniya
ani（兄）,鳥取,an
ani（兄）,島根,anii
ani（兄）,熊本,"a.nyu, a.nyo, a.nyoo, aneo, annyo, anniyo, n.nyo"
ani（兄）,鹿児島,"anyo, anyoo"
ani（兄）,肝属内之浦,a.nyan
ani（兄）,甑島,anuu
ani（兄）,甑島里,ansan
ani（兄）,大和浜,anisan（借词）
ani（兄）,石垣,sizya ani
ani（兄）,西表祖納,ancan（借词）
ani（兄）,与那国祖納,anisan（借词）
ni*（兄）,小野津,"nii, qnii"
ni*（兄）,湾,niisan（借词）
ni*（兄）,沖永良部国頭,mii
ni*（兄）,上平川,mii
ni*（兄）,田皆,mii
ni*（兄）,具志堅,miimii
ni*（兄）,渡久地,niinii
ni*（兄）,金武,nnmii B
"anega* 1, anego* 2（姉）",麦屋東区,1 aninka
"anega* 1, anego* 2（姉）",大和浜,2 ago
"anega* 1, anego* 2（姉）",平良,1 anga
"anega* 1, anego* 2（姉）",久松,1 anga
"anega* 1, anego* 2（姉）",与那覇,1 anga
"anega* 1, anego* 2（姉）",砂川,1 anga
"anega* 1, anego* 2（姉）",水納,1 anga
"anega* 1, anego* 2（姉）",多良間,1 anga
anegura*（姉）,首里,angwaa B（平民用）
anmako*（椰子蟹）,沖永良部国頭,"amankui, anma"
anmako*（椰子蟹）,麦屋東区,anmafu
anmako*（椰子蟹）,今帰仁,anmaku
anmako*（椰子蟹）,伊良部,ammaafu
ano*（吾）,沖永良部国頭,an
ano*（吾）,おもろ,an
ano*（吾）,混効験集,an
ano*（吾）,大神,an
ano*（吾）,伊良部,an
ano*（吾）,仲筋,an C
ano*（吾）,水納,"an, anu"
ano*（吾）,与那国祖納,anu C（复数用 ba- < *wa- 系）
anuta*（我達）,多良間,anta
anuta*（我達）,水納,antaa
"anzi 1, anzu 2（按司）",大和浜,azi
"anzi 1, anzu 2（按司）",古琉球汉语对音,安只
"anzi 1, anzu 2（按司）",おもろ,"aci, aji, anzi"
"anzi 1, anzu 2（按司）",今帰仁,azii
"anzi 1, anzu 2（按司）",伊江島,azii
"anzi 1, anzu 2（按司）",渡久地,aziganasii
"anzi 1, anzu 2（按司）",首里,"azi A, anzi A"
"anzi 1, anzu 2（按司）",伊良部,azï
"anzi 1, anzu 2（按司）",水納,azï
"anzi 1, anzu 2（按司）",石垣,azïboonganasï
"anzi 1, anzu 2（按司）",鳩間,aziganasi
"anzi 1, anzu 2（按司）",波照間,azamagu
"anzi 1, anzu 2（按司）",与那国祖納,adi B
ao（青）,壱岐,au
ao（青）,麦屋東区,oo
ao（青）,混効験集,"afu, awo"
ao（青）,今帰仁,oo A
ao（青）,池間,au
ao（青）,長浜,au
ao（青）,国仲,au
ao（青）,来間,au
ao（青）,砂川,au
ao（青）,伊良部,oo
ao（青）,狩俣,oo
ao（青）,平良,oo
ao（青）,久貝,oo
ao（青）,上地,oo
ao（青）,石垣,au
ao（青）,小浜,au
ao（青）,鳩間,au
ao（青）,波照間,"oo, oosi"
ao（青）,与那国,"au, aucici A"
aoiro（青色）,大和浜,ooiru
aoiro（青色）,渡久地,ooruu
aoiro（青色）,首里,"ooruu B（绿色；miz̧iiru, miz̧i iru B（?< 水+色）表示稍浅的蓝色）"
aoiro（青色）,池間,auiru
aoiro（青色）,狩俣,auiru
aoiro（青色）,保良,auiru
aogu（扇）,鹿児島,aoQ
aogu（扇）,麦屋東区,oogyun
aogu（扇）,今帰仁,oozun B
aogu（扇）,伊江島,oozyun
aogu（扇）,首里,oozyun (oog-) B
aogu（扇）,那覇,oozyun
aogu（扇）,伊良部,oov
aogu（扇）,与那覇,oogï
aogu（扇）,水納,oogi
aogu（扇）,石垣,ongun
aogu（扇）,波照間,ongun
aogu（扇）,与那国祖納,uŋun (uŋ-) B
oogi（扇）,富山県,oon
oogi（扇）,福井県大野市上打波,ooŋi
oogi（扇）,山形,ogi
oogi（扇）,大和浜,oogi
oogi（扇）,浅間,oogi C
oogi（扇）,麦屋東区,oogi C
oogi（扇）,沖永良部国頭,oozi
oogi（扇）,古琉球汉语对音,"昂及, 昂季, 枉其, 丫吉, 窩吉"
oogi（扇）,古沖縄,afugi
oogi（扇）,今帰仁,oozi BC
oogi（扇）,伊江島,oozi C
oogi（扇）,金武,oozi C
oogi（扇）,首里,oozi B
oogi（扇）,池間,auzï
oogi（扇）,西原,auzï C
oogi（扇）,長浜,auzï
oogi（扇）,佐和田,auzï
oogi（扇）,仲地,oozï
oogi（扇）,伊良部,oozï
oogi（扇）,平良,oogï
oogi（扇）,皆愛,oogï C
oogi（扇）,多良間,"oogï, augï C"
oogi（扇）,水納,oogi
oogi（扇）,石垣,ongï BC
oogi（扇）,登野城,"oongi, ongï"
oogi（扇）,宮良,oongï
oogi（扇）,西表祖納,ongi
oogi（扇）,黒島,ongi
oogi（扇）,鳩間,ongi
oogi（扇）,竹富,ooni BC
oogi（扇）,波照間,"ongi, on"
oogi（扇）,与那国祖納,un C
aogu（仰）,讚岐,oogu
aoi（葵）,山形,aoen
aoi（青）,埼玉,aee
aoi（青）,八丈,aokya
aoi（青）,静岡,an.oi
aoi（青）,富山県,aboi
aoi（青）,南伊勢,aaoi
aoi（青）,和歌山県,aaoi
aoi（青）,土佐,aaoi
aoi（青）,岩手,"aui, aue"
aoi（青）,秋田,"aue, awe"
aoi（青）,島根,"aue, ae"
aoi（青）,隠岐,awee
aoi（青）,柳川,aoka
aoi（青）,大分,aii
aoi（青）,壱岐,auka
aoi（青）,鹿児島,"ai, aee, ae"
aoi（青）,肝属内之浦,ae
aoi（青）,甑島里,aoka
aoi（青）,志戸桶,oosai
aoi（青）,阿伝,oosai
aoi（青）,名瀬,oosa
aoi（青）,古仁屋,oosa
aoi（青）,手々知名,oosa
aoi（青）,大和浜,oosari
aoi（青）,湯湾,"ausa, oosa"
aoi（青）,諸鈍,oosam A
aoi（青）,徳之島,ausai
aoi（青）,浅間,aoohan
aoi（青）,井之川,aowa
aoi（青）,亀津,auaɪ
aoi（青）,沖永良部国頭,oosan
aoi（青）,和泊,oosan
aoi（青）,玉城,oosan
aoi（青）,仁志,oosan
aoi（青）,後蘭,oosan
aoi（青）,赤嶺,oosan
aoi（青）,瀬利覚,oosan
aoi（青）,茶花,oosan
aoi（青）,麦屋東区,oosan
aoi（青）,芦清良,"oosa, oosan"
aoi（青）,田皆,oosa
aoi（青）,古琉球朝鲜语对音,아오사
aoi（青）,伊平屋田名,ooru
aoi（青）,国頭郡,oosen
aoi（青）,渡久地,oosen
aoi（青）,今帰仁,"oosen A, ooruu（未熟的、未调味的）"
aoi（青）,奥,oohan
aoi（青）,辺土名,oohan
aoi（青）,伊江島,oosa
aoi（青）,具志堅,ooruu
aoi（青）,金武,oosan A
aoi（青）,那覇,oosan
aoi（青）,首里,oosan A
aoi（青）,池間,"aukai, aumunu"
aoi（青）,佐良浜,aukai
aoi（青）,佐和田,au-
aoi（青）,伊良部,"ooham, oomunu"
aoi（青）,大神,"aukaï, aukam"
aoi（青）,島尻,aukan
aoi（青）,大浦,"ookan, oooo"
aoi（青）,平良,ookaï
aoi（青）,久松,"oomunu, oooo"
aoi（青）,与那覇,"oo, oonu"
aoi（青）,多良間,oosyaal
aoi（青）,仲筋,ausaal
aoi（青）,砂川,aumunu
aoi（青）,保良,auau
aoi（青）,水納,"oomunu, oosadu ai"
aoi（青）,石垣,"ausaan, auu-auu"
aoi（青）,大浜,aosan
aoi（青）,川平,"ausan, ausaa, auntaari"
aoi（青）,西表祖納,"oQsa, abossadaru"
aoi（青）,船浮,abo
aoi（青）,竹富,oosan
aoi（青）,黒島,"aohan, auha"
aoi（青）,鳩間,aoon
aoi（青）,波照間,"oohan, ohan"
aoi（青）,白保,ohan
aoi（青）,与那国,aun B
aomu（青）,大和浜,"oomi, oomuri"
aomu（青）,麦屋東区,oomyun
aomu（青）,今帰仁,oomin
aomu（青）,伊良部,oom
aomu（青）,水納,oon
aomu（青）,波照間,oomun
aomukeru（仰向）,岐阜,aamuku | aomuke（名词）：amuki
aomukeru（仰向）,和歌山県,aamuku
aomukeru（仰向）,徳島,"aomuke（名词）：awamuke, oomuke"
aomukeru（仰向）,鳥取,aomuke（名词）：amuke
aonagi*,古仁屋,oonaziri
aonagi*,麦屋東区,oonuzi
aonagi*,伊江島,"oonazi（东）, oonaazi（西）"
aonagi*,久米,"goonazi, gonnazi, goonizi"
aonagi*,伊計,oonagi
aonagi*,池間,tinnu aunazï（天の-）
aonagi*,大神,aunakïpav（~蛇）
aonagi*,狩俣,onaazï
aonagi*,平良,"oonaazï, oonuzïbav（~蛇）"
aonagi*,多良間,oonuzïboo
aonagi*,石垣,aunazï
aonagi*,川平,oonaazi
aonagi*,小浜,aunantsï
aonagi*,竹富,ooraazï
aonagi*,鳩間,aunazi
aonagia*,名瀬,oonagya
aonagia*,大和浜,onagya
aonagia*,徳之島,aunugya
aonagia*,浅間,aunuzya
aonagia*,今帰仁,oonazaa
aonagia*,瀬底,oonagya
aonagia*,久米,oonazyaa
aonagia*,首里,oonazyaa
aonagia*,阿嘉,oonnazyaa
aonagia*,波照間,oonazapaku（~蛇）
aonoku（仰）,埼玉,aanuku
aonoku（仰）,東京,"aanoku, aanuku"
aonoku（仰）,静岡,"aanoku, aanuku"
aonoku（仰）,富山県,"aonoku, ainoku, anoku"
aonoku（仰）,石川,"aonoku, agonoku, aanuku"
aonoku（仰）,岐阜,"anuku, annuku"
aonoku（仰）,飛騨,"aanuku, anuku, annuku, anoku"
aonoku（仰）,愛知,"aanuku, anuku"
aonoku（仰）,大和,ahonuku
aonoku（仰）,和歌山県,aanuku
aonoku（仰）,広島県,aanuku
aonoku（仰）,紀州,aonugu
aonoku（仰）,播磨,"aonoku, aonku"
aonoku（仰）,淡路,anuku
aonoku（仰）,周防大島,anuku
aonoku（仰）,讚岐,"aonoku, aanuku, anuku"
aonoku（仰）,徳島,aonoku
aonoku（仰）,土佐,annoku
aonoku（仰）,伊予,anuku
aonoku（仰）,愛媛周桑,"awanuku, aanuku, anuku"
aonoku（仰）,福岡,aonaku
aonoku（仰）,対馬,aonaku
aonoku（仰）,島原,"aonaku, oonaku, onaku"
aonoku（仰）,壱岐,oonaku
aonoku（仰）,熊本南部,onaku
aonoku（仰）,鹿児島,"onaQ, oneQ"
aoru（煽）,岐阜県飛騨,aburu
aoru（煽）,三重県名賀郡,aburu
aoru（煽）,奈良県南大和,aburu
aoru（煽）,水納,ooi
aosa（石蓴）,新潟県南蒲原郡,awasa
aosa（石蓴）,佐渡,awasa
aosa（石蓴）,紀州,aoso
aosa（石蓴）,長崎,oosa
aosa（石蓴）,小野津,aasaa
aosa（石蓴）,荒木,aasaa
aosa（石蓴）,上嘉鉄,aasaa
aosa（石蓴）,瀬留,osa
aosa（石蓴）,沖永良部国頭,oosa
aosa（石蓴）,上平川,oosa
aosa（石蓴）,麦屋東区,oosa
aosa（石蓴）,田皆,oosanui（~海苔）
aosa（石蓴）,伊平屋,aasa C
aosa（石蓴）,今帰仁,aasa
aosa（石蓴）,首里,aasa B
aosa（石蓴）,渡久地,aasa
aosa（石蓴）,田名,aasaa
aosa（石蓴）,池間,aasa C
aosa（石蓴）,西原,aasa
aosa（石蓴）,伊良部,aasa
aosa（石蓴）,平良,aasa
aosa（石蓴）,久松,aasa
aosa（石蓴）,与那覇,aasa
aosa（石蓴）,多良間,aasa C
aosa（石蓴）,砂川,aasa
aosa（石蓴）,水納,aasa
aosa（石蓴）,石垣,aasa
aosa（石蓴）,川平,aasa
aosa（石蓴）,西表古見,asa
aosa（石蓴）,波照間,asa
aosa（石蓴）,白保,asa
aosa（石蓴）,与那国祖納,asa A
"apa* 1, aba* 2（鰧）",麦屋東区,1 apa
"apa* 1, aba* 2（鰧）",金武,1 aaha C
"apa* 1, aba* 2（鰧）",皆愛,"1 funataapa, funataapaïzu（~魚）"
"apa* 1, aba* 2（鰧）",水納,1 apa
"apa* 1, aba* 2（鰧）",与那覇,2 funataaba
"apa* 1, aba* 2（鰧）",黒島,2 aba
"apa* 1, aba* 2（鰧）",波照間,2 isyaba
ahi,長崎県壱岐島,ahii
ahia*（母体）,今帰仁,hapyaa（母猪）
ahia*（母体）,金武,aha C（产仔的家畜动物）
ahia*（母体）,首里,ahyaa B（母体（不用于表示人）、母猪）
ahia*（母体）,水納,afee（繁殖用）
ahia*（母体）,石垣,ahyaa（繁殖用动物）
ahia*（母体）,西表古見,ahyaa（繁殖用母猪）
ahiaia*（母体豚）,今帰仁,hapyaawaa
ahiaia*（母体豚）,首里,ahyaaqwaa B
ahiaia*（母体豚）,与那覇,ahyaavaa
ahiaia*（母体豚）,水納,afeewaa
ahiaia*（母体豚）,石垣,ahyaaqoo
ahiaia*（母体豚）,川平,ahyaaoo
aQpa（唖）,埼玉県秩父郡,aQpaa
aQpa（唖）,千葉県香取郡,aQpaa
aQpa（唖）,山梨県南巨摩郡,aQpaa
aQpa（唖）,新潟県,aQpa
aQpa（唖）,八丈,"aQpa, aQpame（婴儿）"
aQpa（唖）,新潟県上越市,aQpo
aQpa（唖）,愛媛県喜多郡,aba
aQpa（唖）,兵庫県赤穂郡,"aQpai, aQpee"
aQpa（唖）,岩手県気仙郡,aQpa
aQpa（唖）,宮城県仙台市,aQpa
aQpa（唖）,山形県置賜,aQpa
aQpa（唖）,山形県村山,aQpa
aQpa（唖）,福島県,aQpa
aQpa（唖）,茨城県,aQpa
aQpa（唖）,栃木県,aQpa
aQpa（唖）,栃木県河内郡,aba
aQpa（唖）,島根県隠岐島,"apa, aba, aQpo, aQposan（婴儿）"
aQpa（唖）,島根県隠岐島,apa（小孩）
aQpa（唖）,熊本県芦北郡,aba
aQpa（唖）,熊本県宇土郡,awa
aQpa（唖）,鹿児島県,"aQpa, aba"
aQpa（唖）,鹿児島県硫黄島,apa
aQpa（唖）,熊本県玉名郡,aQposan（婴儿）
"aQpare-* 1, abare- 2（美）",石垣,"1 aQparisyaan, afarisyan"
"aQpare-* 1, abare- 2（美）",川平,1 hḁQparisya
"aQpare-* 1, abare- 2（美）",西表古見,1 aQparihyaa
"aQpare-* 1, abare- 2（美）",波照間,2 abarisyahan
aparage-*（美）,伊良部,aparagikam
aparage-*（美）,与那覇,aparagi
aparage-*（美）,久松,"aparagii, aparagiiaparagi, aparagimunu"
aparage-*（美）,砂川,aparagimunu
aparage-*（美）,水納,aparagisadu ai
aQpa（母）,沖縄,abaa B（姐姐，农村用；首里士族用 nmii，平民用 angwaa）
aQpa（母）,石垣,"aQpa, aQpaa（母亲，打招呼时）, aapa, paa（祖母）, aapaama（*-gama，爱称）（年老的妇女）"
aQpa（母）,宮良,aQpa（祖母）
aQpa（母）,西表古見,aQpa（祖母）
aQpa（母）,鳩間,aQpa（祖母）
aQpa（母）,小浜,"aapa, aafa（祖母）"
aQpa（母）,黒島,paa（祖母）
aQpa（母）,波照間,paa（祖母）
aQpa（母）,西表,aaha（曾祖母）
aQpa（母）,北海道函館,aQpa（母亲）
aQpa（母）,青森県,"aQpa（母亲、妻子、已婚妇女、中年妇女、女仆（年纪大者））, apa（母亲）, aba（母亲、祖母（小儿语））"
aQpa（母）,津軽,"aQpa（已婚妇女、过了婚期的妇女（过了 20 岁但未结婚的女性））, apa（妻子）, aba（年老的妇女，小儿语）"
aQpa（母）,奥州南部,aQpa（已婚妇女）
aQpa（母）,岩手県,"aQpa（母亲、家畜之母）, aba（母亲、妻子）, aha（妻子）"
aQpa（母）,岩手県九戸郡,aQpa（妻子、家畜之母）
aQpa（母）,岩手県和賀郡,"aba（母亲、妻子）, aha（妻子）"
aQpa（母）,秋田県,"aQpa（母亲）, aba（母亲、妻子、叔母、伯母、过了婚期的妇女（30 - 50 岁左右的妇女））, aha（母亲）"
aQpa（母）,秋田県鹿角郡,"aQpa（母亲、妻子、已婚妇女）, apa（妻子）"
aQpa（母）,秋田県平鹿郡,"aha（母亲）, abako（乳母、女仆）"
aQpa（母）,秋田県北秋田郡,aQpa（母亲）
aQpa（母）,秋田県仙北郡,aha（母亲）
aQpa（母）,宮城県仙台市,aQpa（母亲）
aQpa（母）,山形県,"aQpa（母亲）, aba（叔母、伯母、过了婚期的妇女（30 - 50 岁左右的妇女）、年老的妇女（卑称））"
aQpa（母）,山形県置賜,aQpa（母亲）
aQpa（母）,山形県村山郡,"aQpa（母亲）, abatsa（祖母）"
aQpa（母）,山形県山形市,abatsa（祖母）
aQpa（母）,山形県東田川郡,aba（过了婚期的妇女（30 - 50 岁左右的妇女））
aQpa（母）,山形県西田川郡,aba（过了婚期的妇女（30 - 50 岁左右的妇女））
aQpa（母）,山形県庄内,aQpa（从海边来卖鱼的女人）
aQpa（母）,福島県,aQpa（母亲）
aQpa（母）,福島県会津,aQpa（家畜之母）
aQpa（母）,茨城県,aQpa（母亲）
aQpa（母）,栃木県,aQpa（母亲）
aQpa（母）,栃木県河内郡,aba（母亲）
aQpa（母）,新潟県,"aQpa（过了婚期的妇女（过了 20 岁但未结婚的女性））, aba（叔母、伯母、妹妹、次女以下的未婚女儿、过了年纪还留在娘家的女儿、年老的妇女（卑称））, abasan（叔母、伯母、次女、年老的妇女（卑称））, abacan（妹妹）"
aQpa（母）,新潟県佐渡,"aQpa（过了婚期的妇女（过了 20 岁但未结婚的女性））, aba（叔母、伯母、次女以下的未婚女儿、过了年纪还留在娘家的女儿、已婚妇女（中、下流的家的主妇））, abaa（叔母、伯母、年老的妇女）, abasan（已婚妇女（上游居民对住在下游的妇女的称呼）、叔母、伯母、年老的妇女（卑称）、次女）, abayan（已婚妇女）"
aQpa（母）,新潟県中魚沼郡,aba（叔母、伯母）
aQpa（母）,新潟県中頸城郡,abaca（妹妹）
aQpa（母）,新潟県上越市,"abacan, abacansa（次女以下的未婚女儿）"
aQpa（母）,新潟県長岡市,abasa（次女以下的未婚女儿（敬称））
aQpa（母）,新潟県西頸城郡,abacan（叔母、伯母（小儿语））
aQpa（母）,新潟県東蒲原郡,aQpa（家畜之母）
aQpa（母）,新潟県北蒲原郡,aQpa（看小孩的人）
aQpa（母）,新潟県中蒲原郡,abasa（女仆）
aQpa（母）,新潟県岩船郡,aba（母亲）
aQpa（母）,島根県益田市,"aQpa（母亲）, aQpai（乳汁，幼儿语）"
aQpa（母）,島根県簸川郡,aQpai（乳汁（幼儿语））
aQpa（母）,島根県大原郡,aQpai（乳汁（幼儿语））
aQpa（母）,島根県大根島,"aQba（叔母、伯母）, abasan（叔母、伯母）"
aQpa（母）,島根県仁多郡,abasan（叔母、伯母）
aQpa（母）,島根県能義郡,abasan（年老的妇女（未出嫁的年老的妇女））
aQpa（母）,島根県江津市,abasan（已婚妇女）
aQpa（母）,島根県隠岐島,"apa, aba, aQpo, aQposan（婴儿）, apa（小孩）"
aQpa（母）,石川県,aba（母亲）
aQpa（母）,石川県鳳至郡,aba（母亲）
aQpa（母）,石川県江沼郡,aba（母亲）
aQpa（母）,石川県羽咋郡,aba（叔母、伯母）
aQpa（母）,石川県河北郡,"aba（女性，卑称）, abasa（弟媳）"
aQpa（母）,石川県金沢市,aba（女仆（年纪大者））
aQpa（母）,富山県,"aaha（姐姐）, aQpa（母亲）"
aQpa（母）,富山県下新川郡,aaba（妹妹、次女以下的未婚女儿、过了年纪还留在娘家的女儿）
aQpa（母）,富山県西礪波郡,abasa（叔母、伯母）
aQpa（母）,岐阜県大野郡,"abaa（母亲（中流））, aba（母亲）"
aQpa（母）,滋賀県大津市,aba（叔母、伯母）
aQpa（母）,滋賀県彦根,abacan（叔母、伯母（小儿语）、次女以下的未婚女儿（小儿语））
aQpa（母）,滋賀県蒲生郡,abacan（叔母、伯母（小儿语））
aQpa（母）,京都府,"abahan（中年妇女、叔母、伯母）, abacan（叔母、伯母（小儿语））"
aQpa（母）,鳥取県西伯郡,"abayan（已婚妇女（邻居主妇）、中年妇女（邻居主妇））, abasan（叔母、伯母）"
aQpa（母）,鳥取県気高郡,abasan（叔母、伯母）
aQpa（母）,鳥取県岩美郡,abasan（叔母、伯母）
aQpa（母）,岡山県和気郡,aba（叔母、伯母）
aQpa（母）,岡山県阿哲郡,abasan（叔母、伯母）
aQpa（母）,徳島市,aba（叔母、伯母）
aQpa（母）,高知県幡多郡,"aba（叔母、伯母）, abasan（叔母、伯母）"
aQpa（母）,高知県中村市,"abacan（叔母、伯母（敬称））, abahan（叔母、伯母（敬称））"
aQpa（母）,大分県大野郡,abasan（叔母、伯母）
aQpa（母）,熊本県球磨郡,aho（母亲（中流））
aQpa（母）,熊本県芦北郡,aba（母亲）
aQpa（母）,鹿児島県下甑島,aho（母亲）
aQpa（母）,鹿児島県,"aQpa, aba（母亲）"
aQpa（母）,鹿児島県屋久島,aQpaa（母亲）
aQpa（母）,鹿児島県硫黄島,apa（母亲）
aQpa（母）,盛岡,aQpa（乳母）
aQpa（母）,八丈,"aQpa（母亲、排名第五的女儿、幼女）, aQpame（母亲、小孩）"
aQpa（母）,越後,abacan（母亲）
aQpare（天晴）,おもろ,afare
aQpai,土佐幡多,aQpai
aQpai,島根県,"aQpai, aQpii"
aQpai,徳島県,aQpai
aQpai,高知市,aQpai
aQpai,福岡県,aQpai
aQpai,大分市附近,aQpai
aQpai,島根県那賀郡,"aQpee, aQpoi"
aQpai,島根県石見,abai
aQpai,広島県高田郡,aQpii
aQpai,愛媛県,aQpui
aQpai,福岡県久留米市,aQpui
aQpai,福岡県八女郡,aQpui
aQpai,熊本県玉名郡,aQpui
ara（粗）,大和浜,ara
ara（粗）,麦屋東区,ara
ara（粗）,古沖縄,ara
ara（粗）,今帰仁,araa
ara（粗）,首里,"ara A（大粒物、荒凉、粗暴、粗糙）, araa A（混在谷物里的稻谷和其他杂物）"
ara（粗）,伊良部,ara
ara（粗）,石垣,aara
ara（粗）,波照間,ara
ara（新）,混効験集,ara
ara（新）,首里,ara-
ara（新）,与那覇,ara
ara（新）,久松,"araaara, aramunu"
ara（新）,水納,arasadu ai
ara（新）,石垣,araa
ara（新）,与那国,"aran B, ara-"
arakuta*（芥）,水納,arafuta（也表示枯叶）
arakuta*（芥）,多良間,"arafuta A, arifuta A"
arakuta*（芥）,波照間,arufu̥ta
"arabiru 1, arebiru* 2（荒）",岩手県,"adabu, adabo"
"arabiru 1, arebiru* 2（荒）",信州上田,araberu
aragau（争）,岩手,aragoo
aragau（争）,瀬戸内,arigau
aragau（争）,伊良部,aragoo
aragawar-*（競）,首里,"aragaayun (aragaar-) B | 名词：aragaai, aragaaee, aragaa A"
aragae-*（大）,首里,arageeyun (arageer-) A
arai（荒）,淡路,aryaa
arai（荒）,鹿児島,are
arai（荒）,肝属内之浦,are
arai（荒）,埼玉,aree
arai（荒）,柳川,araka
arai（荒）,福井県大野市上打波,arakoi
arai（荒）,奈良田,alai
arai（荒）,甑島里,araka
arai（荒）,大和浜,arasari
arai（荒）,沖永良部国頭,arasan
arai（荒）,玉城,arasan
arai（荒）,芦清良,arasan
arai（荒）,麦屋東区,arasan
arai（荒）,仁志,arasa
arai（荒）,田皆,arasa
arai（荒）,伊平屋田名,arasan A
arai（荒）,首里,arasan A
arai（荒）,今帰仁,araasen A
arai（荒）,渡久地,arasen
arai（荒）,伊江島,arasa
arai（荒）,伊良部,araham
arai（荒）,久松,"araaara, aramunu"
arai（荒）,仲筋,ara- A
arai（荒）,水納,arasadu ai
arai（荒）,石垣,arasaan
arai（荒）,川平,aarïsa
arai（荒）,波照間,arahan
arai（荒）,白保,arahan
arai（荒）,与那国,aragu（很、非常）
arakeru（散）,与那国祖納,adagirun (adagir-) A
arawa*（外）,沖永良部国頭,aroo
arawa*（外）,上平川,aro
arawa*（外）,今帰仁,araa
arawa*（外）,池間,ara C
arawa*（外）,西原,ara
arawa*（外）,長浜,ara
arawa*（外）,平良,ara
arawa*（外）,多良間,ara C
arawa*（外）,与那覇,araa
arawa*（外）,砂川,araa
arawa*（外）,水納,araa
arawa*（外）,石垣,aara
arawa*（外）,八重山新城,aara
arawa*（外）,小浜,ara
arawa*（外）,黒島,ara
arawa*（外）,鳩間,ara
arare（霰）,岩手,"anare, arane, rarane"
arare（霰）,秋田,"anare, arane, aranetsuko"
arare（霰）,山形小国,anare
arare（霰）,新潟頸城,anare
arare（霰）,富山県,"anare, arake, arame, arane"
arare（霰）,石川,"anare, arane"
arare（霰）,鳥取,"arai, arari"
arare（霰）,青森,arane
arare（霰）,津軽,arane
arare（霰）,秋田鹿角,arane
arare（霰）,福島,arane
arare（霰）,富山礪波,arane
arare（霰）,福井,arane
arare（霰）,信州,arane
arare（霰）,信州上田,arane
arare（霰）,島根,arane
arare（霰）,岐阜,arari
arare（霰）,伊賀,arari
arare（霰）,淡路,arari
arare（霰）,播磨,arari
arare（霰）,和歌山,arari
arare（霰）,紀州,arari
arare（霰）,大和浜,ararë
arare（霰）,麦屋東区,arari
arare（霰）,金武,arari C
arare（霰）,伊良部,arari
arare（霰）,石垣,arari
aras-*（有）,古沖縄,arasu
aras-*（有）,今帰仁,araasun
aras-*（有）,伊良部,arasï
arasi（嵐）,淡路,arase
arasi（嵐）,豊後,arase
arasi（嵐）,今帰仁,araasi A
arasi（嵐）,伊江島,arasi
arasi（嵐）,首里,arasi A
arasi（嵐）,水納,arasï
arasi（嵐）,与那国,arasi B
arasou（争）,首里,arasuuyun (arasuur-) B
arasou（争）,伊良部,arasuu
arasu（荒）,麦屋東区,arasyun
arasu（荒）,今帰仁,araasun A
arasu（荒）,伊江島,arasyun
arasu（荒）,首里,arasyun (aras-) A
arasu（荒）,伊良部,arasï
arasu（荒）,水納,arasï
arasu（荒）,石垣,arasïn
arasu（荒）,波照間,arasun
aratamaru（改）,大和浜,"aratamari, aratamaruri"
aratamaru（改）,麦屋東区,aratamayun
aratamaru（改）,今帰仁,araatamaarun B
aratamaru（改）,伊江島,aratamayun
aratamaru（改）,首里,aratamayun (aratamar-) B
aratamaru（改）,伊良部,aratamaï
aratamaru（改）,石垣,aratamarun
aratamaru（改）,鳩間,aratamarun
aratameru（改）,麦屋東区,aratamyun
aratameru（改）,今帰仁,"araatamirun, araatamiirun B"
aratameru（改）,伊江島,aratamiyun
aratameru（改）,首里,aratamiyun (aratamir-) B
aratameru（改）,伊良部,aratamiï
aratameru（改）,石垣,"aratamirun, aratamun"
aratameru（改）,鳩間,"aratamirun, aratamun"
aratameru（改）,波照間,aratḁmirun
arau（洗）,大和浜,arauri
arau（洗）,浅間,aroyun
arau（洗）,沖永良部国頭,aroyun
arau（洗）,田皆,aroi
arau（洗）,麦屋東区,aren
arau（洗）,伊平屋田名,arein A
arau（洗）,今帰仁,aren A
arau（洗）,金武,aren A
arau（洗）,渡久地,arai
arau（洗）,瀬底,arayun
arau（洗）,伊江島,arayun
arau（洗）,首里,arayun (ara-) A
arau（洗）,那覇,arain
arau（洗）,池間,arai
arau（洗）,佐和田,"arau, arazï"
arau（洗）,長浜,arau
arau（洗）,伊良部,"araï, aroo"
arau（洗）,大神,araum
arau（洗）,狩俣,ara-
arau（洗）,平良,aroo
arau（洗）,多良間,aruu
arau（洗）,与那覇,aroo
arau（洗）,水納,aroo
arau（洗）,石垣,aaroon
arau（洗）,小浜,aarafun
arau（洗）,西表祖納,"aaree, aro"
arau（洗）,船浮,arau
arau（洗）,竹富,aron
arau（洗）,黒島,arai
arau（洗）,鳩間,araun
arau（洗）,波照間,arasun
arau（洗）,与那国祖納,arun (ara-) A
arawareru（現）,麦屋東区,arawaryun
arawareru（現）,古沖縄,arafareru
arawareru（現）,今帰仁,araawarirun B
arawareru（現）,首里,arawariyun (arawarir-) B
arawareru（現）,伊良部,arawariï
arawareru（現）,石垣,araarin
arawareru（現）,鳩間,arawarirun
arawareru（現）,波照間,arawarirun
arawas-*（洗）,伊良部,araasï
arawas-*（洗）,水納,araasï
arawas-*（洗）,波照間,arasun（洗）
arawasu（表）,今帰仁,araawasun
arawasu（表）,首里,arawasyun (arawas-) B
arawasu（表）,石垣,araarasïn
are（彼）,千葉,an
are（彼）,埼玉,ara
are（彼）,八丈,ara
are（彼）,東京,ai
are（彼）,奈良田,ale
are（彼）,富山県,ari
are（彼）,岐阜,ari
are（彼）,飛騨,ari
are（彼）,三重県度会郡,ai
are（彼）,紀州,ai
are（彼）,播磨,ai
are（彼）,香川県小豆島,ai
are（彼）,愛媛県,ai
are（彼）,和歌山県,"ai, ae"
are（彼）,福井県大野市上打波,ae
are（彼）,津軽,ae
are（彼）,福島,ai
are（彼）,栃木,araku
are（彼）,茨城,aare
are（彼）,島根,an
are（彼）,島根県隠岐島,ai
are（彼）,福岡,"ari, ai; aredaci, anohitodaci（复数）"
are（彼）,壱岐,ari
are（彼）,佐賀,ai
are（彼）,肝属内之浦,ai
are（彼）,甑島,"ai, aidomo（复数）"
are（彼）,熊本,aru
are（彼）,島原,"ari, ai, aaru, aru, ara"
are（彼）,鹿児島,"ai, ansi"
are（彼）,甑島里,ai
are（彼）,小野津,ari
are（彼）,荒木,ari
are（彼）,上嘉鉄,ari
are（彼）,沖永良部国頭,ari
are（彼）,上平川,ari
are（彼）,田皆,ari
are（彼）,正名,ari
are（彼）,麦屋東区,ari
are（彼）,大和浜,arï
are（彼）,湯湾,arï
are（彼）,浅間,arïï
are（彼）,古琉球朝鲜语对音,아릐
are（彼）,混効験集,are
are（彼）,伊平屋田名,ari A
are（彼）,伊江島,ari
are（彼）,渡久地,ari
are（彼）,金武,ari A
are（彼）,首里,ari A
are（彼）,今帰仁,arii
are（彼）,船浮,ari
are（彼）,与那国,ari
areta*,大和浜,aQta
areta*,浅間,aQtaa
areta*,沖永良部国頭,"aritaa, antaa"
areta*,正名,"arita, anta"
areta*,今帰仁,aritaa
areta*,首里,aQtaa
are（吾）,八丈島末吉,are
are（吾）,八丈島三根,ai
are（吾）,おもろ,are（借词）
areru（荒）,麦屋東区,aryun
areru（荒）,古沖縄,areru
areru（荒）,今帰仁,ariirun A
areru（荒）,伊江島,ariyun
areru（荒）,首里,ariyun (arir-) A
areru（荒）,伊良部,ariï（也表示（孩子或小狗）玩闹、开玩笑、像撒娇般依偎着玩耍）
areru（荒）,与那覇,ari
areru（荒）,石垣,arirun
areru（荒）,波照間,arirun
ari（蟻）,鹿児島,"aazi, aarii, ai, aari"
ari（蟻）,愛知,aari
ari（蟻）,伊賀,ai
ari（蟻）,佐賀,ai
ari（蟻）,伊予大三島,airi
ari（蟻）,和歌山県,asi
ari（蟻）,紀州,asi
ari（蟻）,熊本,"ani, ane, are, an, iyari"
ari（蟻）,広島県,arii
ari（蟻）,豊前,iari
ari（蟻）,宮崎,"iyari, arimage, arima"
ari（蟻）,甑島里,suai
ari（蟻）,八丈島末吉,arime
ari（蟻）,八丈島三根,"ari, arime"
ari（蟻）,福井県池田町西角間,arime
ari（蟻）,小野津,anii
ari（蟻）,湾,anii
ari（蟻）,志戸桶,aanii
ari（蟻）,阿伝,aaĩĩ
ari（蟻）,荒木,ani
ari（蟻）,諸鈍,ani A
ari（蟻）,沖永良部国頭,ani
ari（蟻）,上城,ani
ari（蟻）,上嘉鉄,ai
ari（蟻）,佐仁,an
ari（蟻）,湯湾,an
ari（蟻）,古仁屋,an
ari（蟻）,諸鈍,an
ari（蟻）,与路,an
ari（蟻）,名瀬,ami
ari（蟻）,大和浜,ami
ari（蟻）,山,ami
ari（蟻）,井之川,anï
ari（蟻）,伊仙,ari
ari（蟻）,浅間,"amïï, amii, anzyo"
ari（蟻）,上平川,animusya（~虫-a）
ari（蟻）,田皆,aani
ari（蟻）,奥,ani
ari（蟻）,伊江島,ani
ari（蟻）,今帰仁,ai A
ari（蟻）,金武,ai A
ari（蟻）,首里,ai A
ari（蟻）,平良,aaï
ari（蟻）,与那覇,Qsaï（白蚁，白~）
ari（蟻）,西表古見,arï
ari（蟻）,黒島,arï
ari（蟻）,白保,arï
ari（蟻）,竹富,ǝi A
ari（蟻）,鳩間,aaru
ari（蟻）,波照間,"aari, arï"
ari（蟻）,与那国,t'sai（白蚁，白~）
ariake（有明）,壱岐,ariyake
arigatai（有難）,鳥取,aagatai
arigatai（有難）,鹿児島,aigate
arigatai（有難）,秋田鹿角,aQtae
arigatai（有難）,埼玉,arigatee
arigatai（有難）,大和浜,arigatësari（借词）
arigatai（有難）,麦屋東区,arigatasan（借词）
arigatai（有難）,今帰仁,arigateekutuu（借词）（~事）
arigatai（有難）,首里,arigateekutu B（借词）（~事）
arigatai（有難）,石垣,arigatee（借词）
arigatou（有難）,鳥取,"aagato, aagatoo, arigato"
arigatou（有難）,紀州,"aigato, arigato, arigaQto"
arigatou（有難）,鹿児島,aigato
arigatou（有難）,和歌山県,arigaQto
arigatou（有難）,岩手,"arukado, arekadosan, wariŋadoo"
arigatou（有難）,石川,"angyato, anyato"
arigatou（有難）,北海道,angato
arigatou（有難）,名瀬,arigatesamaryaota（借词）
arikas-*（歩）,麦屋東区,aikasyun
arikas-*（歩）,伊良部,aïkasï
arikas-*（歩）,与那覇,aakasï
arikas-*（歩）,水納,aikasï
arikas-*（歩）,西表祖納,arihasu
"arinoko 1, ariko 2（蟻子）",出雲仁多,1 aago
"arinoko 1, ariko 2（蟻子）",静岡県井川,"1 arinko, arindoo"
"arinoko 1, ariko 2（蟻子）",奈良田,alyindoo
"arinoko 1, ariko 2（蟻子）",鳥取県西伯郡,1 aako
"arinoko 1, ariko 2（蟻子）",島根県出雲,"1 aago, aarigo, aringo（幼儿语）"
"arinoko 1, ariko 2（蟻子）",大分県大野郡,1 arigon
"arinoko 1, ariko 2（蟻子）",山形県最上郡,1 arinko
"arinoko 1, ariko 2（蟻子）",埼玉県秩父郡,1 arinko
"arinoko 1, ariko 2（蟻子）",岐阜県飛騨,1 arinko
"arinoko 1, ariko 2（蟻子）",益田郡,1 arinko
"arinoko 1, ariko 2（蟻子）",愛知県東加茂郡,1 arinko
"arinoko 1, ariko 2（蟻子）",豊橋市,1 arinko
"arinoko 1, ariko 2（蟻子）",兵庫県赤穂郡,"1 arinko, aringo"
"arinoko 1, ariko 2（蟻子）",奈良県宇智郡,1 arinko
"arinoko 1, ariko 2（蟻子）",広島県倉橋島,1 arinko
"arinoko 1, ariko 2（蟻子）",香川県大川郡,1 arinko
"arinoko 1, ariko 2（蟻子）",香川県木田郡,1 arinko
"arinoko 1, ariko 2（蟻子）",愛媛県東部,1 arinko
"arinoko 1, ariko 2（蟻子）",群馬県佐波郡,1 aringo
"arinoko 1, ariko 2（蟻子）",静岡県引佐郡,1 aringo
"arinoko 1, ariko 2（蟻子）",愛知県,1 aringo
"arinoko 1, ariko 2（蟻子）",岡山県,1 aringo
"arinoko 1, ariko 2（蟻子）",広島県,1 aringo
"arinoko 1, ariko 2（蟻子）",香川県,1 aringo
"arinoko 1, ariko 2（蟻子）",熊本県宇土郡,1 aringo
"arinoko 1, ariko 2（蟻子）",神奈川県津久井郡,1 arinkoo
"arinoko 1, ariko 2（蟻子）",新潟県三島郡,1 arugo
"arinoko 1, ariko 2（蟻子）",新潟県刈羽郡,1 arugo
"arinoko 1, ariko 2（蟻子）",愛知県愛知郡,2 oariko
"arinoko 1, ariko 2（蟻子）",麦屋東区,2 anku
"arinoko 1, ariko 2（蟻子）",伊平屋,2 aiko
"arinoko 1, ariko 2（蟻子）",今帰仁,2 aikoo C
"arinoko 1, ariko 2（蟻子）",渡久地,2 aikoo
"arinoko 1, ariko 2（蟻子）",瀬底,2 aikoo
"arinoko 1, ariko 2（蟻子）",金武,2 aikoo B
"arinoko 1, ariko 2（蟻子）",首里,2 aikoo B（小儿语）
aria*（蟻）,首里,ayaa A
aria*（蟻）,石垣,aara A
aria*（蟻）,川平,aara
aria*（蟻）,小浜,aara
aria*（蟻）,西表祖納,aryaa
aria*（蟻）,船浮,aryaa
aria*（蟻）,与那国祖納,aya C
"arozi 1, aruzi 2（主）",鳥取,arozi
"arozi 1, aruzi 2（主）",古沖縄,aruzi
"arozi 1, aruzi 2（主）",伊良部,aruzï
"arozi 1, aruzi 2（主）",水納,aruzï
"arozi 1, aruzi 2（主）",石垣,aruzï
"arozi 1, aruzi 2（主）",小浜,aroontsï
"arozi 1, aruzi 2（主）",黒島,aroozi
aru（有）,鹿児島,ai
aru（有）,飛騨,au
aru（有）,富山県,aQ
aru（有）,鹿児島,aQ
aru（有）,埼玉,araa
aru（有）,東京,an
aru（有）,山口県,aaru
aru（有）,薩摩,yaru
aru（有）,三重県南牟婁郡,yaru
aru（有）,大阪市,yaru（女性语）
aru（有）,和歌山県,yaru
aru（有）,八丈,"ei, ou, arowa, ara"
aru（有）,八丈宇津木,"ai, ou"
aru（有）,奈良田,alu
aru（有）,甑島里,ai
aru（有）,沖永良部国頭,an
aru（有）,田皆,an
aru（有）,麦屋東区,ayun
aru（有）,おもろ,"a-, ar-"
aru（有）,伊平屋,"ain B, an"
aru（有）,田名,ain
aru（有）,瀬底,ain
aru（有）,国頭郡,an
aru（有）,今帰仁,an B
aru（有）,具志堅,an
aru（有）,金武,an C
aru（有）,首里,an B
aru（有）,那覇,an
aru（有）,渡久地,ai
aru（有）,伊江島,"ai（新）, ayun（旧）"
aru（有）,古琉球汉语对音,"ar=i（连用形）：阿立, 阿力, 押里"
aru（有）,古琉球朝鲜语对音,ar=i（连用形）：아리
aru（有）,池間,ai
aru（有）,水納,ai
aru（有）,長浜,al
aru（有）,多良間,al
aru（有）,伊良部,aï
aru（有）,平良,aï
aru（有）,仲地,aï
aru（有）,与那覇,aa
aru（有）,石垣,an
aru（有）,新川,an
aru（有）,黒島,an
aru（有）,鳩間,an
aru（有）,波照間,an
aru（有）,川平,arun
aru（有）,小浜,"arun, an"
aru（有）,西表古見,arun
aru（有）,西表祖納,aru
aru（有）,船浮,arun
aru（有）,竹富,ǝru BC
aru（有）,与那国祖納,an (ar-) C
aru i wa（或）,岩手,ariiwa
aru i wa（或）,瀬戸内,aruhiwa
"aruku 1, ariku 2, arak-* 3（歩）",信州,aaku
"aruku 1, ariku 2, arak-* 3（歩）",鳥取,aaku
"aruku 1, ariku 2, arak-* 3（歩）",島根,aaku
"aruku 1, ariku 2, arak-* 3（歩）",静岡,"aiku, yaaku"
"aruku 1, ariku 2, arak-* 3（歩）",南知多,aiku
"aruku 1, ariku 2, arak-* 3（歩）",NHK（長野）,aiku
"aruku 1, ariku 2, arak-* 3（歩）",岐阜,aiku
"aruku 1, ariku 2, arak-* 3（歩）",NHK（秋田）,aku
"aruku 1, ariku 2, arak-* 3（歩）",秋田鹿角,aku
"aruku 1, ariku 2, arak-* 3（歩）",津軽,agu
"aruku 1, ariku 2, arak-* 3（歩）",秋田,agu
"aruku 1, ariku 2, arak-* 3（歩）",栃木,araku
"aruku 1, ariku 2, arak-* 3（歩）",埼玉,"araku, aariku, ariku, ebu"
"aruku 1, ariku 2, arak-* 3（歩）",富山県,araku
"aruku 1, ariku 2, arak-* 3（歩）",山形,aragu
"aruku 1, ariku 2, arak-* 3（歩）",鹿児島,aruQ
"aruku 1, ariku 2, arak-* 3（歩）",石川,areku
"aruku 1, ariku 2, arak-* 3（歩）",島根,aroku
"aruku 1, ariku 2, arak-* 3（歩）",山梨,yaaku
"aruku 1, ariku 2, arak-* 3（歩）",静岡県井川,aiku
"aruku 1, ariku 2, arak-* 3（歩）",奈良田,aliku
"aruku 1, ariku 2, arak-* 3（歩）",志戸桶,2 aQkyui
"aruku 1, ariku 2, arak-* 3（歩）",阿伝,2 aQcui
"aruku 1, ariku 2, arak-* 3（歩）",名瀬,2 aQkyun
"aruku 1, ariku 2, arak-* 3（歩）",浅間,2 aQkyun
"aruku 1, ariku 2, arak-* 3（歩）",瀬利覚,2 aQkyun
"aruku 1, ariku 2, arak-* 3（歩）",大和浜,"2 aQki, aQkuri"
"aruku 1, ariku 2, arak-* 3（歩）",湯湾,2 aikyun
"aruku 1, ariku 2, arak-* 3（歩）",茶花,2 aikyun
"aruku 1, ariku 2, arak-* 3（歩）",麦屋東区,2 aikyun
"aruku 1, ariku 2, arak-* 3（歩）",古仁屋,"2 arkyum, aQkyum"
"aruku 1, ariku 2, arak-* 3（歩）",諸鈍,2 aQkyum B
"aruku 1, ariku 2, arak-* 3（歩）",井之川,2 aQki
"aruku 1, ariku 2, arak-* 3（歩）",亀津,2 aQki
"aruku 1, ariku 2, arak-* 3（歩）",田皆,2 aQki
"aruku 1, ariku 2, arak-* 3（歩）",沖永良部国頭,2 akyun
"aruku 1, ariku 2, arak-* 3（歩）",手々知名,2 acumu
"aruku 1, ariku 2, arak-* 3（歩）",伊平屋田名,2 aQcun B
"aruku 1, ariku 2, arak-* 3（歩）",辺土名,2 aQkin
"aruku 1, ariku 2, arak-* 3（歩）",済井出,2 aQtsun
"aruku 1, ariku 2, arak-* 3（歩）",今帰仁,2 aQcun (aQk-) B
"aruku 1, ariku 2, arak-* 3（歩）",首里,2 aQcun (aQk-) B
"aruku 1, ariku 2, arak-* 3（歩）",具志堅,2 haQcun
"aruku 1, ariku 2, arak-* 3（歩）",渡久地,2 aQkun
"aruku 1, ariku 2, arak-* 3（歩）",伊江島,2 aicun
"aruku 1, ariku 2, arak-* 3（歩）",金武,2 aQcun C
"aruku 1, ariku 2, arak-* 3（歩）",那覇,2 aQcun
"aruku 1, ariku 2, arak-* 3（歩）",古琉球汉语对音,arik=i（连用形）：亞立其
"aruku 1, ariku 2, arak-* 3（歩）",池間,2 aitsï
"aruku 1, ariku 2, arak-* 3（歩）",佐良浜,2 aitsï
"aruku 1, ariku 2, arak-* 3（歩）",佐和田,"2 arïfu, arïtsï"
"aruku 1, ariku 2, arak-* 3（歩）",長浜,2 arfu
"aruku 1, ariku 2, arak-* 3（歩）",伊良部,2 aïfu
"aruku 1, ariku 2, arak-* 3（歩）",大神,2 aïkï
"aruku 1, ariku 2, arak-* 3（歩）",平良,2 aïkï
"aruku 1, ariku 2, arak-* 3（歩）",上地,2 aïkï
"aruku 1, ariku 2, arak-* 3（歩）",与那覇,2 aakï
"aruku 1, ariku 2, arak-* 3（歩）",久松,2 ask
"aruku 1, ariku 2, arak-* 3（歩）",仲筋,2 arkï
"aruku 1, ariku 2, arak-* 3（歩）",水納,2 aiki
"aruku 1, ariku 2, arak-* 3（歩）",石垣,1 arugun
"aruku 1, ariku 2, arak-* 3（歩）",西表古見,1 arugun
"aruku 1, ariku 2, arak-* 3（歩）",小浜,1 arukun
"aruku 1, ariku 2, arak-* 3（歩）",西表祖納,"1 arufu, arufun"
"aruku 1, ariku 2, arak-* 3（歩）",波照間,1 arugun
"aruku 1, ariku 2, arak-* 3（歩）",西表祖納,2 arifu
"aruku 1, ariku 2, arak-* 3（歩）",与那国祖納,2 aigun (aig-) B
"aruku 1, ariku 2, arak-* 3（歩）",石垣,3 aragun
"aruku 1, ariku 2, arak-* 3（歩）",大浜,3 aragun
"aruku 1, ariku 2, arak-* 3（歩）",川平,"3 arakun, arakïn"
"aruku 1, ariku 2, arak-* 3（歩）",小浜,3 arakï
"aruku 1, ariku 2, arak-* 3（歩）",西表祖納,3 arahi
"aruku 1, ariku 2, arak-* 3（歩）",船浮,3 arafu
"aruku 1, ariku 2, arak-* 3（歩）",竹富,"3 aron, ǝrǝkun"
"aruku 1, ariku 2, arak-* 3（歩）",鳩間,"3 arakun, aakun"
"aruku 1, ariku 2, arak-* 3（歩）",黒島,"3 araku, arakun"
"aruku 1, ariku 2, arak-* 3（歩）",波照間,3 aragun
"aruku 1, ariku 2, arak-* 3（歩）",八重山新城下地,3 aakun
asa（朝）,岐阜,aQsa
asa（朝）,福井県池田町西角間,asama
asa（朝）,奈良田,aθa
asa（朝）,大和浜,asa
asa（朝）,沖永良部国頭,asa
asa（朝）,麦屋東区,asa
asa（朝）,諸鈍,asaa
asa（朝）,上平川,asaa
asa（朝）,おもろ,asatora
asa（朝）,混効験集,asatora
asa（朝）,伊是名,asa
asa（朝）,伊江島,asa
asa（朝）,首里,asa B
asa（朝）,今帰仁,hasaa
asa（朝）,宮古,asa
asa（朝）,石垣,asa
asa（朝）,波照間,asa
asa（朝）,与那国,asa
asa（朝）,川平,hasa
asa（麻）,信州,asya
asa（麻）,宇良,asa
asa（麻）,伊江島,asa
asa（麻）,金武,asa
asa（麻）,首里,asa A
asa（麻）,今帰仁,asaa C
asa（麻）,伊良部,asa
asa（麻）,平良,asa
asa（麻）,石垣,asa（龙舌兰的纤维）
asa（麻）,西表祖納,asa
asa（麻）,与那国,asa A
asa*（父）,砂川,asanma（父母）
asa*（父）,水納,asa（父）
asa*（父）,与那国祖納,asa C（祖父）
asaborake（朝朗）,岡山,asabooke
asagao（朝顔）,新潟頸城,asagawa
asagao（朝顔）,石川,asagawa
asagao（朝顔）,愛知,asagawa
asagao（朝顔）,伊賀,asagawa
asagao（朝顔）,鳥取,asagawa
asagao（朝顔）,島根,asagawa
asagao（朝顔）,福井県大野市上打波,asaŋao
asahi（朝日）,福島,asasi
asai（浅）,淡路,asyaa
asai（浅）,鹿児島,ase
asai（浅）,埼玉,"asɛɛ, asee"
asai（浅）,富山県,aQsai
asai（浅）,岐阜,aQsai
asai（浅）,志摩,aQsai
asai（浅）,肝属内之浦,ase
asai（浅）,甑島里,asaka
asai（浅）,奈良田,aθai
asai（浅）,大和浜,asasari
asai（浅）,麦屋東区,akasan
asai（浅）,沖永良部国頭,"asasan, asasa"
asai（浅）,和泊,asasan
asai（浅）,玉城,asasan
asai（浅）,仁志,asasan
asai（浅）,後蘭,asasan
asai（浅）,赤嶺,asasan
asai（浅）,芦清良,asasan
asai（浅）,田皆,asasa
asai（浅）,伊平屋田名,asahan
asai（浅）,今帰仁,"aQsen A, aQsan A"
asai（浅）,渡久地,asasen
asai（浅）,伊江島,asasa
asai（浅）,首里,"asasan A, aQsan A"
asai（浅）,宮古,asakaï
asai（浅）,伊良部,asaham
asai（浅）,与那覇,asa
asai（浅）,久松,"asaaasa, asamunu"
asai（浅）,水納,asasadu ai
asai（浅）,石垣,asasaan
asai（浅）,新川,asasaan
asai（浅）,川平,hḁsasaa
asai（浅）,波照間,asahan
asai（浅）,与那国祖納,asan A
aQsari,鹿児島,aQsai
asamasii（浅）,大和浜,asamasyari
asamasii（浅）,今帰仁,hasaamasen B
asamasii（浅）,首里,asamasyan A
asamasii（浅）,伊江島,asamasya
asamasii（浅）,石垣,asamasii（连体）
asaru（漁）,鹿児島,"asai, asaQ"
asaru（漁）,大和浜,asaruri
asaru（漁）,麦屋東区,asayun
asaru（漁）,今帰仁,hasaarun B
asaru（漁）,首里,asayun (asar-) B
asaru（漁）,平良,asaï
asaru（漁）,大神,asaï
asaru（漁）,伊良部,asaï
asaru（漁）,長浜,asal
asaru（漁）,池間,asai
asaru（漁）,多良間,asyal
asaru（漁）,石垣,asarun
asaru（漁）,波照間,asarun
asaru（漁）,水納,asyai
asari（浅蜊）,岐阜,asare
asari（浅蜊）,紀州,asyara
asari（浅蜊）,和歌山県,asiyara
asari（浅蜊）,沖永良部国頭,aQsai
asari（浅蜊）,田皆,aasai
asari（浅蜊）,西表古見,asarigu
asasa*（蝉）,混効験集,asasaa
asasa*（蝉）,喜界,asasaa
asasa*（蝉）,久米,asasaa
asasa*（蝉）,国頭郡,asasaa
asasa*（蝉）,首里,"asasaa B（白色羽毛，雄蝉，也称 sirubanii?< 白-羽）, sansanaa B"
asasa*（蝉）,那覇,asasaa
asasa*（蝉）,奄美大島,"asasya, asasa"
asasa*（蝉）,沖永良部,asa
asasa*（蝉）,麦屋東区,"asyasya, syansyan（幼儿语）"
asasa*（蝉）,黒島,asasa
asasa*（蝉）,伊平屋,"asasaa（おおしまぜみ）, asasa C（蝉）"
asasa*（蝉）,田名,asasa
asasa*（蝉）,上嘉鉄,asasa
asasa*（蝉）,小野津,asasaa
asasa*（蝉）,金武,asasa C
asasa*（蝉）,田皆,aasya
asasa*（蝉）,渡久地,asasaa
asasa*（蝉）,沖永良部国頭,asa
"asate 1, asaQte 2, asite* 3, asito* 4（明後日）",鹿児島,"2 asaQce, asaQtee"
"asate 1, asaQte 2, asite* 3, asito* 4（明後日）",八丈宇津木,2 acaQte
"asate 1, asaQte 2, asite* 3, asito* 4（明後日）",奈良田,2 aθaQte
"asate 1, asaQte 2, asite* 3, asito* 4（明後日）",小野津,1 asatɪ
"asate 1, asaQte 2, asite* 3, asito* 4（明後日）",湾,1 asati
"asate 1, asaQte 2, asite* 3, asito* 4（明後日）",荒木,1 asati
"asate 1, asaQte 2, asite* 3, asito* 4（明後日）",上嘉鉄,1 asati
"asate 1, asaQte 2, asite* 3, asito* 4（明後日）",亀津,1 asati B
"asate 1, asaQte 2, asite* 3, asito* 4（明後日）",沖永良部国頭,1 asati
"asate 1, asaQte 2, asite* 3, asito* 4（明後日）",皆川,1 asati C
"asate 1, asaQte 2, asite* 3, asito* 4（明後日）",上平川,1 asati
"asate 1, asaQte 2, asite* 3, asito* 4（明後日）",田皆,1 asati
"asate 1, asaQte 2, asite* 3, asito* 4（明後日）",麦屋東区,1 asati C
"asate 1, asaQte 2, asite* 3, asito* 4（明後日）",浅間,1 asyatïï B
"asate 1, asaQte 2, asite* 3, asito* 4（明後日）",瀬留,2 asaQte
"asate 1, asaQte 2, asite* 3, asito* 4（明後日）",混効験集,1 asate
"asate 1, asaQte 2, asite* 3, asito* 4（明後日）",古沖縄,1 asate
"asate 1, asaQte 2, asite* 3, asito* 4（明後日）",今帰仁,1 hasaati C
"asate 1, asaQte 2, asite* 3, asito* 4（明後日）",渡久地,"1 asaati, asati"
"asate 1, asaQte 2, asite* 3, asito* 4（明後日）",伊江島,1 asati
"asate 1, asaQte 2, asite* 3, asito* 4（明後日）",金武,1 asati C
"asate 1, asaQte 2, asite* 3, asito* 4（明後日）",首里,1 asati B
"asate 1, asaQte 2, asite* 3, asito* 4（明後日）",古琉球朝鲜语对音,2 아삳디
"asate 1, asaQte 2, asite* 3, asito* 4（明後日）",伊平屋田名,1 asaQti C
"asate 1, asaQte 2, asite* 3, asito* 4（明後日）",池間,1 asati
"asate 1, asaQte 2, asite* 3, asito* 4（明後日）",西原,1 asati
"asate 1, asaQte 2, asite* 3, asito* 4（明後日）",与那覇,1 asati
"asate 1, asaQte 2, asite* 3, asito* 4（明後日）",上地,1 asati
"asate 1, asaQte 2, asite* 3, asito* 4（明後日）",伊良部,1 atsasïti
"asate 1, asaQte 2, asite* 3, asito* 4（明後日）",久松,2 asaQtii
"asate 1, asaQte 2, asite* 3, asito* 4（明後日）",平良,3 asïti
"asate 1, asaQte 2, asite* 3, asito* 4（明後日）",砂川,3 asï̥ti
"asate 1, asaQte 2, asite* 3, asito* 4（明後日）",水納,4 asïtu
"asate 1, asaQte 2, asite* 3, asito* 4（明後日）",与那国祖納,"1/2 asat'i C, asaQte"
"asate 1, asaQte 2, asite* 3, asito* 4（明後日）",川平,3 hḁsï̥ti
"asate 1, asaQte 2, asite* 3, asito* 4（明後日）",西表祖納,3 asiti
"asate 1, asaQte 2, asite* 3, asito* 4（明後日）",石垣,4 asïtu
"asate 1, asaQte 2, asite* 3, asito* 4（明後日）",大浜,4 asïtu
"asate 1, asaQte 2, asite* 3, asito* 4（明後日）",平得,4 asïtu
"asate 1, asaQte 2, asite* 3, asito* 4（明後日）",真栄里,4 asïtu
"asate 1, asaQte 2, asite* 3, asito* 4（明後日）",西表古見,4 asïtu
"asate 1, asaQte 2, asite* 3, asito* 4（明後日）",小浜,4 asutu
"asate 1, asaQte 2, asite* 3, asito* 4（明後日）",竹富,4 ǝQtu BC
"asate 1, asaQte 2, asite* 3, asito* 4（明後日）",黒島,"4 asïtu, asitu"
"asate 1, asaQte 2, asite* 3, asito* 4（明後日）",鳩間,4 asitu
"asate 1, asaQte 2, asite* 3, asito* 4（明後日）",白保,4 asitu
asazi（鱖）,筑紫,asazi
asazi（鱖）,熊本県阿蘇郡,asaze
ase（汗）,長崎,asye
ase（汗）,福江,asye
ase（汗）,佐賀,asye
ase（汗）,福岡,asye
ase（汗）,大分,asye
ase（汗）,熊本,asye
ase（汗）,宮崎,asye
ase（汗）,福井県大野市上打波,asye
ase（汗）,奈良田,aθe
ase（汗）,八丈島末吉,ase
ase（汗）,八丈島三根,ase
ase（汗）,小野津,asi
ase（汗）,志戸桶,asi
ase（汗）,阿伝,asi
ase（汗）,湾,asi
ase（汗）,荒木,asi
ase（汗）,亀津,asi
ase（汗）,手々知名,asi
ase（汗）,仁志,asi
ase（汗）,後蘭,asi
ase（汗）,上平川,asi
ase（汗）,芦清良,asi
ase（汗）,正名,asi
ase（汗）,茶花,asi
ase（汗）,麦屋東区,asi
ase（汗）,名瀬,"asï, asye"
ase（汗）,大和浜,asï
ase（汗）,湯湾,asï
ase（汗）,古仁屋,asï
ase（汗）,諸鈍,asï
ase（汗）,井之川,asï
ase（汗）,浅間,asïï
ase（汗）,沖永良部国頭,"asi, aQsii"
ase（汗）,田皆,"asii, aasii"
ase（汗）,古沖縄,asi
ase（汗）,奥,asi
ase（汗）,済井出,asi
ase（汗）,崎本部,asi
ase（汗）,首里,asi B
ase（汗）,那覇,asi
ase（汗）,伊平屋田名,asii
ase（汗）,伊是名,asii
ase（汗）,辺土名,asii
ase（汗）,渡久地,asii
ase（汗）,瀬底,asii
ase（汗）,名護,asii
ase（汗）,恩納,asii
ase（汗）,国頭郡,asɪɪ
ase（汗）,伊江島,aşii
ase（汗）,今帰仁,hasii
ase（汗）,具志堅,hasii
ase（汗）,金武,aasii B
ase（汗）,久高,ar̥i
ase（汗）,佐良浜,asi
ase（汗）,長浜,asi
ase（汗）,大神,asi
ase（汗）,平良,asi
ase（汗）,下里,asi
ase（汗）,大浦,asi
ase（汗）,与那覇,asi
ase（汗）,上地,asi
ase（汗）,砂川,asi
ase（汗）,池間,"asi, asï B"
ase（汗）,仲筋,"asi, asï A"
ase（汗）,水納,"asi, asï A"
ase（汗）,西原,asi̥
ase（汗）,石垣,asi
ase（汗）,大浜,asi
ase（汗）,川平,"asi, hḁsi"
ase（汗）,小浜,"asi, aasi"
ase（汗）,西表祖納,asi
ase（汗）,船浮,asi
ase（汗）,竹富,asi
ase（汗）,黒島,asi
ase（汗）,鳩間,asi
ase（汗）,波照間,asi
ase（汗）,白保,asi
ase（汗）,西表古見,aasi
ase（汗）,与那国祖納,"asi B, aasi"
asegak-*,麦屋東区,asigakyun
asegak-*,今帰仁,hasiigacun A
asegak-*,伊江島,"aşigacun（东）, aseecun"
asegak-*,首里,asigacun (asigak-) A
asegaru（焦）,壱岐,asegaru
asegaru（焦）,久留米,asegaru
aseru（焦）,鹿児島,"asei, aseQ, seQ"
aseru（焦）,神戸,azuru
aseru（焦）,播磨,azuru
aseru（焦）,佐渡,adzuru
aseru（焦）,伊良部,asiï（借词）
asi（葦）,和歌山県,"asie, ase"
"asi 1, asu- 2（足）",山形,"asiya, asiko"
"asi 1, asu- 2（足）",静岡,aQsi
"asi 1, asu- 2（足）",熊本,aQsi
"asi 1, asu- 2（足）",鹿児島,"aQsi, aasi, asy, asu, ahi"
"asi 1, asu- 2（足）",甑島,aasi
"asi 1, asu- 2（足）",長崎県壱岐島,asito
"asi 1, asu- 2（足）",茨城県稲敷郡,yasi
"asi 1, asu- 2（足）",富山,as
"asi 1, asu- 2（足）",頴娃町,asy B
"asi 1, asu- 2（足）",肝属内之浦,ahi̥
"asi 1, asu- 2（足）",八丈島末吉,"asi, aQkee"
"asi 1, asu- 2（足）",八丈島三根,"asi, anahita（~な下）, ahi"
"asi 1, asu- 2（足）",甑島里,aasi
"asi 1, asu- 2（足）",古琉球汉语对音,"亞失, 惡失"
"asi 1, asu- 2（足）",喜界,asi
"asi 1, asu- 2（足）",大和浜,asi
"asi 1, asu- 2（足）",首里,asi B
"asi 1, asu- 2（足）",伊江島,asi
"asi 1, asu- 2（足）",伊良部,asï
"asi 1, asu- 2（足）",石垣,asï
"asi 1, asu- 2（足）",登野城,asï
"asi 1, asu- 2（足）",水納,asï
"asibi 1, asebi 2（馬酔木）",鳥取,"asibu, aseho, asemo, asebu, asebo, asemi"
"asibi 1, asebi 2（馬酔木）",石川,"azida, asuta"
"asibi 1, asebi 2（馬酔木）",島根,"asebi, asebu, asebo"
"asibi 1, asebi 2（馬酔木）",埼玉方言,"asebo, asemi"
"asibi 1, asebi 2（馬酔木）",岐阜,asebo
"asibi 1, asebi 2（馬酔木）",南伊勢,esebi
asida（足駄）,岩手,asita
asida（足駄）,千葉,asita
asida（足駄）,福井,"asita, azita"
asida（足駄）,富山県,asira
asida（足駄）,新潟頸城,"aseda, hasida"
asida（足駄）,越後,hasera
asida（足駄）,八丈,"asido, asidoa"
asida（足駄）,混効験集,asida
asida（足駄）,古沖縄,asida
asida（足駄）,小野津,aQsaa
asida（足駄）,志戸桶,aQsaa
asida（足駄）,坂嶺,aQsaa
asida（足駄）,阿伝,"aQsa, aQsaa"
asida（足駄）,塩道,aQsyaa
asida（足駄）,赤連,"aQsa, aQsaa"
asida（足駄）,中里,aQsa
asida（足駄）,湾,aQsa
asida（足駄）,上嘉鉄,aQsa
asida（足駄）,佐仁,asira
asida（足駄）,笠利,asira
asida（足駄）,平,aQsya
asida（足駄）,芦花部,asizya
asida（足駄）,大和浜,asizya
asida（足駄）,麦屋東区,asizya
asida（足駄）,首里,asizya B（低齿木屐）
asida（足駄）,伊江島,asizya
asida（足駄）,湯湾,asigya
asida（足駄）,国頭郡,asigya
asida（足駄）,諸鈍,asyzyaha
asida（足駄）,浅間,anzya
asida（足駄）,皆川,"asizya, asizyaa"
asida（足駄）,伊良部,"asïza, aQtsa"
asida（足駄）,平良,aQtsa
asida（足駄）,上地,aQca
asida（足駄）,池間,aQca C
asida（足駄）,多良間,"aQca, asïda C"
asida（足駄）,石垣,asïza
asida（足駄）,宮良,asïza
asida（足駄）,竹富,asiza
asida（足駄）,小浜,asïta
asida（足駄）,八重山新城,asïQtsa
asida（足駄）,黒島,"asiQca, asiQtsa"
asida（足駄）,鳩間,"asiQtsa, asiza"
asida（足駄）,波照間,"asïta（旧）, asta, asi̥ta（新）"
asida（足駄）,白保,sizya
asida（足駄）,船浮,asida
asida（足駄）,金武,asizai C
asida（足駄）,沖永良部国頭,asizyaa
asida（足駄）,伊平屋,asiza
asida（足駄）,川平,hatsïza
asida（足駄）,与那国祖納,ac'ida B
asida（足駄）,田名,asizyaa
asida（足駄）,上平川,asizyaa
asida（足駄）,荒木,aQsa
asida（足駄）,池間西原,aQca
asida（足駄）,砂川,aQtsa
asida（足駄）,水納,asida
asida（足駄）,田皆,asizya
asida（足駄）,渡久地,asizya
asida（足駄）,与那覇,aQtsa
asida（足駄）,西表古見,"aQsa, aQsaa"
"asita 1, atya* 2（朝）",富山県,1 asuta
"asita 1, atya* 2（朝）",岐阜,1 aitari
"asita 1, atya* 2（朝）",NHK（岐阜）,1 aQsari
"asita 1, atya* 2（朝）",飛騨,"1 asitari, ahitari"
"asita 1, atya* 2（朝）",志摩,1 aita
"asita 1, atya* 2（朝）",土佐,1 aita
"asita 1, atya* 2（朝）",和歌山県,"1 ahita, aita, aisa"
"asita 1, atya* 2（朝）",岡山,"1 asitari, aQta"
"asita 1, atya* 2（朝）",広島県,"1 ahita, aata"
"asita 1, atya* 2（朝）",長門,1 ahita
"asita 1, atya* 2（朝）",瀬戸内,1 ahita
"asita 1, atya* 2（朝）",伊予,1 ahita
"asita 1, atya* 2（朝）",愛媛周桑,1 ahita
"asita 1, atya* 2（朝）",徳島,1 aQsa
"asita 1, atya* 2（朝）",島根,1 ahita
"asita 1, atya* 2（朝）",佐賀,"1 asicaa, asiteyaa, asitee"
"asita 1, atya* 2（朝）",福江,1 ahita
"asita 1, atya* 2（朝）",熊本,1 ahita
"asita 1, atya* 2（朝）",鹿児島,1 ahita
"asita 1, atya* 2（朝）",上甑島,1 ahita
"asita 1, atya* 2（朝）",肝属内之浦,1 ahi̥ta
"asita 1, atya* 2（朝）",甑島里,1 aicaa
"asita 1, atya* 2（朝）",小野津,2 aca
"asita 1, atya* 2（朝）",志戸桶,2 aca
"asita 1, atya* 2（朝）",阿伝,2 aca
"asita 1, atya* 2（朝）",湾,2 aca
"asita 1, atya* 2（朝）",中里,2 aca
"asita 1, atya* 2（朝）",荒木,2 aca
"asita 1, atya* 2（朝）",上嘉鉄,2 aca
"asita 1, atya* 2（朝）",大和浜,2 aca
"asita 1, atya* 2（朝）",湯湾,2 aca
"asita 1, atya* 2（朝）",古仁屋,2 aca
"asita 1, atya* 2（朝）",諸鈍,2 aca
"asita 1, atya* 2（朝）",井之川,2 aca
"asita 1, atya* 2（朝）",亀津,2 aca
"asita 1, atya* 2（朝）",名瀬,"2 asa, asya"
"asita 1, atya* 2（朝）",浅間,2 acaa
"asita 1, atya* 2（朝）",麦屋東区,2 aQcaa
"asita 1, atya* 2（朝）",茶花,2 aQcaa B
"asita 1, atya* 2（朝）",古沖縄,1 asita
"asita 1, atya* 2（朝）",古琉球汉语对音,2 阿者
"asita 1, atya* 2（朝）",古琉球朝鲜语对音,2 아쟈
"asita 1, atya* 2（朝）",混効験集,2 atiya (?= /aca/)
"asita 1, atya* 2（朝）",伊平屋田名,2 acaa B
"asita 1, atya* 2（朝）",伊江島,2 acaa B
"asita 1, atya* 2（朝）",渡久地,2 acaa
"asita 1, atya* 2（朝）",奥,2 asaa
"asita 1, atya* 2（朝）",辺土名,2 aQcaa
"asita 1, atya* 2（朝）",瀬底,2 aQcaa
"asita 1, atya* 2（朝）",済井出,2 atsa
"asita 1, atya* 2（朝）",今帰仁,2 hacaa
"asita 1, atya* 2（朝）",金武,2 aacaa B
"asita 1, atya* 2（朝）",首里,2 aca B
"asita 1, atya* 2（朝）",那覇,2 aca
"asita 1, atya* 2（朝）",池間西原,2 aca
"asita 1, atya* 2（朝）",佐良浜,2 aca
"asita 1, atya* 2（朝）",上地,"2 aca, asya"
"asita 1, atya* 2（朝）",長浜,2 ata
"asita 1, atya* 2（朝）",大神,2 ata
"asita 1, atya* 2（朝）",狩俣,"2 ata, atsa"
"asita 1, atya* 2（朝）",大浦,"2 ata, atsa"
"asita 1, atya* 2（朝）",平良,2 ata
"asita 1, atya* 2（朝）",仲筋,2 ata B
"asita 1, atya* 2（朝）",水納,2 ata
"asita 1, atya* 2（朝）",久松,2 aQtsaa
"asita 1, atya* 2（朝）",砂川,"2 atsa, atsḁ"
"asita 1, atya* 2（朝）",池間,2 aca
"asita 1, atya* 2（朝）",国仲,2 ata
"asita 1, atya* 2（朝）",伊良部,2 atsa
"asita 1, atya* 2（朝）",島尻,2 ata
"asita 1, atya* 2（朝）",久貝,2 aQtsa
"asita 1, atya* 2（朝）",来間,2 aca
"asita 1, atya* 2（朝）",与那覇,2 atsa
"asita 1, atya* 2（朝）",保良,2 atsa
"asita 1, atya* 2（朝）",石垣,2 aQtsa BC
"asita 1, atya* 2（朝）",黒島,2 aQtsa
"asita 1, atya* 2（朝）",鳩間,"2 aQtsa, atsa"
"asita 1, atya* 2（朝）",大浜,"2 aQcaa, aQtsa"
"asita 1, atya* 2（朝）",川平,2 hḁQtsa
"asita 1, atya* 2（朝）",小浜,2 atsa
"asita 1, atya* 2（朝）",西表古見,2 atsa
"asita 1, atya* 2（朝）",西表祖納,2 atsa
"asita 1, atya* 2（朝）",船浮,2 aca
"asita 1, atya* 2（朝）",竹富,"2 ǝcǝ, aQca BC"
"asita 1, atya* 2（朝）",白保,"2 atsa, aQtsa"
"asita 1, atya* 2（朝）",波照間,"2 aQtsaa, aQtsa"
"asita 1, atya* 2（朝）",与那国祖納,2 at'a C
asitaba（明日葉）,伊豆大島,asitabo
asitaba（明日葉）,八丈,eetaba
asitaba（明日葉）,八丈樫立,yataba
asitaba（明日葉）,八丈中之郷,yataba
asatenoimaatya*（明明後日）,小野津,asatɪnnaacaa
asatenoimaatya*（明明後日）,渡久地,asatinunaaacaa
asatenoimaatya*（明明後日）,首里,"asatinnaaca B, asatinunaaca"
asatenoimaatya*（明明後日）,今帰仁,hasaatinnaacaa
asubas-*（遊）,麦屋東区,asibasyun
asubas-*（遊）,古沖縄,asubasu
asubas-*（遊）,今帰仁,hasiibasun
asubas-*（遊）,伊良部,asïbasï
asubas-*（遊）,水納,asïbasï
asubas-*（遊）,与那覇,aQpasï
"asobu 1, asub-* 2（遊）",土佐,asabu
"asobu 1, asub-* 2（遊）",岩手,"asibu, asubu, aQpu"
"asobu 1, asub-* 2（遊）",山形,"asibu, asubu"
"asobu 1, asub-* 2（遊）",福島,"asibu, asubu"
"asobu 1, asub-* 2（遊）",秋田,"asimbu, asubu"
"asobu 1, asub-* 2（遊）",津軽,asubu
"asobu 1, asub-* 2（遊）",栃木,asubu
"asobu 1, asub-* 2（遊）",埼玉,asubu
"asobu 1, asub-* 2（遊）",千葉,asubu
"asobu 1, asub-* 2（遊）",東京,asubu
"asobu 1, asub-* 2（遊）",神奈川,asubu
"asobu 1, asub-* 2（遊）",新潟頸城,asubu
"asobu 1, asub-* 2（遊）",富山県,asubu
"asobu 1, asub-* 2（遊）",石川,asubu
"asobu 1, asub-* 2（遊）",福井大飯,asubu
"asobu 1, asub-* 2（遊）",信州,asubu
"asobu 1, asub-* 2（遊）",岐阜,asubu
"asobu 1, asub-* 2（遊）",飛騨,asubu
"asobu 1, asub-* 2（遊）",愛知,asubu
"asobu 1, asub-* 2（遊）",静岡,"asubu, anbu"
"asobu 1, asub-* 2（遊）",NHK（静岡）,asubu
"asobu 1, asub-* 2（遊）",伊賀,asubu
"asobu 1, asub-* 2（遊）",京言葉,asubu
"asobu 1, asub-* 2（遊）",大阪,asubu
"asobu 1, asub-* 2（遊）",鳥取,"asubu, ason"
"asobu 1, asub-* 2（遊）",島根,asubu
"asobu 1, asub-* 2（遊）",岡山,asubu
"asobu 1, asub-* 2（遊）",瀬戸内,asubu
"asobu 1, asub-* 2（遊）",福岡,asubu
"asobu 1, asub-* 2（遊）",佐賀,asubu
"asobu 1, asub-* 2（遊）",壱岐,"asubu, aQpuu"
"asobu 1, asub-* 2（遊）",大分,"asubu, azubu"
"asobu 1, asub-* 2（遊）",仙台,"asubu, aQpu"
"asobu 1, asub-* 2（遊）",八丈,asubu
"asobu 1, asub-* 2（遊）",鹿児島,"asoQ, asuQ, anbu"
"asobu 1, asub-* 2（遊）",静岡県井川,anbu
"asobu 1, asub-* 2（遊）",石川県河原山,asubu
"asobu 1, asub-* 2（遊）",福井県大野市上打波,asubu
"asobu 1, asub-* 2（遊）",甑島里,asubu
"asobu 1, asub-* 2（遊）",奈良田,aθobu
"asobu 1, asub-* 2（遊）",肝属内之浦,asuQ
"asobu 1, asub-* 2（遊）",おもろ,asubu
"asobu 1, asub-* 2（遊）",志戸桶,asubyui
"asobu 1, asub-* 2（遊）",阿伝,aQsui
"asobu 1, asub-* 2（遊）",名瀬,asibyun
"asobu 1, asub-* 2（遊）",瀬利覚,asibyun
"asobu 1, asub-* 2（遊）",茶花,asibyun
"asobu 1, asub-* 2（遊）",大和浜,asïburi
"asobu 1, asub-* 2（遊）",湯湾,asubii
"asobu 1, asub-* 2（遊）",古仁屋,aQpyum
"asobu 1, asub-* 2（遊）",諸鈍,aQpyum
"asobu 1, asub-* 2（遊）",浅間,asïbyun
"asobu 1, asub-* 2（遊）",亀津,asɪbi
"asobu 1, asub-* 2（遊）",手々知名,asibimu
"asobu 1, asub-* 2（遊）",伊平屋田名,asibun A
"asobu 1, asub-* 2（遊）",伊平屋,"asibun, asinun"
"asobu 1, asub-* 2（遊）",辺土名,asibin
"asobu 1, asub-* 2（遊）",済井出,asibin
"asobu 1, asub-* 2（遊）",渡久地,asibun
"asobu 1, asub-* 2（遊）",伊江島,"aşidyun, aşidun（新）, aşizyun（新）"
"asobu 1, asub-* 2（遊）",今帰仁,hasiibin A
"asobu 1, asub-* 2（遊）",具志堅,hasiibin
"asobu 1, asub-* 2（遊）",名護,asiwun
"asobu 1, asub-* 2（遊）",那覇,asibun
"asobu 1, asub-* 2（遊）",首里,aşibun (aşib-) A
"asobu 1, asub-* 2（遊）",平良,aïpï
"asobu 1, asub-* 2（遊）",池間,"asïï, asuu B"
"asobu 1, asub-* 2（遊）",佐良浜,asuu
"asobu 1, asub-* 2（遊）",長浜,"asïbï, asuu"
"asobu 1, asub-* 2（遊）",上地,asïpï
"asobu 1, asub-* 2（遊）",仲筋,asïbï
"asobu 1, asub-* 2（遊）",伊良部,asïbïï
"asobu 1, asub-* 2（遊）",大浦,aQpï
"asobu 1, asub-* 2（遊）",与那覇,aQpï
"asobu 1, asub-* 2（遊）",大神,asup
"asobu 1, asub-* 2（遊）",石垣,asabun
"asobu 1, asub-* 2（遊）",大浜,asabun
"asobu 1, asub-* 2（遊）",鳩間,asabun
"asobu 1, asub-* 2（遊）",川平,hasïpun
"asobu 1, asub-* 2（遊）",竹富,ǝsubun
"asobu 1, asub-* 2（遊）",小浜,"asupun, asipun, asïpun, asïbi"
"asobu 1, asub-* 2（遊）",黒島,"asabun, asabi"
"asobu 1, asub-* 2（遊）",波照間,"asupun, asïpun, asubun, anbun"
"asobu 1, asub-* 2（遊）",西表祖納,asipu
"asobu 1, asub-* 2（遊）",西表古見,asï̥pun
"asobu 1, asub-* 2（遊）",与那国祖納,anbun (anb-) A
"asobu 1, asub-* 2（遊）",久松,asps
"asobu 1, asub-* 2（遊）",金武,asubin A
"asobu 1, asub-* 2（遊）",沖永良部国頭,asibin
"asobu 1, asub-* 2（遊）",水納,asïbi
"asobu 1, asub-* 2（遊）",麦屋東区,asibyun
"asobu 1, asub-* 2（遊）",田皆,asibin
"asobu 1, asub-* 2（遊）",古琉球朝鲜语对音,asob-e（命令）：아ᄉᆞᆷ비
asutabi*,古琉球汉语对音,阿舍
asutabi*,古琉球朝鲜语对音,아샤
asutabi*,首里,"aşitabi B, asatabi B (= sansikwan B)"
ata（急）,島根県大根島,aQta
ata（急）,岡山県阿哲郡,aQta
ata（急）,古沖縄,ataa
ata（急）,今帰仁,"ataa-, aQtaa-, aQtani"
ata（急）,首里,"aQta-, aQtani A"
ata（急）,伊江島,aQtani
ata（急）,伊良部,"ata-, aQtan"
ata（急）,石垣,"atadan, ataden（容易的）"
ata（急）,鳩間,aQta
ata（急）,沖永良部国頭,atadani
ata（急）,与那国祖納,at'a C
ata（急）,波照間,"ata, ataasu̥ma（暂时）"
ata（急）,水納,"ataaman, atadama, atabakaai, atee neen"
ata（急）,与那覇,atabakaaï
ata（急）,西表古見,aQtani
atada,筑前,atada
atada,島根県,atada
atada,愛媛県今治市,atada
atada,愛媛県越智郡,atada
atada,福岡県八女郡,atada
atada,長崎県長崎市,atada
atada,五島,atada
atada,熊本県南部,"atada, atade"
atada,大分県,atada
atada,宮崎県東諸県郡,atada
atada,日向,atada
atada,島根県那賀郡,atoda
atada,広島県比婆郡,atoda
atada,島根県邑智郡,atodan
atada,愛媛県,atado
atada,宮崎県日南市,"atade, adade"
atada,鹿児島,"atade, atadei"
atada,熊本県玉名郡,"adade, ataQzya, atazya"
atada,福岡県久留米市,atadee
atada,福岡県浮羽郡,atadee
atada,熊本県阿蘇郡,atadee
atada,熊本県,atazyaa
atada,熊本県下益城郡,atazyaa
atada,福岡県粕屋郡,atadai
atada,福岡県福岡市,atadai
atada,山口県,aada
atada,大洲,atadoni
atada,喜界,"ataada, ata-"
atada,麦屋東区,"atadaman, atadasin"
atabiki*（蛙）,沖永良部国頭,atabici
atabiki*（蛙）,首里,atabici B
atabiki*（蛙）,麦屋東区,atabiku
atabikia*（蛙）,渡久地,"atabicaa, atabiQcaa"
atabikia*（蛙）,沖永良部国頭,atabica
atabikia*（蛙）,伊平屋,atabica C?
atabikia*（蛙）,首里,atabicaa B
atabikia*（蛙）,今帰仁,hataabicaa
atabikia*（蛙）,伊江島,"atadika, ataz̧ika"
atakeru,青森県上北郡,adakeru
atakeru,山形県,"adakeru, adagaru"
atakeru,福島県会津,adakeru
atakeru,浜通,adakeru
atakeru,仙台,adakeru
atakeru,茨城県稲敷郡,adakeru
atakeru,茨城県北相馬郡,adakeru
atakeru,千葉県長生郡,adakeru
atakeru,新潟県佐渡,"adakeru, azyakeru, azake o suru"
atakeru,新潟県東蒲原郡,adakeru
atakeru,富山県,"adakeru, azyakeru"
atakeru,石川県能美郡,adakeru
atakeru,長野県諏訪,adakeru
atakeru,長野県上伊那郡,adakeru
atakeru,島根県美濃郡,adakeru
atakeru,島根県益田市,adakeru
atakeru,静岡県磐田郡,adakeru
atakeru,兵庫県佐用郡,adakeru
atakeru,兵庫県赤穂郡,adakeru
atakeru,奈良県宇陀郡,adakeru
atakeru,秋田県河辺郡,asyakeru
atakeru,石川県江沼郡,azakeru
atakeru,新潟県岩船郡,azyakeru
atakeru,射水郡,azyakeru
atakeru,岐阜県恵那郡,azyakeru
atakeru,島根県,azyakeru
atako*（鵜）,与那国祖納,at'agu C
atama（頭）,和歌山県,ata
atama（頭）,飛騨,adama
atama（頭）,広島県,atamo
atama（頭）,岩手,anma
atama（頭）,大和浜,atama
atama（頭）,首里,atama B
atama（頭）,宮古,atama
atara（可惜）,東京,aQtara
atara（可惜）,富山礪波,aQtara
atara（可惜）,岐阜,aQtara
atara（可惜）,愛知,aQtara
atara（可惜）,志摩,aQtara
atara（可惜）,茨城,oQtara
atarasii（可惜）,今帰仁,hataarasen A
atarasii（可惜）,沖永良部国頭,atarasan
atarasii（可惜）,波照間,atarasan
atarasii（可惜）,赤嶺,atarasyan
atarasii（可惜）,芦清良,atarasyan
atarasii（可惜）,仁志,aQtaramun
atarasii（可惜）,田皆,aQtaramun
atarasii（可惜）,水納,"ataraQsadu ai（重要的）, ataraka（重要）"
atarasii（可惜）,与那覇,atarasï
atarasii（可惜）,西表古見,"aQtarahan, atarahan"
atarasii（可惜）,与那国祖納,at'aru A（连体）
atarasii（可惜）,伊良部,atarakinu（连体）
atarasii（可惜）,首里,atarasan
atarasii（可惜）,混効験集,atarasiya
atarasii（可惜）,鳩間,atarasan
atatakai（暖）,山形,atakoe
atatakai（暖）,岐阜,atatai
atatakai（暖）,飛騨,atatai
atatakai（暖）,南伊勢,atatai
atatakai（暖）,千葉,"aQtaka, aQtakai, aQtakæ, aQtakææ"
atatakai（暖）,埼玉,"aQtakai, aQtakee"
atatakai（暖）,東京,aQtakee
atatakai（暖）,志摩,aQtakee
atatakai（暖）,瀬戸内,aQtakee
atatakai（暖）,伊賀,oQtakae
atatakai（暖）,静岡県井川,aQtakai
ataru（当）,和歌山県,ataro
ataru（当）,大和浜,"atari, ataruri"
ataru（当）,麦屋東区,atayun
ataru（当）,伊江島,atayun
ataru（当）,今帰仁,hataarun A
ataru（当）,首里,atayun (atar-) A
ataru（当）,伊良部,ataï
ataru（当）,石垣,atarun
ataru（当）,久松,ataz
ataru（当）,沖永良部国頭,atayun
ataru（当）,伊平屋,atain
ataru（当）,波照間,atarun
ataru（当）,与那国祖納,at'arun (at'ar-) A
ataru（当）,渡久地,atai
ataru（当）,与那覇,ataï
ataru（当）,西表祖納,ataru
ataru（当）,西表古見,atarun（也表示中毒）
atatamaru（暖）,栃木,aQtamaru
atatamaru（暖）,埼玉,aQtamaru
atatamaru（暖）,千葉,aQtamaru
atatameru（暖）,北海道,aQtameru
atatameru（暖）,埼玉,aQtameru
atatameru（暖）,千葉,aQtameru
atau（能）,広島県,atai（名词）：yatai
atau（能）,水納,atai
ate*（余）,水納,"atidu, atinukutu, ateeda"
ate*（余）,与那覇,"ati, atyaada"
ate*（余）,伊良部,atidu
ate*（姉）,与那国祖納,at'i C
ategau（宛行）,鹿児島,atego
ategau（宛行）,首里,atigayun (atigar-) A
ateru（当）,岩手,yaderu
ateru（当）,鹿児島,"atui, atuQ"
ateru（当）,大和浜,"atï, atïruri"
ateru（当）,麦屋東区,atyun
ateru（当）,今帰仁,hatiirun A | ate（名词）：hatii A
ateru（当）,首里,atiyun (atir-) A | ate（名词）：首里 ati A
ateru（当）,金武,ate（名词）：ati A
ateru（当）,伊江島,atiyun
ateru（当）,伊良部,atiï
ateru（当）,石垣,"atirun, atin"
ateru（当）,久松,atiz
ateru（当）,沖永良部国頭,atiyun
ateru（当）,伊平屋,atin
ateru（当）,与那国祖納,at'irun (at'ir-) A | ate（名词）：at'i A
ateru（当）,水納,ati
ateru（当）,波照間,acirun
"ati 1, aQti 2（彼方）",愛媛周桑,aaci
"ati 1, aQti 2（彼方）",津軽,"azi, adzu"
"ati 1, aQti 2（彼方）",青森,adzu
"ati 1, aQti 2（彼方）",埼玉,"aaQci, aQci"
"ati 1, aQti 2（彼方）",石川,aQci
"ati 1, aQti 2（彼方）",佐賀,aQci
atira（彼方）,東京,aQca
atira（彼方）,東京都青ケ島,aQcan
atira（彼方）,愛知,aQcia
atira（彼方）,石川,aQca
atira（彼方）,飛騨,aQca
atira（彼方）,京言葉,aQca
atira（彼方）,岡山,aQca
atira（彼方）,讚岐,aQca
atira（彼方）,土佐,aQca
atira（彼方）,新潟県佐渡,aQce
atira（彼方）,富山県,"aQtsu, atsura"
atira（彼方）,石川県鳳至郡,aQte
atira（彼方）,石川県羽咋郡,aQte
atira（彼方）,和歌山,aQciya
atira（彼方）,大阪府中河内郡,anca
atira（彼方）,青森,aQca
atira（彼方）,熊本県,aQcan
atia*（父）,浅間,aazya
atia*（父）,沖永良部,aca
atia*（父）,麦屋東区,aca
atia*（父）,今帰仁,aci
atia*（父）,伊良部,asa
atia*（父）,与那国,asa（祖父、长者）
atia*（父）,鳩間,acaa
atia*（父）,宮良,aQca
atia*（父）,沖永良部島国頭,aca
atia*（父）,上平川,aca
atia*（父）,上嘉鉄,azyaa
atia*（父）,小野津,azyaa
atia*（父）,金武,"caacaa B, caaca C"
atia*（父）,沖永良部国頭,aca（古）
atia*（父）,田皆,aca
atia*（父）,船浮,aQcaa
atia*（父）,具志堅,zyaQcaa
ato（後）,弘前,ado
ato（後）,おもろ,ato
ato（後）,名瀬,"ato, atoo A"
ato（後）,麦屋東区,atu
ato（後）,首里,atu B
ato（後）,伊江島,atu
ato（後）,平良,atu
ato（後）,池間,atu
ato（後）,長浜,atu
ato（後）,多良間,atu C
ato（後）,石垣,atu B
ato（後）,鳩間,atu
ato（後）,黒島,"atu, atoora"
ato（後）,波照間,atu
ato（後）,阿嘉,ato
ato（後）,今帰仁,"atoo, aQtoo C, atu-"
ato（後）,具志堅,aQtu
ato（後）,小浜,"andu, atu"
ato（後）,久松,atu
ato（後）,沖永良部国頭,atu
ato（後）,伊平屋田名,atu A
ato（後）,与那国祖納,at'u C
ato（後）,川平,hḁtu
ato（後）,上平川,atu
ato（後）,池間西原,atu
ato（後）,砂川,atu
ato（後）,水納,atu
ato（後）,荒木,atu
ato（後）,上嘉鉄,atu
ato（後）,湾,atu
ato（後）,小野津,atu
ato（後）,渡久地,atu
ato（後）,与那覇,atu
ato（後）,田皆,atu
ato（後）,西表古見,atu
atui（厚）,和歌山県,aatsui
atui（厚）,鳥取,aci
atui（厚）,鹿児島,aci
atui（厚）,隠岐,acii
atui（厚）,千葉,"aQci, aQtsuu, aQtsui"
atui（厚）,愛知,aQtsui
atui（厚）,八丈,atsukya
atui（厚）,柳川,atsuka
atui（厚）,肝属内之浦,aci
atui（厚）,福井県大野市上打波,atsu̥kawa
atui（厚）,甑島里,atsuka
atui（厚）,志戸桶,atsusai
atui（厚）,阿伝,aQtsai
atui（厚）,名瀬,acisa
atui（厚）,湯湾,acisa
atui（厚）,手々知名,acisa
atui（厚）,伊江島,acisya
atui（厚）,大和浜,acisyari
atui（厚）,古仁屋,aQsa
atui（厚）,諸鈍,aQcam A
atui（厚）,浅間,atsïïhan
atui（厚）,井之川,atsïha
atui（厚）,亀津,atsɪaɪ
atui（厚）,瀬利覚,acisan
atui（厚）,茶花,acisan
atui（厚）,那覇,acisan
atui（厚）,辺土名,acihan
atui（厚）,済井出,acihan
atui（厚）,今帰仁,haciisen A
atui（厚）,首里,açisan A
atui（厚）,平良,atïinu
atui（厚）,池間,atsïguukai
atui（厚）,佐良浜,atsïguukai
atui（厚）,佐和田,atsï-
atui（厚）,大神,akïkaï
atui（厚）,石垣,aQtsaan
atui（厚）,大浜,aQtsan
atui（厚）,鳩間,aQtsan
atui（厚）,黒島,aQtsan
atui（厚）,川平,"haQtsan, haQtsaa, aQtsaa"
atui（厚）,竹富,aQtsan
atui（厚）,小浜,aQtsaanu
atui（厚）,西表古見,atsuhaa
atui（厚）,西表祖納,"asisa, asitsaa, asitsai"
atui（厚）,波照間,"atsïhan, atsahan"
atui（厚）,白保,aQtasahan
atui（厚）,金武,acusan A
atui（厚）,伊平屋田名,acisan B
atui（厚）,赤嶺,acisan
atui（厚）,沖永良部国頭,acisan
atui（厚）,芦清良,"acisa, acusan"
atui（厚）,仁志,acisan
atui（厚）,田皆,"atsusa, acisa, aQtsa"
atui（厚）,玉城,acisan
atui（厚）,与那国祖納,aQts'an A
atui（厚）,渡久地,acisanu
atui（熱）,高知,atui
atui（熱）,和歌山県,"aatsui, atsutsui"
atui（熱）,栃木,"azi, azyuu, azui, aQci, acii"
atui（熱）,津軽,aci
atui（熱）,福島,aci
atui（熱）,静岡,"aci, aQtsui"
atui（熱）,鳥取,"aci, atsu, atsuu"
atui（熱）,鹿児島,aci
atui（熱）,埼玉,"acii, aQcii, aQtsu, aQtsui"
atui（熱）,熊本,"acii, atsuka"
atui（熱）,千葉,"atsu, aQtsu"
atui（熱）,信州,atsee
atui（熱）,越後,aQcai
atui（熱）,秋田,aQtsu
atui（熱）,東京,aQtsui
atui（熱）,南伊勢,aQtsui
atui（熱）,島根,aQtsui
atui（熱）,愛知,atsutsui
atui（熱）,岩手,ancii
atui（熱）,山形県南置賜郡,aQce
atui（熱）,庄内,aQce
atui（熱）,福岡,atsuka
atui（熱）,柳川,atsuka
atui（熱）,静岡県井川,"atsui, acii"
atui（熱）,古琉球汉语对音,嗑子撒
atui（熱）,古琉球朝鲜语对音,악사
atui（熱）,志戸桶,"atsusai, atsusan"
atui（熱）,阿伝,atusai
atui（熱）,名瀬,acisa
atui（熱）,大和浜,atsïsari
atui（熱）,湯湾,acisa
atui（熱）,古仁屋,aQta
atui（熱）,諸鈍,aQtam B
atui（熱）,浅間,aQtsïïhan
atui（熱）,井之川,atsïha
atui（熱）,亀津,atsɪaɪ
atui（熱）,徳之島,atsïsai
atui（熱）,手々知名,aQtsa
atui（熱）,瀬利覚,acasan
atui（熱）,茶花,acisan
atui（熱）,那覇,acisan
atui（熱）,今帰仁,hacisen B
atui（熱）,辺土名,acihan
atui（熱）,済井出,acihan
atui（熱）,田嘉里,acihan
atui（熱）,伊江島,açisa
atui（熱）,首里,açisan B
atui（熱）,金武,"acoonu, acoon C"
atui（熱）,平良,atsïkaï
atui（熱）,池間,atsïkai
atui（熱）,佐良浜,atsïkai
atui（熱）,長浜,atsïkam
atui（熱）,大神,akïkaï
atui（熱）,大浦,atsïkan
atui（熱）,上地,atsïmunu
atui（熱）,仲筋,"aQtsaal, atsï- BC"
atui（熱）,水納,"atsï- BC?, aQcadu ai, atsïkookoo, atsïïatsï"
atui（熱）,多良間,aQcaal
atui（熱）,石垣,aQtsaan
atui（熱）,大浜,aQtsan
atui（熱）,鳩間,aQtsan
atui（熱）,黒島,"aQtsan, aQtsanu"
atui（熱）,川平,"haQtsan, atsaa, hḁtsa"
atui（熱）,竹富,ǝtsǝsǝn BC
atui（熱）,小浜,aQtsan
atui（熱）,西表祖納,"asitsa, asitsai"
atui（熱）,波照間,"atsahan, aQtsahaan"
atui（熱）,白保,aQtasahan
atui（熱）,船浮,ahisa
atui（熱）,和泊,asasan
atui（熱）,久松,"atsuatsu, atsumunu"
atui（熱）,沖永良部国頭,acan
atui（熱）,伊平屋田名,acisan A
atui（熱）,与那国祖納,aQts'an C
atui（熱）,赤嶺,acasan
atui（熱）,沖永良部島国頭,acan
atui（熱）,芦清良,acusan
atui（熱）,仁志,aQtsa
atui（熱）,田皆,"atsusa, aQtsa"
atui（熱）,玉城,acisan
atui（熱）,渡久地,acisen
atui（熱）,与那覇,atsï
atukau（扱）,秋田鹿角,azukaruru
atukau（扱）,鹿児島,aQko
atukau（扱）,今帰仁,"hacikaan, hacikeen A"
atukau（扱）,首里,açikayun (açika(r)-) A
atukau（扱）,伊江島,açikayun
atukau（扱）,伊良部,atsïkoo
atukau（扱）,水納,atsïkoo
atukau（扱）,麦屋東区,atsiken
atukau（扱）,与那国祖納,atukai（名词）：ak'ai A
atukau（熱）,首里,açikayun (açika(r)-) A
atukookoo*,首里,açikookoo A
atukookoo*,与那覇,atsïkookoo
atukookoo*,麦屋東区,acikookoo
atumaru（集）,津軽,"azibaru, adzubaru"
atumaru（集）,秋田,"azibaru, ajibaru, adzubaru"
atumaru（集）,岩手,"azubaru, adzubaru"
atumaru（集）,仙台,"atsubaaru, atsuparu"
atumaru（集）,福島,atsubaru
atumaru（集）,栃木,atsubaru
atumaru（集）,信州,atsubaru
atumaru（集）,周防大島,tasumoru
atumaru（集）,仙台,aQpare
atumaru（集）,甑島里,atsumai
atumaru（集）,奈良田,atsubalu
atumaru（集）,大和浜,"atsïmari, atsïmaruri"
atumaru（集）,麦屋東区,acimayun
atumaru（集）,今帰仁,haciman B | atumari（名词）：hacimai B
atumaru（集）,首里,"açimayun, açimain (açimar- B)"
atumaru（集）,伊江島,açimayun
atumaru（集）,伊良部,atsïmaï
atumaru（集）,石垣,"atsïmarun, atsamarun"
atumaru（集）,伊平屋田名,acimain B
atumaru（集）,水納,atsïmai
atumaru（集）,波照間,asu̥marun
atumaru（集）,与那国祖納,ac'imarun (ac'imar-) B
atumaru（集）,西表祖納,"acimari, acimaru"
atumaru（集）,渡久地,acimai
atumeru（集）,津軽,"aziberu, adzuberu"
atumeru（集）,秋田,"azimberu, ajiberu, adzũberu, adzuberu"
atumeru（集）,岩手,"azuberu, adzuberu"
atumeru（集）,仙台,"aQperu, atsuperu"
atumeru（集）,福島,atsuberu
atumeru（集）,栃木,atsuberu
atumeru（集）,埼玉,atsuberu
atumeru（集）,山梨,atsuberu
atumeru（集）,山梨奈良田,atsuberu
atumeru（集）,静岡,atsuberu
atumeru（集）,信州,atsuberu
atumeru（集）,岐阜,atsuberu
atumeru（集）,飛騨,atsuberu
atumeru（集）,淡路,atsuberu
atumeru（集）,島根,atsuberu
atumeru（集）,八丈,atsuberu
atumeru（集）,青森,adzuberu
atumeru（集）,鹿児島,atsumuQ
atumeru（集）,対馬,adomeru
atumeru（集）,石川県河原山,atsuberu
atumeru（集）,福井県大野市上打波,atsuberu
atumeru（集）,甑島里,atsumui
atumeru（集）,奈良田,atsubelu
atumeru（集）,大和浜,"atsïmï, atsïmïruri"
atumeru（集）,諸鈍,atmiyum B
atumeru（集）,麦屋東区,"acimyun, atsimyun"
atumeru（集）,古沖縄,atsumeru
atumeru（集）,今帰仁,hacimin (hacimir-) B
atumeru（集）,首里,"açimiyun (açimir-) B, acimiin (acimir-) B"
atumeru（集）,伊良部,atsïmiï
atumeru（集）,石垣,"atsamirun, atsamin"
atumeru（集）,沖永良部国頭,acimiyun
atumeru（集）,伊平屋田名,acimin
atumeru（集）,波照間,asi̥mirun
atumeru（集）,水納,atsïmi
atumeru（集）,与那国祖納,ac'imirun (ac'imir-) B
atumeru（集）,渡久地,acimin
atumeru（集）,与那覇,atsïmi
atumeru（集）,混効験集,atowe-
atumeru（集）,古琉球汉语对音,atume=te：嗑子密的
atumono（羹）,富山県砺波,atsumon
atur-*（暑）,水納,aQtsï
atur-*（暑）,伊江島,açiyun
atur-*（暑）,伊良部,atsïï
atur-*（暑）,石垣,atsun
atur-*（暑）,首里,açiriyun (açirir-) B
atur-*（暑）,鳥取,"aciroee, atsuroeru"
"aturaeru 1, atoraeru* 2（誂）",千葉,"aQzææru, atsuzææru"
"aturaeru 1, atoraeru* 2（誂）",伊江島,"açireeyun, aQçeyun（新）, aQçiyun（男）"
"aturaeru 1, atoraeru* 2（誂）",今帰仁,hacireerun | aturae（名词）：haciree
"aturaeru 1, atoraeru* 2（誂）",首里,"açireeyun B | aturae（名词）：açiree B, waaçiree B（尊敬）"
"aturaeru 1, atoraeru* 2（誂）",伊良部,aQtsaiï | aturae（名词）：aQtsai
"aturaeru 1, atoraeru* 2（誂）",水納,aQcai
"aturaeru 1, atoraeru* 2（誂）",波照間,acirain
aturas-*（暑）,与那国祖納,ac'iran (ac'iras-) B（也表示让气氛更加热闹）
aturas-*（暑）,波照間,"atsaasun, aQtsasun"
aturas-*（暑）,水納,aQcasï
aturas-*（暑）,麦屋東区,atsirasyun
aturas-*（暑）,与那覇,aQtsasï
aturas-*（暑）,伊良部,aQtsasï
aturas-*（暑）,首里,açirasyun (açiras-) B
aturas-*（暑）,今帰仁,"haciirasun, hacirasun"
aturas-*（暑）,西表古見,aQtsafun
aw-*（喧嘩）,水納,oo
aw-*（喧嘩）,与那覇,oo
aw-*（喧嘩）,西表古見,aun
aw-*（喧嘩）,今帰仁,oorun
aw-*（喧嘩）,首里,ooyun (oor-) B | ai（名词）：oi
aw-*（喧嘩）,伊江島,ooyun
aw-*（喧嘩）,伊良部,"oo | ai（名词）：aï, oo"
aw-*（喧嘩）,石垣,aun | ai（名词）：ai
aw-*（喧嘩）,皆愛,oo
aw-*（喧嘩）,砂川,au
aw-*（喧嘩）,おもろ,ai=te：aote
aw-*（喧嘩）,大浜,au
awas-*（喧嘩）,水納,"aasï, yaasï"
awas-*（喧嘩）,皆愛,aasï
awas-*（喧嘩）,砂川,aasï
awas-*（喧嘩）,伊良部,aasï
ouras-*（喧嘩）,今帰仁,oorasun (< oora-s- < *ap-r-a-s-)
aia*（喧嘩）,渡久地,ooee
aia*（喧嘩）,与那覇,ooyaa
aia*（喧嘩）,麦屋東区,ooyaa
aia*（喧嘩）,伊平屋,owee B?
aia*（喧嘩）,今帰仁,"ooei, ooee"
aia*（喧嘩）,首里,ooee B
aia*（喧嘩）,伊良部,ooyaa
aia*（喧嘩）,皆愛,ooyaa
aia*（喧嘩）,砂川,auyaa
apamia*（喧嘩）,与那覇,oomyaa
apamia*（喧嘩）,皆愛,oomyaa
apamia*（喧嘩）,砂川,aumyaa
apamia*（喧嘩）,水納,oomee
yadoyomi*（喧嘩）,皆愛,"yaduyum, yadiyum"
yadoyomi*（喧嘩）,水納,yaduyun
aoda*（蛙）,石垣,auda
aoda*（蛙）,小浜,auda
aoda*（蛙）,鳩間,auda
aoda*（蛙）,与那国,auda
aoda*（蛙）,西表祖納,abuta
aoda*（蛙）,波照間,"ota, oQta"
aoda*（蛙）,川平,auda
aoda*（蛙）,西表古見,"auda, gankan auda"
au（合）,埼玉,aa
au（合）,岩手,ao
au（合）,富山県,abu
au（合）,甑島里,au
au（合）,石川県河原山,oo
au（合）,おもろ,af-（互相）
au（合）,大和浜,"ooi, oouri"
au（合）,今帰仁,aarun B
au（合）,首里,aayun (aar-) B | ai（名词）：ee B
au（合）,伊江島,aayun
au（合）,伊良部,oo | ai（名词）：ai
au（合）,平良,oo
au（合）,多良間,oo
au（合）,池間,au
au（合）,長浜,au
au（合）,石垣,aun | ai（名词）：ai
au（合）,小浜,aun
au（合）,鳩間,aun
au（合）,与那国,ayun
au（合）,沖永良部国頭,"ooyun, icooyun（行~?）"
au（合）,麦屋東区,"qyen, icen（行~?） | ai（名词）：yee"
au（合）,水納,oo | ai（名词）：ai
au（合）,田皆,ooi
au（合）,与那覇,oo
au（合）,竹富,ǝi BC
au（合）,西表古見,ai
awa（泡）,周防大島,ao
awa（泡）,徳島,ao
awa（泡）,讚岐,"ao, aba"
awa（泡）,島根,aba
awa（泡）,津軽,abu
awa（泡）,秋田,abu
awa（泡）,福岡,awo
awa（泡）,青森,abu
awa（泡）,奈良田,aa
awa（泡）,喜界,aa
awa（泡）,国頭郡,aa
awa（泡）,今帰仁,aa
awa（泡）,首里,aa B
awa（泡）,大神,aa
awa（泡）,黒島,aa
awa（泡）,西表祖納,aa
awa（泡）,諸鈍,oo
awa（泡）,大和浜,oo
awa（泡）,徳之島,oo
awa（泡）,沖永良部,oo
awa（泡）,麦屋東区,oo
awa（泡）,恩納,aawaa B
awa（泡）,平良,awa
awa（泡）,池間,awa
awa（泡）,長浜,awa
awa（泡）,石垣,"aa, aatsïbï（~粒）"
awa（泡）,鳩間,"aatsube, aatsume（~粒）"
awa（泡）,波照間,"an, asïpëë（~粒）"
awa（泡）,与那国,"aa, anbutu B"
awa（泡）,久松,awa
awa（泡）,金武,aawaa B
awa（泡）,沖永良部国頭,oo
awa（泡）,上平川,oo
awa（泡）,小野津,awa
awa（泡）,田皆,oo
awa（粟）,上甑島,aa
awa（粟）,八丈,uaa
awa（粟）,八丈島末吉,aa
awa（粟）,奈良田,aa
awa（粟）,古琉球朝鲜语对音,아와
awa（粟）,中里,oo
awa（粟）,大和浜,oo
awa（粟）,浅間,oo
awa（粟）,井之川,oo
awa（粟）,犬田布,oo
awa（粟）,和泊,oo
awa（粟）,手々知名,oo
awa（粟）,知名,oo
awa（粟）,麦屋東区,oo
awa（粟）,大神,oo
awa（粟）,竹富,oo
awa（粟）,伊津部,o
awa（粟）,名瀬,awa
awa（粟）,佐良浜,awa
awa（粟）,奄美大島,"aa, oo"
awa（粟）,平良,"aa, oo"
awa（粟）,長浜,"aa, oo"
awa（粟）,池間,"aa, oo"
awa（粟）,多良間,"aa, oo"
awa（粟）,小浜,"aa, oo"
awa（粟）,鳩間,"aa, oo"
awa（粟）,黒島,"aa, oo"
awa（粟）,西表祖納,"aa, oo"
awa（粟）,辺野喜,aa
awa（粟）,大宜味,aa
awa（粟）,謝名,aa
awa（粟）,久志,aa
awa（粟）,恩納,aa
awa（粟）,伊良部,aa
awa（粟）,諸鈍,oo
awa（粟）,古沖縄,afa
awa（粟）,今帰仁,awaa
awa（粟）,瀬底,awaa
awa（粟）,伊江島,awaa
awa（粟）,首里,awa B
awa（粟）,石垣,"aa, awa"
awa（粟）,竹富,a
awa（粟）,波照間,"aa, an"
awa（粟）,白保,an
awa（粟）,船浮,aa
awa（粟）,久松,aa
awa（粟）,沖永良部国頭,oo
awa（粟）,伊平屋田名,awaa B
awa（粟）,川平,aa
awa（粟）,芦清良,oo
awa（粟）,上平川,oo
awa（粟）,田皆,oo
awa（粟）,池間西原,aa
awa（粟）,砂川,aa
awa（粟）,水納,aa
awa（粟）,阿伝,awa
awa（粟）,荒木,awa
awa（粟）,上嘉鉄,awa
awa（粟）,湾,awa
awa（粟）,小野津,awa
awa（粟）,与那国祖納,aa B
awa（粟）,与那覇,aa
awa（粟）,西表古見,aa
awabi（鮑）,静岡,aabi
awabi（鮑）,志摩,aabi
awabi（鮑）,和歌山県,"aabi, aobi"
awabi（鮑）,紀州,"aabi, aobi"
awabi（鮑）,福井大飯,aobi
awabi（鮑）,周防大島,aobi
awabi（鮑）,徳島,aobi
awabi（鮑）,NHK（北海道）,"aabi, anbi"
awabi（鮑）,島根,aobi
awabi（鮑）,岩手,"abi, anbi"
awabi（鮑）,鹿児島,"aoQ, aobi"
awabi（鮑）,土佐,aobi
awabi（鮑）,長崎,aobi
awabi（鮑）,今帰仁,aabi B
awabi（鮑）,金武,aabigee B（~貝）
awabi（鮑）,池間,aabi
awabi（鮑）,伊良部,aabïï
awabi（鮑）,仲地,aabïï
awabi（鮑）,水納,eebi
awabi（鮑）,石垣,aabï
awaboko（泡）,埼玉,"abuku, anbuku, anpuku"
awaboko（泡）,新潟頸城,awaboko
awaboko（泡）,神奈川,anbuku
awaboko（泡）,山梨,anbuku
awaboko（泡）,八丈島三根,abuku
awaboko（泡）,奈良田,aabuku
awaboko（泡）,千葉,abuki
awaboko（泡）,栃木,"aabuku, aaboko, aboko, anbuku"
awaboko（泡）,山形小国,awaboko
awaboko（泡）,熊本,abuku
awaboko（泡）,甑島,aabuku
awaboko（泡）,甑島里,awabuku
awaboko（泡）,浅間,"oobukuu, bukuu"
awaboko（泡）,沖永良部国頭,ubuku
awaboko（泡）,首里,abuku B
awaboko（泡）,金武,abukui C
awaboko（泡）,伊平屋,abuku
awaboko（泡）,伊良部,abuku
awaboko（泡）,西表古見,abuku
awaboko（泡）,水納,aabuku
awaboko（泡）,池間西原,aabuku
awaboko（泡）,砂川,aabuku
awaboko（泡）,与那覇,abuku
awaboko（泡）,鳩間,aabuku
awaboko（泡）,与那国祖納,anbuk'u B
"awabuk-* 1, awahuk-* 2",今帰仁,aabucun
"awabuk-* 1, awahuk-* 2",石垣,aafukun
"awabuk-* 1, awahuk-* 2",鳩間,aafukun
awai（淡）,古琉球朝鲜语对音,아바샤
awai（淡）,混効験集,afasa
awai（淡）,古沖縄,afasa
awai（淡）,今帰仁,hapaasen B
awai（淡）,首里,afasan B
awai（淡）,伊良部,apaham
awai（淡）,水納,"apa- A, apasadu ai"
awai（淡）,仲筋,apa- BC
awai（淡）,波照間,afasan
awai（淡）,渡久地,afasanu
awai（淡）,与那覇,apa
awai（淡）,伊平屋,afusan B
awai（淡）,与那国祖納,aban A
awai（淡）,西表古見,afahaan
awanak-*（仰）,麦屋東区,"apanakyun, oonakyun, ucapanakyun（打~）"
awanak-*（仰）,伊良部,apanafu
awanak-*（仰）,水納,apanaki
awanak-*（仰）,与那覇,apanakï
awanak-*（仰）,石垣,ucihanagun（打~）
awanak-*（仰）,波照間,abangun
awanak-*（仰）,与那国祖納,abanagun (abanag-) A
awanakas-*（仰）,水納,apanakasï
awanakas-*（仰）,与那覇,apanakasï
aware,麦屋東区,awari
aware,首里,awari B（书面）
aware,伊江島,awari
aware,伊良部,awari
aware,水納,awari
aware,波照間,awari
aware,沖永良部島国頭,awari
aware,芦清良,awari
aware,仁志,awari
aware,沖永良部国頭,awari
aware,古沖縄,afare
aware,鳩間,awari
awai（間）,鹿児島,æ
awai（間）,山形県,awe
awai（間）,諸鈍,"awe, awee B"
awai（間）,石垣,awai
awas-*（合）,大和浜,"oosi, oosuri"
awas-*（合）,麦屋東区,oosyun
awas-*（合）,今帰仁,aasun B
awas-*（合）,首里,aasyun (aas-) B
awas-*（合）,伊江島,aasyun
awas-*（合）,伊良部,aasï
awas-*（合）,石垣,aasïn
awas-*（合）,竹富,aasun BC
awaseru（合）,岩手,"asyeru, asieru, aseeru, aseru, aheru | awase（名词）：ase, asye, aseko, aseQko"
awaseru（合）,仙台,asyeru | awase（名词）：asye
awaseru（合）,秋田,"aseru, aheru"
awaseru（合）,山形,aseru
awaseru（合）,福島,aseru
awaseru（合）,青森,aheru
awaseru（合）,津軽,"aheru, awaheru"
awaseru（合）,埼玉,aaseru | awase（名词）：aase
awaseru（合）,鹿児島県宝島,awasuru
awaseru（合）,長崎県壱岐島,awasuru
awaseru（合）,山口,awasu
awaseru（合）,沖永良部国頭,oosyun
awaseru（合）,伊平屋,aasun
awaseru（合）,波照間,aasun
awaseru（合）,水納,aasï
awaseru（合）,麦屋東区,oosyun
awaseru（合）,与那国祖納,an (as-) B
awaseru（合）,混効験集,awase（名词）：aase（醤物）
awase（袷）,津軽,awahe
awase（袷）,福井県大野市上打波,awasye
awase（袷）,水納,aasïgin（~衣）
awase（袷）,西表古見,awasii（袷）
awase（袷）,大和浜,awasyee
awase（袷）,浅間,awasïï B
awaseru*（淡）,島根県隠岐島,awasuru
awasu（淡）,徳島県三好郡,aosu
awasu（淡）,徳島県美馬郡,aosu
awasu（淡）,香川県小豆島,aosu
awasu（淡）,熊本県,aosu
awasu（淡）,大分県,aosu
awasu（淡）,宮崎県東諸県郡,aosu
awasu（淡）,鹿児島県,aosu
awatas-*（慌）,伊良部,awatasï
awatas-*（慌）,水納,awatasï
awatas-*（慌）,与那覇,avatasï
awateras-*（慌）,麦屋東区,awatirasyun
awaterakas-*（慌）,今帰仁,awatiraakasun
awateru（慌）,千葉,"aateru, aaderu"
awateru（慌）,神奈川,aoteeru
awateru（慌）,讚岐,abateru
awateru（慌）,鹿児島,"awatsui, awatsuQ"
awateru（慌）,大洲,adoeru
awateru（慌）,麦屋東区,awatyun
awateru（慌）,古沖縄,afateru
awateru（慌）,今帰仁,awaatin A
awateru（慌）,首里,awatiyun (awatir-) A
awateru（慌）,伊江島,awatiyun
awateru（慌）,伊良部,awatiï
awateru（慌）,石垣,"abaQtirun, abaQtin"
awateru（慌）,鳩間,abatirun
awateru（慌）,沖永良部国頭,abatiyun
awateru（慌）,伊平屋田名,awatin A
awateru（慌）,波照間,abacirun
awateru（慌）,与那国祖納,"abat'irun (abat'ir-) A, agat'irun (agat'ir-) A"
awateru（慌）,水納,"abati, awati"
awateru（慌）,渡久地,awatiree
awateru（慌）,西表祖納,awati
awateru（慌）,与那覇,avati
awateru（慌）,西表古見,awati
aya（奇）,与那国祖納,aya C
aya（紋）,鳥取,ae
aya（紋）,おもろ,aya
aya（紋）,首里,aya B
aya（紋）,多良間,aya B
aya（紋）,石垣,aya
aya（紋）,麦屋東区,"aya, iya"
aya（紋）,今帰仁,ayaa
aya（紋）,伊江島,ayaa
aya（紋）,久松,aya
aya（紋）,沖永良部国頭,ayaa
aya（紋）,伊平屋田名,ayaa B
aya（紋）,上平川,ayaa
aya（紋）,砂川,aya
aya（紋）,水納,aya
aya（紋）,荒木,aya
aya（紋）,小野津,aya
aya（紋）,与那国祖納,aya B
aya（紋）,与那覇,aya
aya（紋）,渡久地,ayaa
aya（紋）,西表古見,aya
aya*（父）,鳩間,aaya
aya*（父）,宮良,aaya
aya*（父）,石垣,aya（平民用）
ayamaru（誤）,岐阜,aimaru
ayamaru（誤）,甑島里,ayamai
ayamaru（誤）,首里,ayamayun (ayamar-) B | ayamari（名词）：ayamai B
ayamaru（誤）,今帰仁,ayamari（名词）：ayaama(r)ii B
ayamati（過）,岐阜,aamaci
ayamati（過）,鳥取,"aamaci, aamatsu, aimatsu, aematsu, amaici, aemazu, aemaci"
ayamati（過）,岩手,"aimazi, iamazu, ɛmazi, ɛmazu, eemazi, aemazu"
ayamati（過）,静岡,aimazi
ayamati（過）,仙台,ææmazu
ayamati（過）,山形小国,aemazi
ayamati（過）,秋田,"aemazu, yamazu"
ayamati（過）,福島,"æmaci, æmji, æmatsu, wamaji"
ayamati（過）,新潟頸城,aemaci
ayamati（過）,岡山,aemaci
ayamati（過）,山形,"aemaji, aemadzu"
ayamati（過）,津軽,"amæzi, amezi, amenzu"
ayamati（過）,青森,amẽzu
ayamati（過）,福岡,ueemaci
ayamati（過）,埼玉,eemaci
ayamati（過）,島原,"emaci, yamatsu"
ayamati（過）,宮崎,emaci
ayamati（過）,NHK（長崎）,yamaQci
ayamati（過）,今帰仁,ayaamaci B
ayamati（過）,首里,ayamaci B（道德上的错误）
ayameru（危）,石垣,"ayamirun, ayamin"
ayam-*（危）,鳩間,ayamun
ayasii（怪）,千葉,"ayasu, ayaQkasu"
ayasii（怪）,鹿児島,okasi
ayasii（怪）,麦屋東区,ayoosan
ayasii（怪）,今帰仁,ayaasen A
ayasii（怪）,首里,ayassan A
ayasii（怪）,伊良部,ayasïkam
ayasii（怪）,石垣,ayaQsaan
ayasii（怪）,波照間,ayaQsaan
ayasimeru（怪）,今帰仁,ayaasimin A
ayasimu（怪）,伊良部,ayasïm
ayawasii*,長崎市,ayowasika
ayawasii*,熊本県玉名郡,ayowasika
ayawasii*,佐賀県,"ayabasika, ayawasi"
ayago（綾語）,古沖縄,ayago
ayago（綾語）,伊良部,ayagu
ayago（綾語）,池間,aagu C
ayago（綾語）,多良間,"aagu, eegu C"
ayago（綾語）,水納,"yeegu, eegu"
ayago（綾語）,波照間,ayoo
ayago（綾語）,川平,ayoo
ayago（綾語）,久松,aagu
ayago（綾語）,与那覇,aagu
ayakarasu（肖）,与那国祖納,ayaŋaran (ayaŋaras-) A
ayakaru（肖）,混効験集,ayakaru
ayakaru（肖）,今帰仁,ayaakan B
ayakaru（肖）,首里,ayakaayun (ayakaar-) A
ayakaru（肖）,伊江島,ayakayun
ayakaru（肖）,伊良部,ayoo kariï（< *aya=wo+kare-）
ayakaru（肖）,石垣,"ayakarun, ayakaarun"
ayakaru（肖）,波照間,"ayakarun, ayakaarun"
ayakasu（零）,長崎市,ayakasu
ayakasu（零）,熊本県芦北郡,ayakasu
ayakasu（零）,熊本県八代郡,ayakasu
ayakasu（零）,鹿児島県,"ayakasu, ayakasi"
ayakasu（零）,鳥取県西伯郡,ayakasu
ayakasu（零）,島根県,ayakasu
ayakasu（零）,鹿児島県鹿児島郡,ayakasi
ayasu（零）,喜界,eesyui
ayasu（零）,麦屋東区,heesyun
ayasu（零）,今帰仁,eesun
ayasu（零）,首里,eesyun (ees-) A
ayasu（零）,伊良部,aasï
ayasu（零）,石垣,aasïn
ayasu（零）,水納,eesï
ayasu（零）,与那国祖納,ayan (ayas-) A
ayasu（宥）,岩手,aisuru
ayasu（宥）,山形,aesu
ayasu（宥）,福島,"aesu, eesu"
ayasu（宥）,新潟頸城,aesu
ayasu（宥）,秋田,aesuru
ayasu（宥）,信州上田,eesu
ayasu（宥）,茨城,eyasu
ayasu（宥）,千葉,"yaasu, yasu"
ayo*（肝）,おもろ,"ayo, ayu"
ayo*（肝）,混効験集,ayo
"ayu 1, ai 2（鮎）",鳥取,"aa, yaa, ai, ae, ee"
"ayu 1, ai 2（鮎）",岩手,ai
"ayu 1, ai 2（鮎）",栃木,"ai, ae"
"ayu 1, ai 2（鮎）",埼玉,"ai, ae"
"ayu 1, ai 2（鮎）",神奈川,ai
"ayu 1, ai 2（鮎）",石川,"ai, ae"
"ayu 1, ai 2（鮎）",福井,"ai, ae"
"ayu 1, ai 2（鮎）",福井大飯,ai
"ayu 1, ai 2（鮎）",飛騨,ai
"ayu 1, ai 2（鮎）",南知多,ai
"ayu 1, ai 2（鮎）",志摩,ai
"ayu 1, ai 2（鮎）",南伊勢,ai
"ayu 1, ai 2（鮎）",大阪,ai
"ayu 1, ai 2（鮎）",淡路,ai
"ayu 1, ai 2（鮎）",神戸,ai
"ayu 1, ai 2（鮎）",播磨,ai
"ayu 1, ai 2（鮎）",和歌山,ai
"ayu 1, ai 2（鮎）",紀州,ai
"ayu 1, ai 2（鮎）",広島県,ai
"ayu 1, ai 2（鮎）",徳島,ai
"ayu 1, ai 2（鮎）",土佐,ai
"ayu 1, ai 2（鮎）",大洲,ai
"ayu 1, ai 2（鮎）",福岡,ai
"ayu 1, ai 2（鮎）",長崎,ai
"ayu 1, ai 2（鮎）",対馬,ai
"ayu 1, ai 2（鮎）",大分,ai
"ayu 1, ai 2（鮎）",鹿児島,"ai, aQnoio（~の鮎）"
"ayu 1, ai 2（鮎）",津軽,ae
"ayu 1, ai 2（鮎）",秋田,ae
"ayu 1, ai 2（鮎）",富山県,"ae, ayo"
"ayu 1, ai 2（鮎）",島根,ae
"ayu 1, ai 2（鮎）",岡山,ae
"ayu 1, ai 2（鮎）",山形,ayo
"ayu 1, ai 2（鮎）",福島,ee
"ayu 1, ai 2（鮎）",福井県大野市上打波,ai
"ayu 1, ai 2（鮎）",広島県芦品郡,eyaa
"ayu 1, ai 2（鮎）",青森県上北郡,eko
"ayu 1, ai 2（鮎）",新潟県佐渡,yaa
"ayumu 1, ayubu 2, ayomu 3, ayobu 4（歩）",鹿児島,"aamu, ayun, aibu"
"ayumu 1, ayubu 2, ayomu 3, ayobu 4（歩）",仙台,"aibu, ɛɛbu"
"ayumu 1, ayubu 2, ayomu 3, ayobu 4（歩）",福島,"aibu, ɛbu, eebu"
"ayumu 1, ayubu 2, ayomu 3, ayobu 4（歩）",富山県,"aibu, aemu, ayomu"
"ayumu 1, ayubu 2, ayomu 3, ayobu 4（歩）",NHK（山梨）,aibu
"ayumu 1, ayubu 2, ayomu 3, ayobu 4（歩）",飛騨,"aibu, aebu, ayobu"
"ayumu 1, ayubu 2, ayomu 3, ayobu 4（歩）",静岡,"aibu, yaabu"
"ayumu 1, ayubu 2, ayomu 3, ayobu 4（歩）",和歌山県,"aibu, ayubu"
"ayumu 1, ayubu 2, ayomu 3, ayobu 4（歩）",紀州,"aibu, ayubu"
"ayumu 1, ayubu 2, ayomu 3, ayobu 4（歩）",甑島,aibu
"ayumu 1, ayubu 2, ayomu 3, ayobu 4（歩）",島根,ain
"ayumu 1, ayubu 2, ayomu 3, ayobu 4（歩）",山形,"aebu, abu, ayobu, ebu"
"ayumu 1, ayubu 2, ayomu 3, ayobu 4（歩）",茨城,aebu
"ayumu 1, ayubu 2, ayomu 3, ayobu 4（歩）",新潟頸城,aebu
"ayumu 1, ayubu 2, ayomu 3, ayobu 4（歩）",岩手,"abu, ɛbu, ɛpu, ebu"
"ayumu 1, ayubu 2, ayomu 3, ayobu 4（歩）",熊本,ayubu
"ayumu 1, ayubu 2, ayomu 3, ayobu 4（歩）",秋田,"abu, anbu"
"ayumu 1, ayubu 2, ayomu 3, ayobu 4（歩）",石川,ayobu
"ayumu 1, ayubu 2, ayomu 3, ayobu 4（歩）",信州,eebu
"ayumu 1, ayubu 2, ayomu 3, ayobu 4（歩）",信州上田,eebu
"ayumu 1, ayubu 2, ayomu 3, ayobu 4（歩）",埼玉,"ebu, yaabu, yabu"
"ayumu 1, ayubu 2, ayomu 3, ayobu 4（歩）",千葉,"yaabu, yabu"
"ayumu 1, ayubu 2, ayomu 3, ayobu 4（歩）",八丈,"yabu, yamu, eemu"
"ayumu 1, ayubu 2, ayomu 3, ayobu 4（歩）",肝属内之浦,ayun
"ayumu 1, ayubu 2, ayomu 3, ayobu 4（歩）",甑島里,aibu
"ayumu 1, ayubu 2, ayomu 3, ayobu 4（歩）",首里,ayunun (ayum-) B
"ayumu 1, ayubu 2, ayomu 3, ayobu 4（歩）",山形県東田川郡,eebu
"ayumu 1, ayubu 2, ayomu 3, ayobu 4（歩）",福島県,eebu
"ayumu 1, ayubu 2, ayomu 3, ayobu 4（歩）",茨城県北相馬郡,eebu
"ayumu 1, ayubu 2, ayomu 3, ayobu 4（歩）",群馬県勢多郡,eebu
"ayumu 1, ayubu 2, ayomu 3, ayobu 4（歩）",千葉県東葛飾郡,eebu
"ayumu 1, ayubu 2, ayomu 3, ayobu 4（歩）",東京都三宅島,eebu
"ayumu 1, ayubu 2, ayomu 3, ayobu 4（歩）",東京都南多摩郡,eebu
"ayumu 1, ayubu 2, ayomu 3, ayobu 4（歩）",神奈川県津久井郡,eebu
"ayumu 1, ayubu 2, ayomu 3, ayobu 4（歩）",山梨県北都留郡,eebu
"ayumu 1, ayubu 2, ayomu 3, ayobu 4（歩）",長野県上田,eebu
"ayumu 1, ayubu 2, ayomu 3, ayobu 4（歩）",長野県佐久,eebu
aza*（棘）,石垣,aza
aza*（棘）,西表古見,aza
aza（痣）,青森,azya
aza（痣）,津軽,azya
aza（痣）,岩手,azya
aza（痣）,秋田,"azya, anzya"
aza（痣）,伊賀,ada
aza（痣）,和歌山県,ada
aza（痣）,島根,ada
aza（痣）,広島県,ada
aza（痣）,周防大島,ada
aza（痣）,島原,ada
aza（痣）,鹿児島,ara
aza（痣）,古琉球汉语对音,課沙
aza（痣）,阿伝,ada
aza（痣）,今帰仁,azyaa
aza（痣）,首里,az̧ya A
aza（痣）,平良,aza
aza（痣）,長浜,aza
aza（痣）,石垣,aza
aza（痣）,鳩間,aza
aza（痣）,黒島,aza
aza（痣）,白保,aza
aza（痣）,宮古,andi
aza（痣）,池間,azya B
aza（痣）,多良間,"azya, ada B"
aza（痣）,小浜,anza
aza（痣）,波照間,"azan, anzan"
aza（痣）,久松,aza
aza（痣）,金武,azya A
aza（痣）,沖永良部国頭,"aza, azaa"
aza（痣）,伊平屋,azaa
aza（痣）,田皆,aza
aza（痣）,与那国祖納,ada A
aza（痣）,上平川,azaa
aza（痣）,池間西原,azya
aza（痣）,砂川,aza
aza（痣）,水納,ada
aza（痣）,荒木,aza
aza（痣）,上嘉鉄,aza
aza（痣）,湾,ada
aza（痣）,小野津,aza
aza（痣）,麦屋東区,ada
aza（痣）,渡久地,aza
aza（痣）,与那覇,aza
aza（痣）,西表古見,aza
aza（字）,島根,ada
aza（字）,大和浜,aza
aza（字）,麦屋東区,azya
aza（字）,沖永良部国頭,aza
aza（字）,伊江島,aza
aza（字）,今帰仁,azyaa
aza（字）,伊良部,aza
aza（字）,石垣,aza
aza*（兄）,平良,aza
aza*（兄）,長浜,aza
aza*（兄）,多良間,azya C
aza*（兄）,石垣,azya
aza*（兄）,宮良,aaza（长男）
aza*（兄）,鳩間,aaza
aza*（兄）,与那覇,aza
aza*（兄）,水納,aza
aza*（兄）,砂川,aza
azaeru*（糾）,石垣,"azairun, azain"
azana（字）,首里,az̧yanaa A
azana（字）,石垣,azanaa
azana（字）,鳩間,azanaa
azana（字）,水納,adanaa
azana（字）,西表古見,azanaa
azaras-*（交）,波照間,anzarasun
azare-*（交）,大和浜,"azari, azaruri"
azare-*（交）,波照間,anzaarirun
"aze 1, aza* 2（畔）",静岡,1 azi
"aze 1, aza* 2（畔）",伊豆大島,"1 azo, adzu, ado"
"aze 1, aza* 2（畔）",埼玉,1 ade
"aze 1, aza* 2（畔）",播磨,1 ade
"aze 1, aza* 2（畔）",和歌山県,1 ade
"aze 1, aza* 2（畔）",島根,1 ade
"aze 1, aza* 2（畔）",周防大島,1 ade
"aze 1, aza* 2（畔）",鹿児島,"1 adze, are"
"aze 1, aza* 2（畔）",新潟県佐渡,"1 ado, aro"
"aze 1, aza* 2（畔）",長崎,1 azye
"aze 1, aza* 2（畔）",福江,1 azye
"aze 1, aza* 2（畔）",佐賀,1 azye
"aze 1, aza* 2（畔）",福岡,1 azye
"aze 1, aza* 2（畔）",大分,1 azye
"aze 1, aza* 2（畔）",熊本,1 azye
"aze 1, aza* 2（畔）",宮崎,1 azye
"aze 1, aza* 2（畔）",福井県大野市上打波,1 azye
"aze 1, aza* 2（畔）",八丈島三根,1 azee
"aze 1, aza* 2（畔）",喜界,1 azi
"aze 1, aza* 2（畔）",首里,1 azi B（把经线分成上下两部分的织布器具）
"aze 1, aza* 2（畔）",沖永良部国頭,"1 azi, azii"
"aze 1, aza* 2（畔）",荒木,1 azi
"aze 1, aza* 2（畔）",小野津,1 azi
"aze 1, aza* 2（畔）",平良,2 aza
"aze 1, aza* 2（畔）",鳩間,2 aza
"aze 1, aza* 2（畔）",多良間,2 aQzya
"aze 1, aza* 2（畔）",水納,2 aQzya
"aze 1, aza* 2（畔）",池間西原,2 azya
aze-*（交）,麦屋東区,adyun (adi-)
aze-*（交）,首里,"aziyun, aziin (azir-) B"
aze-*（交）,水納,adi
aze-*（交）,波照間,anzirun
aze-*（交）,与那国祖納,adirun (adir-) B
azake-*（清潔）,与那国祖納,adagisan B
azami（薊）,福岡,azame
azami（薊）,豊後,"azame, adami, adame, arame"
azami（薊）,鹿児島,"azame, azan, arame"
azami（薊）,青森,azyami
azami（薊）,津軽,azyami
azami（薊）,秋田,anzyami
azami（薊）,沖縄,azyami
azami（薊）,波照間,azan
azami（薊）,麦屋東区,adami
azamia*（薊）,沖縄,azyama
azamia*（薊）,今帰仁,azaama B
azamia*（薊）,大宜味,azama
azamia*（薊）,金武,azama C
azakeru（嘲）,津軽,azyakuru
azakeru（嘲）,伊賀,adakeru
azakeru（嘲）,秋田,anzyakeru
azamuku（欺）,首里,az̧yamucun (az̧yamuk-) A
azamuku（欺）,与那国祖納,adank'un (adank'-) A
azamuku（欺）,水納,azanki
azamuku（欺）,与那覇,azankï
azawarau（嘲笑）,鹿児島,azawaru
azawarau（嘲笑）,津軽,azyawaru
azawarau（嘲笑）,与那国祖納,azawarai（名词）：adibarai A
azema*（十字）,水納,adimaa（十字）
azema*（十字）,与那国祖納,adima C（十字）
azema*（十字）,具志堅,azimaa（交差点）
azema*（十字）,伊平屋,azimaa（十字路口）
azema*（十字）,今帰仁,azimaa（十字路口、交差物、交汇处）
azema*（十字）,首里,azimaa B（交差物、交汇处）
azema*（十字）,伊江島,az̧ima（十字路口、交差点、某种交差物）
azi（鰺）,富山県,azu
azi（鰺）,石川,azu
azi（鰺）,紀州,wazi
azi（鰺）,鹿児島,aQ
azi（味）,長崎,aji
azi（味）,福江,aji
azi（味）,佐賀,aji
azi（味）,福岡,aji
azi（味）,宮崎,aji
azi（味）,上甑島,aaji
azi（味）,富山県,azu
azi（味）,鹿児島,aQ
azi（味）,肝属内之浦,aQ
azi（味）,八丈島末吉,aji
azi（味）,八丈島三根,aji
azi（味）,福井県池田町西角間,aji
azi（味）,奈良田,aji
azi（味）,名瀬,azï
azi（味）,大和浜,azi
azi（味）,麦屋東区,azi
azi（味）,瀬底,azi
azi（味）,首里,azi A
azi（味）,竹富,azi
azi（味）,黒島,azi
azi（味）,西表祖納,azi
azi（味）,浅間,azïï
azi（味）,今帰仁,"azii, azyee"
azi（味）,伊江島,azye
azi（味）,平良,azï
azi（味）,長浜,azï
azi（味）,池間,azï
azi（味）,多良間,azï
azi（味）,石垣,azï
azi（味）,宮良,azï
azi（味）,波照間,"azi, azï"
azi（味）,大神,"ampai, akï"
azi（味）,小浜,antsu
azi（味）,鳩間,"azi, azï"
azi（味）,船浮,azi
azi（味）,久松,azu
azi（味）,金武,azi A
azi（味）,沖永良部国頭,azi
azi（味）,伊平屋田名,azii B
azi（味）,川平,atsï
azi（味）,上平川,azii
azi（味）,池間西原,azï
azi（味）,砂川,azï
azi（味）,水納,azï
azi（味）,甑島里,aazi
azi（味）,阿伝,azi
azi（味）,荒木,azi
azi（味）,上嘉鉄,azi
azi（味）,小野津,azi
azi（味）,与那国祖納,adi A
azi（味）,田皆,azi
azi（味）,渡久地,azi
azi（味）,与那覇,azï（也表示有味道的）
azi（味）,西表古見,atsï̥
azima-*（甘）,伊良部,azïmaham
azima-*（甘）,石垣,azïmasaan
azima-*（甘）,鳩間,azimaan
azima-*（甘）,波照間,adzumahan
azima-*（甘）,川平,atsï̥masaa
azima-*（甘）,池間西原,adzïmamunu
azima-*（甘）,水納,azïmasadu ai
azima-*（甘）,与那覇,azïma
azima-*（甘）,西表祖納,acimai
azima-*（甘）,船浮,aQcima
azima-*（甘）,久松,"azumaaazuma, azumamunu"
azima-*（甘）,西表古見,atsï̥m̥ahan
aziwau（味）,首里,aziwai（名词）：aziwee A
azukaras-*（預）,伊良部,azïkarasï
azukaru（預）,秋田,azuragu
azukaru（預）,鹿児島,"aQkai, aQkQ"
azukaru（預）,麦屋東区,ancikayun
azukaru（預）,今帰仁,azikan B | azukari（名词）：azikai B
azukaru（預）,首里,azikayun (azikar-) B
azukaru（預）,伊江島,az̧ikayun
azukaru（預）,伊良部,azïkaï
azukaru（預）,石垣,atsïkarun
azukaru（預）,波照間,asu̥karun
azukaru（預）,水納,azïkaï
azukaru（預）,与那国祖納,ank'arun (ank'ar-) B
azukaru（預）,NHK（長崎）,azukari（名词）：asukai
azukeru（預）,静岡,asukeru
azukeru（預）,鳥取,"acikee, atsukaa, atsukeru"
azukeru（預）,鹿児島,aQkui
azukeru（預）,千葉,"atsukeru, atsugeru"
azukeru（預）,信州,atsukeru
azukeru（預）,麦屋東区,antsikyun
azukeru（預）,今帰仁,azikin B
azukeru（預）,首里,azikiyun (azikir-) B
azukeru（預）,伊江島,az̧ikiyun
azukeru（預）,伊良部,azïkiï
azukeru（預）,平良,azïkiï
azukeru（預）,池間,azïki
azukeru（預）,長浜,azïkil
azukeru（預）,多良間,azïkil
azukeru（預）,石垣,"atsïkirun, atsïkin"
azukeru（預）,鳩間,asikirun
azukeru（預）,波照間,"asikïrun, asi̥kirun"
azukeru（預）,水納,azïki
azukeru（預）,与那覇,azïki
azukeru（預）,与那国祖納,ank'irun (ank'ir-) B
azukeru（預）,西表古見,atsï̥kirun
azuki（小豆）,津軽,azuge
azuki（小豆）,NHK（秋田）,azuko
azuki（小豆）,東北,anzuki
azuki（小豆）,栃木,atsuki
azuki（小豆）,島根,atsuki
azuki（小豆）,島原,adzuku
azuki（小豆）,鹿児島,"azuQ, adzuQ"
azuki（小豆）,甑島瀬上,anuugi
azumu*（杵）,喜界,adumu
azumu*（杵）,名瀬,azïn
azumu*（杵）,大和浜,azïn
azumu*（杵）,浅間,azïn
azumu*（杵）,奄美大島,azin
azumu*（杵）,首里,azin B
azumu*（杵）,徳之島,azimi
azumu*（杵）,沖永良部,azimu
azumu*（杵）,沖永良部国頭,azimu
azumu*（杵）,麦屋東区,aazin（也表示海的彼岸等可见的黑色杵状云，是龙卷风的征兆）
azumu*（杵）,今帰仁,azimuu
azumu*（杵）,瀬底,aziimu
azumu*（杵）,金武,azomu C
azumu*（杵）,荒木,azumu
azumu*（杵）,上嘉鉄,azimu
azumu*（杵）,湾,adumu
azumu*（杵）,小野津,azumu
azumu*（杵）,田皆,anzimu
azusa（梓）,長野県小県郡,atsusa
azusa（梓）,長野県諏訪郡,atsusa
azusa（梓）,群馬県多野郡,atsusa
azusa（梓）,東京都三宅島,atsusa
azusa（梓）,岩手県気仙郡,ansa
azusa（梓）,奈良県,hazusa
azusa（梓）,吉野郡,hazusa
azusa（梓）,和歌山県,"hazusa, hansa"
azusa（梓）,富山県,hansa
azusa（梓）,石川県,hansa
azusa（梓）,福井県,hansa
azusa（梓）,岐阜県,hansa
azusa（梓）,三重県,hansa
azusa（梓）,滋賀県,hansa
"azisai 1, azusai 2（紫陽花）",秋田,ansɛ
"azisai 1, azusai 2（紫陽花）",埼玉,"azisɛɛ, azisee"
"azisai 1, azusai 2（紫陽花）",西表古見,acisai
ra,滋賀県蒲生郡,raa
ra,島根県隠岐島,ra
raQko（海獺）,古琉球汉语对音,喇姑（借词）
raQkuri,長野県上伊那郡,raQkura（安心、悠闲）
raQkyou（辣韮）,埼玉,raQkyuu
raQkyou（辣韮）,神奈川,raQkyuu
raQkyou（辣韮）,静岡,raQkyuu
raQkyou（辣韮）,富山県,"daQkyo, daQkyou"
raQkyou（辣韮）,志摩,"daQkyo, daQkyou"
raQkyou（辣韮）,岐阜,"rankyo, rankyou"
raQkyou（辣韮）,南伊勢,"daQkyou, raQkiyo"
raQkyou（辣韮）,京言葉,raQkyo
raQkyou（辣韮）,紀州,raQkyo
raQkyou（辣韮）,広島県,rankyoo
raQkyou（辣韮）,長門,rankyoo
raQkyou（辣韮）,周防大島,rankyou
raQkyou（辣韮）,伊予,rankyo
raQkyou（辣韮）,瀬戸内,rankyo
raQkyou（辣韮）,愛媛周桑,rãkyoo
raQkyou（辣韮）,岩手,raQkyuu
raQkyou（辣韮）,茨城,"yaQkyoo, raQkii"
raQkyou（辣韮）,鳥取,"raQkyo, rankyoo"
raQkyou（辣韮）,島根,"raQkyuu, rankyo, rankyoo"
raQkyou（辣韮）,福岡,rankyau
raQkyou（辣韮）,佐賀,"daQkyou, dankyoo, rankyoo"
raQkyou（辣韮）,大分,rankyoo
raQkyou（辣韮）,豊後,"rankyo, rankyoo, ransyo"
raQkyou（辣韮）,長崎,rankyo
raQkyou（辣韮）,対馬,rankyou
raQkyou（辣韮）,壱岐,"dankyuu, rankyuu"
raQkyou（辣韮）,島原,"dankiyuu, rankiyo"
raQkyou（辣韮）,鹿児島,"daQki, daQkyu, raQkyo"
raQkyou（辣韮）,大隅,daQkyo
raQkyou（辣韮）,大和浜,gaQkyo
raQkyou（辣韮）,麦屋東区,daQcoo
raQkyou（辣韮）,伊江島,daQcoo
raQkyou（辣韮）,首里,daQcoo B
raQkyou（辣韮）,伊良部,raQkyoo
raQkyou（辣韮）,与那覇,raQkyoo
raQkyou（辣韮）,水納,raQkyoo
raQkyou（辣韮）,石垣,raQkyoo
raQkyou（辣韮）,西表古見,daQkyuu
raQkyou（辣韮）,波照間,daQkyon
rento,新潟県中越,reento
rento,岩手県九戸郡,rento
rento,秋田県鹿角郡,rento
rero,長野県下伊那郡,rero（口才）
rero,長野県上伊那郡,rero（口才）
rero,岐阜県大垣市,rore（舌、腔调）
rero,愛知県一宮,rore（舌、腔调）
rero,京都府竹野郡,"dero, zero（舌、腔调）"
rero,愛知県名古屋市,ruri（舌、腔调）
rero,岩手県気仙郡,rero（舌、腔调）
rihuzin（李夫人）,千葉県山武郡,rifuzin
rihuzin（李夫人）,三重県北牟婁郡,zyurin
rihuzin（李夫人）,三重県一部,zyuurin
rihuzin（李夫人）,徳島県,"rifuzin, rikuzin, rikurin"
rihuzin（李夫人）,徳島県一部,"ryuuzin, zikuzin, zikurin, zyukuzin"
rihuzin（李夫人）,高知県一部,ryuurin
rihuzin（李夫人）,愛媛県一部,ryuurin
rihuzin（李夫人）,愛媛県松山市,ryuuzin
rihuzin（李夫人）,福岡県一部,ryuuzin
rihuzin（李夫人）,大分県一部,ryuuzin
rihuzin（李夫人）,熊本県下益城郡,lifuzin
rihuzin（李夫人）,熊本県一部,"zikuzin, zyukuzin, sinzin"
rikimu（力）,八丈,zikimu
rikimu（力）,新潟県佐渡,rikumu
rikimu（力）,岐阜,dekimu
rikimu（力）,飛騨,dekimu
rikimu（力）,岐阜県大野郡,dekumu
rikimu（力）,高知県,"rikyumu, ryukyumu"
roQka,三重県度会郡,roQpo（蜻蜓）
roQka,香川県,"roQka, roQku, roroku（大型蜻蜓）"
roQka,高知県,roQka（雌雄比翼双飞的蜻蜓）
ryuukyuu（琉球）,鹿児島,"ziku, zikyu, zyukyu, jiki, ziki"
ryuukyuu（琉球）,伊平屋,ryuucuu A?
ryuukyuu（琉球）,今帰仁,ruucuu
ryuukyuu（琉球）,伊江島,ryuucuu
ryuukyuu（琉球）,首里,"ruucuu B, duucuu B"
ryuukyuu（琉球）,伊良部,ryuukyuu
ryuuryuu,熊本県,ryunryun
waawaa,波照間,waawaa
wamekas-*,与那覇,bamikasï
wamekas-*,水納,bankasï
wanko,長野県下水内郡,wanko（狗）
wanko,山形県米沢市,wanko（狗）
wanko,福島県相馬郡,wanko（狗）
wanko,栃木県河内郡,wanko（狗）
wanko,栃木県,wankowanko（四肢着地匍匐前进）
wanwa,千葉,wanwa（狗）
wanwa,志摩,banban（狗）
wanwan,柳川,on.on
wanwan,大和浜,wanwan（犬吠）
wanwan,麦屋東区,wanwan（大声吼叫、耳鸣、犬吠）
wanwan,伊平屋,wanwan
wanwan,今帰仁,wanwan（耳鸣）
wanwan,首里,wanwan B（新?，（幼儿语）狗）
wanwanko,山形県,wawako（狗）
wanwanko,山形県東村山郡,wanwanko（狗）
wanwanko,山形県西村山郡,wanwanko（狗）
wanwanko,山形県最上郡,wanwako（狗）
wanwanko,栃木県塩谷郡,wanwanko（四肢着地匍匐前进）
wauwau,長野県東筑摩郡,wauwa（狗）
wauwau,今帰仁,wauwau
wauwau,伊江島,wuwauwau
wauwau,首里,"wauwau A（犬吠）, wauwauu B（（幼儿语）狗）"
wauwau,伊良部,"wauwau, auau"
wauwau,石垣,"wauwau, woowoo"
wawa,新潟県佐渡,waawaa（狗）
wawa,山形県,wawa（狗）
wawa,伊平屋,waawaa
wawa,今帰仁,waawaa
wawa,伊江島,waawaa
wazurau（煩）,沖永良部国頭,wazirooyun
wazurau（煩）,麦屋東区,waziren
wazurau（煩）,今帰仁,wacaaren A | wazurai（名词）：wacaaree A
wazurau（煩）,伊江島,"wacarayun, wacariyun, wanzeyun"
wazurau（煩）,首里,wacarayun (wacara-) A | wazurai（名词）：wacaree A
wazurau（煩）,伊良部,baQtsoo
wazurau（煩）,与那覇,baQtsoo
wazurau（煩）,水納,"baQzyoo, baasi"
wazurau（煩）,西表古見,"baQtsafun, baQtsahi"
wakai（若）,埼玉,wakee
wakai（若）,静岡県井川,wakee
wakai（若）,福井県大野市上打波,wagai
wakai（若）,愛知,watsukiaa
wakai（若）,瀬戸内,wakaa
wakai（若）,柳川,waQka
wakai（若）,鹿児島,wake
wakai（若）,肝属内之浦,wake
wakai（若）,志戸桶,waasai
wakai（若）,阿伝,waasai
wakai（若）,名瀬,"wasa, waasa"
wakai（若）,大和浜,wahasari
wakai（若）,湯湾,waasa
wakai（若）,井之川,waasa
wakai（若）,古仁屋,wahasa
wakai（若）,諸鈍,wahaasam
wakai（若）,亀津,waaɪ
wakai（若）,沖永良部国頭,wakasan
wakai（若）,和泊,wakasan
wakai（若）,玉城,wakasan
wakai（若）,仁志,wakasan
wakai（若）,赤嶺,wakasan
wakai（若）,芦清良,wakasan
wakai（若）,麦屋東区,wakasan
wakai（若）,手々知名,waasan
wakai（若）,瀬利覚,waasan
wakai（若）,茶花,waasan
wakai（若）,後蘭,"wakasan, wakasa"
wakai（若）,おもろ,waka-
wakai（若）,混効験集,waka-
wakai（若）,伊平屋田名,wakasan B
wakai（若）,辺土名,wakahan
wakai（若）,今帰仁,"wahaasen, wahaasyen B"
wakai（若）,渡久地,wakasen
wakai（若）,伊江島,wahasa
wakai（若）,首里,wakasan B
wakai（若）,那覇,wakasan
wakai（若）,田皆,"wakasa, waasa"
wakai（若）,池間,bakakai
wakai（若）,佐良浜,bakakai
wakai（若）,大神,bakakaï
wakai（若）,上地,bakakaï
wakai（若）,狩俣,baka
wakai（若）,与那覇,baka
wakai（若）,大浦,bakaan
wakai（若）,久松,"bakaabaka, bakamunu"
wakai（若）,仲筋,bakasaal BC
wakai（若）,水納,bakasadu ai
wakai（若）,石垣,bagasaan
wakai（若）,大浜,bagasan
wakai（若）,竹富,bagasan
wakai（若）,川平,"bagasan, bagasa"
wakai（若）,小浜,baga-
wakai（若）,西表古見,bagahan
wakai（若）,波照間,bagahan
wakai（若）,西表祖納,bakisan
wakai（若）,黒島,bakahan
wakai（若）,船浮,bakisa
wakai（若）,鳩間,baka
wakai（若）,八重山新城下地,bahasan
wakai（若）,与那国祖納,bagan C
wakame（若布）,志摩,akame
wakawaka（若若）,麦屋東区,wagaawagaa
wa（環）,福井県大野市上打波,waa
wa（環）,大和浜,waa
wa（環）,今帰仁,waa A
wa（環）,伊江島,waa（新）
wa（環）,伊良部,waa
wa（環）,水納,waa
wadakamaru（蟠）,和歌山,wagutamaru | wadakamari（名词）：wagutamari
waganeru（綰）,新潟県佐渡,"waguneru, wagameru, wagomeru"
waganeru（綰）,愛媛県,"waguneru, wagameru, wagomeru"
waganeru（綰）,岡山県阿哲郡,waguneru
waganeru（綰）,広島県高田郡,waguneru
waganeru（綰）,兵庫県淡路島,wagameru
waganeru（綰）,山口県,wagameru
waganeru（綰）,徳島県,wagameru
waganeru（綰）,徳島県美馬郡,wagameru
waganeru（綰）,愛媛県今治市,"wagumeru, wagonoru"
waganeru（綰）,山口県大島,wagomeru
waganeru（綰）,島根県,waguneru
wagaru（綰）,三重県志摩郡,wagara
wageru（綰）,和歌山県,waguru
wagomu（綰）,長野県下伊那郡,wagomu
wagomu（綰）,兵庫県淡路島,wagamu
wagomu（綰）,香川県,wagamu
wagomu（綰）,徳島県,wagamu
wagomu（綰）,高知県,wagomu
wagomu（綰）,島根県隠岐島,wagomu
wagoru,山梨県南巨摩郡,wagoru（水流形成漩涡）
wagoru,高知県,wagoru（草木繁茂）
wagoru,高知県土佐郡,waagoru（草木繁茂）
wana（罠）,伊豆大島,wanna
wana（罠）,千葉,wanna
wana（罠）,茨城,banna
wana（罠）,佐賀,bana
wana（罠）,甑島里,bana
wana（罠）,上甑島,ana
wana（罠）,名瀬,waanya
wana（罠）,浅間,wanaa
wana（罠）,池間,bana
wana（罠）,長浜,bana
wana（罠）,大神,bana
wana（罠）,平良,bana
wana（罠）,与那覇,bana
wana（罠）,水納,bana
wana（罠）,石垣,"bana, baanaa"
wana（罠）,小浜,bana
wana（罠）,西表古見,bana
wana（罠）,西表祖納,bana
wana（罠）,竹富,bana
wana（罠）,黒島,bana
wana（罠）,鳩間,"bana, wana（借词）"
wana（罠）,波照間,bada
wa（我）,諸鈍,waa
wa（我）,正名,waa
wa（我）,麦屋東区,waa
wa（我）,沖永良部国頭,"wa, waa"
wa（我）,古琉球汉语对音,瓦
wa（我）,伊平屋,waa B
wa（我）,国頭郡,waa
wa（我）,今帰仁,waa
wa（我）,瀬底,waa
wa（我）,首里,waa-（我的）
wa（我）,伊良部,ba-
wa（我）,狩俣,baa
wa（我）,与那覇,ba
wa（我）,西表祖納,baa
wa（我）,船浮,baa
wa（我）,竹富,baa
wa（我）,小浜,baa
wa（我）,鳩間,baa
wa（我）,波照間,baa
wa（我）,与那国祖納,baa B
wagamama（我儘）,埼玉,waganma
wagamama（我儘）,静岡,"waagama, waamama"
wagamama（我儘）,山形,"waamama, wamama"
wagamama（我儘）,栃木,"wagama, waganma"
wagamama（我儘）,島根,"waganma, waganmaa"
wagamama（我儘）,首里,wagamama B（书面）
wagamama（我儘）,伊良部,wagamama
wakya*,喜界,wakya
wakya*,北奄美大島,wakya
wakya*,南奄美大島,wakya
wakya*,徳之島,wakya
wakya*,正名,wakya
wakya*,大和浜,waxya
wakya*,浅間,waQkyaa
wakya*,沖永良部国頭,waca
wakya*,麦屋東区,"waca, waaca"
wakya*,田皆,wakya
wakya*,今帰仁,waacaa
wakya*,具志堅,qwaacaa
wakya*,狩俣,baagaa
wakya*,船浮,pankya
wane,秋田県南秋田郡,wanaa（你，对后辈）
wane,秋田県河辺郡,wanaa（你，对后辈）
wane,山形県,wane（你，对后辈或亲近者）
wane,山形県庄内,"wane, wanee（你）, wanebara（你们）"
wane,山形県東田川郡,"wanæ（你）, wanebura, wanebera（你们）"
wanona*,阿伝,wannaa
wanona*,辺土名,wannaa
wanona*,小浜,"bannaa, bannuu"
wanona*,竹富,bǝnoo A
wanota*,平良,banta
wanota*,久松,bantaa
wanota*,与那覇,bantaa
wanota*,石垣,"banudaa, bagadaa, bandaa, banda"
wanota*,鳩間,bantaa
wanota*,黒島,banda
wanota*,与那国,bantaa C
wanote*,池間,banti
wanote*,伊良部,panti
wanotea*,伊良部,pantya
wanu（我）,志戸桶,wan
wanu（我）,阿伝,wan
wanu（我）,上嘉鉄,wan
wanu（我）,名瀬,wan
wanu（我）,大和浜,wan
wanu（我）,湯湾,wan
wanu（我）,古仁屋,wan
wanu（我）,諸鈍,wan
wanu（我）,浅間,wan
wanu（我）,井之川,wan
wanu（我）,亀津,wan
wanu（我）,荒木,"wan, wanu"
wanu（我）,正名,"wan, wanu"
wanu（我）,沖永良部国頭,"wan, wana"
wanu（我）,手々知名,wanu
wanu（我）,上平川,wanu
wanu（我）,瀬利覚,wanu
wanu（我）,田皆,wanu
wanu（我）,茶花,wanu
wanu（我）,麦屋東区,"wanu, wanucui（~一人）"
wanu（我）,古琉球汉语对音,昂
wanu（我）,古琉球朝鲜语对音,ᄝᅪᆫ
wanu（我）,伊平屋田名,wan B
wanu（我）,国頭郡,"wan, wanii"
wanu（我）,奥,wan
wanu（我）,辺土名,wan
wanu（我）,田嘉里,wan
wanu（我）,具志堅,wan
wanu（我）,渡久地,wan
wanu（我）,瀬底,wan
wanu（我）,伊江島,wan
wanu（我）,石川,wan
wanu（我）,天願,wan
wanu（我）,那覇,wan
wanu（我）,首里,wan B
wanu（我）,辺野喜,gwan
wanu（我）,津波,wanuu
wanu（我）,伊芸,wanuu
wanu（我）,済井出,wanu
wanu（我）,金武,wanu A
wanu（我）,屋嘉,wanu
wanu（我）,今帰仁,wanuu
wanu（我）,久高,wanaa
wanu（我）,石川山城,"wan, wanuu"
wanu（我）,池間,ban
wanu（我）,長浜,ban
wanu（我）,大浦,ban
wanu（我）,平良,ban
wanu（我）,久松,ban
wanu（我）,上地,ban
wanu（我）,与那覇,ban
wanu（我）,砂川,ban
wanu（我）,仲筋,ban
wanu（我）,水納,ban
wanu（我）,佐良浜,bam
wanu（我）,狩俣,"ban, banu"
wanu（我）,伊良部,pan-（复数）
wanu（我）,石垣,banu B
wanu（我）,小浜,"banu, bannuu（排除式复数）"
wanu（我）,西表祖納,banu
wanu（我）,船浮,banu
wanu（我）,与那国,banu C（排除式复数）
wanu（我）,大浜,ban
wanu（我）,黒島,ban
wanu（我）,川平,"banu, banuu"
wanu（我）,竹富,"bǝnu BC, bǝnaa"
wanu（我）,鳩間,ban
wanu（我）,波照間,"banu, banuma（排除式复数）"
wanu（我）,島原,wan
waQtari*,沖永良部国頭,watee
waQtari*,正名,waQte
"ware 1, waro 2（我）",八丈島三根,"1 wai, ware"
"ware 1, waro 2（我）",静岡,1 wan
"ware 1, waro 2（我）",福井県大野市上打波,1 wae
"ware 1, waro 2（我）",岐阜,"1 wara, wari"
"ware 1, waro 2（我）",飛騨,"1 wara, wari, wai"
"ware 1, waro 2（我）",讚岐,1 wai
"ware 1, waro 2（我）",津軽,1 wae
"ware 1, waro 2（我）",福岡,1 wari
"ware 1, waro 2（我）",熊本南部,1 wari
"ware 1, waro 2（我）",佐賀,1 wai
"ware 1, waro 2（我）",大隅,1 wai
"ware 1, waro 2（我）",鹿児島,1 wai（你）
"ware 1, waro 2（我）",NHK（長崎）,1 wahi
"ware 1, waro 2（我）",島原,"1 wari | 2 waaru, waru"
wareta*,伊平屋,waQtaa
wareta*,具志堅,waQtaa
wareta*,瀬底,waQtaa
wareta*,伊江島,waQtaa
wareta*,首里,waQtaa B
wareta*,那覇,waQtaa
wanoma*,波照間,banuma
waya*,竹富,bǝyaa BC
waya*,黒島,beeha
waya*,鳩間,bee
waya*,波照間,bee
waya*,八重山新城下地,pyaa
wayata*,仲筋,beeta
wayata*,多良間,beetaa
wayata*,鳩間,beeta
wayama*,波照間,"baima, bema, bemaa"
"watakusi 1, watasi 2（私）",沖永良部,1 watagusi
"watakusi 1, watasi 2（私）",首里,1 watakusi A（私事）
"watakusi 1, watasi 2（私）",伊良部,1 watakusi（私房钱、私事）
"watakusi 1, watasi 2（私）",埼玉,2 atai（我）
"watakusi 1, watasi 2（私）",東京,"2 atai, aQsi, waQsi, waQci（我）"
"watakusi 1, watasi 2（私）",東京都三宅島,2 wai（我）
"watakusi 1, watasi 2（私）",八丈,2 ae（我）
"watakusi 1, watasi 2（私）",千葉,"2 atæ, atasi, wasu（我）"
"watakusi 1, watasi 2（私）",千葉県夷隅郡,"2 wate（我）, wai（你）"
"watakusi 1, watasi 2（私）",山梨県,2 wate（我）
"watakusi 1, watasi 2（私）",静岡,"2 asi, atasi, waQci（我）"
"watakusi 1, watasi 2（私）",長野県上田,2 wandare（你）
"watakusi 1, watasi 2（私）",信濃,2 wandare（你们）
"watakusi 1, watasi 2（私）",長野県長野市,2 wandare（你们）
"watakusi 1, watasi 2（私）",長野県埴科郡,2 wandare（你们）
"watakusi 1, watasi 2（私）",長野県佐久,2 wandarya（你们）
"watakusi 1, watasi 2（私）",山梨県南巨摩郡,2 waiQci（你们）
"watakusi 1, watasi 2（私）",青森県,2 wai（我）
"watakusi 1, watasi 2（私）",青森県三戸郡,2 wai（我）
"watakusi 1, watasi 2（私）",津軽,2 wasi（我）
"watakusi 1, watasi 2（私）",岩手,2 wadaQsya（我）
"watakusi 1, watasi 2（私）",茨城,"1 waQci, waciki, waaki（我）, waQki（自己） | 2 watae, watee（我）"
"watakusi 1, watasi 2（私）",栃木県大田原市,2 wate（我）
"watakusi 1, watasi 2（私）",栃木県那須郡,2 wate（我）
"watakusi 1, watasi 2（私）",島根,1 waQci（我）
"watakusi 1, watasi 2（私）",島根県出雲,1 wataki（我，上流） | 2 aci（我们）
"watakusi 1, watasi 2（私）",島根県安濃郡,1 wahaci（我们）
"watakusi 1, watasi 2（私）",山形県,"2 wai, wae（你，对晚辈）"
"watakusi 1, watasi 2（私）",新潟県佐渡,2 waya（你）
"watakusi 1, watasi 2（私）",鳥取県米子市,2 wai（你）
"watakusi 1, watasi 2（私）",山形県,2 wae（你们，对晚辈）
"watakusi 1, watasi 2（私）",島根県八束郡,2 wae（你们）
"watakusi 1, watasi 2（私）",島根県能義郡,1 waaci（你们）
"watakusi 1, watasi 2（私）",島根県大原郡,1 waici（你们）
"watakusi 1, watasi 2（私）",島根県邇摩郡,1 waici（你们）
"watakusi 1, watasi 2（私）",福岡,"1 atasi（我） | 2 atakusi（我）, ataki（我，主要对同辈）"
"watakusi 1, watasi 2（私）",豊後,"2 asi, otasi（我）"
"watakusi 1, watasi 2（私）",NHK（佐賀）,2 atai（我）
"watakusi 1, watasi 2（私）",鹿児島,2 atai（我）
"watakusi 1, watasi 2（私）",NHK（長崎）,2 watai（我）
"watakusi 1, watasi 2（私）",島原,"2 wai, wasi, watai, watsu（我）"
"watakusi 1, watasi 2（私）",壱岐,2 atasi（我）
"watakusi 1, watasi 2（私）",甑島,2 atasi（我）
"watakusi 1, watasi 2（私）",熊本南部,"2 watai, atasi（我）"
"watakusi 1, watasi 2（私）",鹿児島県姶良郡,2 wai（我，男性语）
"watakusi 1, watasi 2（私）",大分県,"2 waQsoo, waQton（我们）"
"watakusi 1, watasi 2（私）",鹿児島県,"2 ataando, atahando（我们）"
"watakusi 1, watasi 2（私）",鹿児島郡,"2 atahando, atando（我们）"
"watakusi 1, watasi 2（私）",宮崎県西諸県郡,2 wai（你，对同辈以下）
"watakusi 1, watasi 2（私）",都城,2 wai（你）
"watakusi 1, watasi 2（私）",佐賀県,2 wai（你）
"watakusi 1, watasi 2（私）",佐賀県東松浦郡,2 wai（你）
"watakusi 1, watasi 2（私）",長崎県佐世保市,2 wai（你）
"watakusi 1, watasi 2（私）",長崎県東彼杵郡,2 wai（你）
"watakusi 1, watasi 2（私）",熊本県芦北郡,2 wai（你对晚辈）
"watakusi 1, watasi 2（私）",熊本県天草郡,2 wai（你对晚辈）
"watakusi 1, watasi 2（私）",鹿児島県,2 wai（你，对同辈以下）
"watakusi 1, watasi 2（私）",硫黄島,2 wai（你）
"watakusi 1, watasi 2（私）",屋久島,2 wai（你）
"watakusi 1, watasi 2（私）",鹿児島県,2 wai（你们）
"watakusi 1, watasi 2（私）",薩摩,2 wae（你们对身分低者）
"watakusi 1, watasi 2（私）",新潟県佐渡,"2 wate（我）, acaa（我们，儿童语）, wai, wate（你）"
"watakusi 1, watasi 2（私）",滋賀県大津市,2 wate（我，女性语）
"watakusi 1, watasi 2（私）",兵庫県赤穂郡,2 wate（我）
"watakusi 1, watasi 2（私）",兵庫県明石郡,"2 wate（我，女性语）, wae（我）, wai（自己）"
"watakusi 1, watasi 2（私）",淡路島,2 wate（我，女性语）
"watakusi 1, watasi 2（私）",香川県仲多度郡,2 wate（我）
"watakusi 1, watasi 2（私）",徳島県海部郡,"2 wate（我）, aci（自己）"
"watakusi 1, watasi 2（私）",徳島県美馬郡,"2 wate（我）, ato（你）"
"watakusi 1, watasi 2（私）",福井,"1 waaci, waci（我） | 2 wate（我，主要为女性）"
"watakusi 1, watasi 2（私）",福井県池田町西角間,1 waQci（我） | 2 wate（我）
"watakusi 1, watasi 2（私）",福井県南条郡,2 watee（我，女性语）
"watakusi 1, watasi 2（私）",福井県敦賀郡,2 watee（我，女性语）
"watakusi 1, watasi 2（私）",岐阜,"1 waQci（我） | 2 atai, atee, watai, watae, waQsi（我）"
"watakusi 1, watasi 2（私）",岐阜県不破郡,"2 wate, watee（我）"
"watakusi 1, watasi 2（私）",高知県幡多郡,"2 wate, watee（我）"
"watakusi 1, watasi 2（私）",愛知,"1 waQci（我） | 2 osi, wasin, watai（我）"
"watakusi 1, watasi 2（私）",愛知県名古屋市,2 wai（我）
"watakusi 1, watasi 2（私）",滋賀県,2 wai（我，男孩语）
"watakusi 1, watasi 2（私）",彦根,2 wai（我）
"watakusi 1, watasi 2（私）",三重県阿山郡,2 wai（我）
"watakusi 1, watasi 2（私）",兵庫県,2 wai（我）
"watakusi 1, watasi 2（私）",奈良県,"2 wai（我、自己）, wate（我，主要为女性）, wae（自己）"
"watakusi 1, watasi 2（私）",南大和,2 wai（我，女子语）
"watakusi 1, watasi 2（私）",和歌山市,2 wai（我，卑语）
"watakusi 1, watasi 2（私）",島根県那賀郡,2 wai（我）
"watakusi 1, watasi 2（私）",徳島県板野郡,2 wai（我，男子）
"watakusi 1, watasi 2（私）",三重県名賀郡,2 wae（我）
"watakusi 1, watasi 2（私）",奈良県吉野郡,"2 wae（我，女子语）, aitee（你）"
"watakusi 1, watasi 2（私）",神戸市,2 wae（我）
"watakusi 1, watasi 2（私）",三重県南牟婁郡,1 wataki（我） | 2 aite（你）
"watakusi 1, watasi 2（私）",伊賀,"2 watai, watae（我）"
"watakusi 1, watasi 2（私）",南伊勢,2 otai（我）
"watakusi 1, watasi 2（私）",京都,"2 wai, wate（我）"
"watakusi 1, watasi 2（私）",京都府葛野郡,2 wai（你）
"watakusi 1, watasi 2（私）",大阪,"2 waasi, wai, watai, watee, wate（我，女性语）"
"watakusi 1, watasi 2（私）",紀州,"2 atae, wai, watae（我）"
"watakusi 1, watasi 2（私）",和歌山県,"2 ata, atae, aten, watai, wate, wai, wae, ai（我，小儿语）"
"watakusi 1, watasi 2（私）",和歌山県東牟婁郡,"1 waaki, waki, wataki（我，女性语） | 2 aya, ae（你，对同辈以下）, aite（你）"
"watakusi 1, watasi 2（私）",岡山,1 waQci（我）
"watakusi 1, watasi 2（私）",長門,1 waQci（我）
"watakusi 1, watasi 2（私）",岡山県津山市,1 waki（我）
"watakusi 1, watasi 2（私）",岡山県,1 waQki（自己，女性语）
"watakusi 1, watasi 2（私）",山口県,1 waciki（我，卑语） | 2 wate（我，卑语）
"watakusi 1, watasi 2（私）",山口県防府市,1 wahiki（我，卑语）
"watakusi 1, watasi 2（私）",山口県阿武郡,"2 wae（你，对他者卑语）, wai（你）"
"watakusi 1, watasi 2（私）",三重県見島,2 wae（你）
"watakusi 1, watasi 2（私）",三重県長島,2 wae（你）
"watakusi 1, watasi 2（私）",山口県大島,2 wai（你）
"watakusi 1, watasi 2（私）",愛媛県越智郡,1 waciki（我）
"watakusi 1, watasi 2（私）",讚岐,"1 otaci, otakusi, waku（我，男子小学生） | 2 otai, otasi, wai, ai（我，男子小学生）"
"watakusi 1, watasi 2（私）",徳島県,"2 wai, watee（我）"
"watakusi 1, watasi 2（私）",土佐,"2 asi, ate, atei, wai（我，下流）"
"watakusi 1, watasi 2（私）",伊予,"1 wataki, wataku, waQci（我）| 2 asi, otasi, wai（我）"
"watakusi 1, watasi 2（私）",香川県小豆島,1 waku（我、自己） | 2 wai（我；你，对晚輩；自己）
"watakusi 1, watasi 2（私）",愛媛県東部,1 otaki（我）
"watakusi 1, watasi 2（私）",愛媛周桑,"1 ataki, wataku（我） | 2 otasi（我）"
"watakusi 1, watasi 2（私）",兵庫県加古郡,2 waQsa（我们）
"watakusi 1, watasi 2（私）",福井県大飯郡,2 wae（你，对同輩以下，请客時）
"watakusi 1, watasi 2（私）",三重県志摩郡,"2 wae（你）, ayo（你）"
"watakusi 1, watasi 2（私）",岐阜県大野郡,2 wai（你，卑语）
"watakusi 1, watasi 2（私）",岐阜県恵那郡,2 wata（你们）
"watakusi 1, watasi 2（私）",滋賀県甲賀郡,1 wakura（你们）
"watakusi 1, watasi 2（私）",京都府,2 wate（你）
"watakusi 1, watasi 2（私）",京都市,2 wate（自己）
"watakusi 1, watasi 2（私）",広島県山県郡,2 wai（自己）
"watakusi 1, watasi 2（私）",石川県石川郡,1 wareki（你们）
"watakusi 1, watasi 2（私）",愛媛県,2 wai（你）
wakaras-*（別）,伊江島,waharasyun
wakaras-*（別）,水納,bakaarasï
"wakareru 1, hakareru* 2（分）",奈良田,wakalelu
"wakareru 1, hakareru* 2（分）",福井県大野市上打波,wagareru
"wakareru 1, hakareru* 2（分）",津軽,wagaeru
"wakareru 1, hakareru* 2（分）",甑島里,wakarui
"wakareru 1, hakareru* 2（分）",大和浜,"waxarë, waxarëruri | wakare（名词）：waxarë"
"wakareru 1, hakareru* 2（分）",麦屋東区,"wakaryun, wakayun, waayun | wakare（名词）：wakari B"
"wakareru 1, hakareru* 2（分）",田皆,wakarin
"wakareru 1, hakareru* 2（分）",浅間,wakare（名词）：wakarïï B
"wakareru 1, hakareru* 2（分）",伊平屋田名,wakarin B
"wakareru 1, hakareru* 2（分）",今帰仁,wahaarin B | wakare（名词）：wahaarii B
"wakareru 1, hakareru* 2（分）",渡久地,wakarin
"wakareru 1, hakareru* 2（分）",伊江島,wahariyun | wakare（名词）：wahai B
"wakareru 1, hakareru* 2（分）",首里,wakariyun (wakarir-) B | wakare（名词）：wakarii B
"wakareru 1, hakareru* 2（分）",与那覇,bakaari
"wakareru 1, hakareru* 2（分）",水納,bakaari
"wakareru 1, hakareru* 2（分）",池間西原,wakare（名词）：bakyaai C
"wakareru 1, hakareru* 2（分）",佐和田,"wakare（名词）：bakyaari, bakaari"
"wakareru 1, hakareru* 2（分）",仲地,wakare（名词）：bakyaari
"wakareru 1, hakareru* 2（分）",多良間,wakare（名词）：bakaal C/B
"wakareru 1, hakareru* 2（分）",石垣,"bagarirun, bagarin | wakare（名词）：bagari BC"
"wakareru 1, hakareru* 2（分）",波照間,bagarin
"wakareru 1, hakareru* 2（分）",川平,wakare（名词）：hakarï（拉门）
"wakareru 1, hakareru* 2（分）",竹富,wakare（名词）：baari
wakaru（分）,沖永良部国頭,wakayun
wakaru（分）,麦屋東区,wakayun
wakaru（分）,伊平屋,wakain
wakaru（分）,今帰仁,wahaarun B
wakaru（分）,渡久地,wakain
wakaru（分）,伊江島,"wakayun, wahayun（新）"
wakaru（分）,首里,wakayun (wakar-) B
wakaru（分）,石垣,bagarun
wakaru（分）,西表古見,bagarun
wakaru（分）,西表祖納,wakaru
wakaru（分）,船浮,wakaru
wakaru（分）,波照間,bagarun
wakaru（分）,与那国祖納,bagarun (bagar-) B
wakas-*（分）,麦屋東区,wakasyun
wakas-*（分）,今帰仁,"wakaasun B, wahaasun B"
wakas-*（分）,首里,wakasyun (wakas-) B
wakas-*（分）,竹富,bankasun（扔）
wakas-*（分）,鳩間,bakasun
wakas-*（分）,与那国祖納,bagan (bagas-) B
wakeru（分）,奈良田,wakelu
wakeru（分）,福井県大野市上打波,wageru | wake（名词）：wage
wakeru（分）,南伊勢,akeru
wakeru（分）,紀州,akeru
wakeru（分）,甑島里,wakui
wakeru（分）,大和浜,"wëhë, wëhëruri"
wakeru（分）,麦屋東区,"wakyun, waiyun"
wakeru（分）,今帰仁,wakiirun B | wake（名词）：wakii B
wakeru（分）,渡久地,wakin | wake（名词）：waki
wakeru（分）,伊江島,wakiyun
wakeru（分）,首里,wakiyun (wakir-) B | wake（名词）：waki B
wakeru（分）,与那覇,baki
wakeru（分）,石垣,"bagirun, bagin"
wakeru（分）,船浮,bakiru
wakeru（分）,竹富,bǝirun BC
wakeru（分）,鳩間,bakirun
wakeru（分）,古琉球朝鲜语对音,wake=te：와가디
waki（脇）,福井県大野市上打波,wagi
waki（脇）,紀州,aki
waki（脇）,頴娃町,waQ
waki（脇）,志戸桶,waki
waki（脇）,大和浜,waki
waki（脇）,湯湾,waki
waki（脇）,井之川,waki
waki（脇）,茶花,waki
waki（脇）,古仁屋,wak
waki（脇）,済井出,waci
waki（脇）,首里,waci B
waki（脇）,久米,waci
waki（脇）,今帰仁,wacii
waki（脇）,伊江島,wacii
waki（脇）,石垣,"bakï, bagï"
waki（脇）,小浜,bagï
waki（脇）,新城,bagï
waki（脇）,竹富,bǝsi
waki（脇）,鳩間,baki
waki（脇）,黒島,baki
waki（脇）,波照間,basï
waki（脇）,金武,waacii B
waki（脇）,伊平屋田名,wacii B
waki（脇）,水納,baki
waki（脇）,西表古見,bakï̥
waki（脇）,田皆,wakii
wakida*（腋）,大神,bakïta
wakida*（腋）,友利,"batsïda, bivda"
wakida*（腋）,砂川,"biQta, bivda"
wakida*（腋）,宮古新城,"bakïda, biQta"
wakida*（腋）,川平,bagïnda
wakida*（腋）,与那覇,bakïda
wakimaeru（弁）,千葉県東葛飾郡,amaeru
wakimaeru（弁）,千葉県船橋,ameru
wakimaeru（弁）,新潟県中蒲原郡,wanmaeru
wakimaeru（弁）,新潟県,manmaeru
wakimaeru（弁）,尾張,"wakimaeru, wamaeru"
wakimaeru（弁）,新潟県中頸城郡,"wakumeru, wagumeru, manmaeru"
wakimaeru（弁）,新潟県佐渡,mamaeru
wakimaeru（弁）,新潟県西頸城郡,mamaeru
wakimaeru（弁）,富山県,bamaeru
wakimaeru（弁）,富山県砺波,waamaeru
wakimaeru（弁）,富山市近在,wanmaeru
wakimaeru（弁）,石川県鹿島郡,wamaeru
wakimaeru（弁）,愛知県知多郡,mameru
wakimaeru（弁）,和歌山市,maeru
wakimaeru（弁）,青森県津軽,wakubaeru
wakimaeru（弁）,長野県東筑摩郡,"wakumeru, yakumeru"
wakimaeru（弁）,長野県西筑摩郡,wakumeru
wakimaeru（弁）,喜界,waQcameeyui
wakimaeru（弁）,国頭郡,wancameein
wakimaeru（弁）,今帰仁,wancumeerun
wakimaeru（弁）,伊江島,wancamiyun
wakimaeru（弁）,首里,wancameeyun (wancameer-) B
wakimaeru（弁）,那覇,wancameeyun
waku（分）,伊江島,wacun
waku（分）,首里,wacun (wak-) B
waku（分）,水納,baki
waku（分）,西表古見,bagun
waku（分）,波照間,bagun
waza（業）,新潟県西頸城郡,wanza
waza（業）,岐阜県可児郡,wanza
waza（業）,岐阜県恵那郡,wanza
waza（業）,愛知県東春日井郡,wanza
waza（業）,岐阜県本巣郡,wanzo
waza（業）,岐阜県稲葉郡,wanzo
waza（業）,兵庫県淡路島,wanzo
waza（業）,新潟県上越市,wanza
waza（業）,島根県隠岐島,wazasi
waza（業）,麦屋東区,wazya
waza（業）,伊平屋田名,wazya A
waza（業）,今帰仁,wazyaa
waza（業）,渡久地,wazyaa
waza（業）,金武,wazyaa B
waza（業）,伊江島,wazaa
waza（業）,首里,waz̧ya B
waza（業）,伊良部,waza
waza（業）,砂川,waza
waza（業）,水納,waza
waza（業）,石垣,waza
waza（業）,川平,waza
waza（業）,波照間,waza
waza（業）,与那国,bada C
"wazato 1, wazaQto 2（態）",埼玉,2 wazaQto
"wazato 1, wazaQto 2（態）",東京,2 wazaQto
"wazato 1, wazaQto 2（態）",千葉,1 wazanto
"wazato 1, wazaQto 2（態）",静岡,"1 wanzado, 2 bazaQto"
"wazato 1, wazaQto 2（態）",和歌山県,2 wazaQto
"wazato 1, wazaQto 2（態）",讚岐,"2 wazaQte, wazaQto, 1 wazanto"
"wazato 1, wazaQto 2（態）",愛媛周桑,"2 wazaQto, waazaQto, wazaaQto"
"wazato 1, wazaQto 2（態）",伊予,"2 wazaQto, waazaQto"
"wazato 1, wazaQto 2（態）",岡山,2 wazaQto
"wazato 1, wazaQto 2（態）",長門,2 wazaQto
"wazato 1, wazaQto 2（態）",鳥取,"2 wazaQto, wadaQto"
"wazato 1, wazaQto 2（態）",島根,"2 wazaQto, wadaQto"
"wazato 1, wazaQto 2（態）",豊後,2 wazaQto
"wazato 1, wazaQto 2（態）",佐賀,1 wanzato
"wazato 1, wazaQto 2（態）",長崎,1 wanzato
"wazato 1, wazaQto 2（態）",壱岐,1 wanzatsu
"wazato 1, wazaQto 2（態）",島原,"1 wanzatsu, 2 wanzaQto"
"wazato 1, wazaQto 2（態）",麦屋東区,2 wadaQtu
"wazato 1, wazaQto 2（態）",伊江島,1 wazaatu（新）
"wazato 1, wazaQto 2（態）",首里,"1 waz̧yatu A, 2 waz̧yaQtu A"
"wazato 1, wazaQto 2（態）",今帰仁,2 wazyaQtu
"wazato 1, wazaQto 2（態）",石垣,1 wazatu
wazawai（禍）,鹿児島県,"waze（非常）, wazaisiko, waQzaesiko, wazesiko, waQzesiko（很多）"
wazawai（禍）,鹿児島県姶良郡,"wazee, waQzeeka（非常）"
wazawai（禍）,鹿児島県揖宿郡,"aazee, aQzee, waazee, waQzee, wazeega（非常）"
wazawai（禍）,鹿児島県肝属郡,"azai, waQzee（非常）, waQzee（很多）"
wazawai（禍）,鹿児島県種子島,"azai, wazawai, wazai, waazai（非常）"
wazawai（禍）,鹿児島県屋久島,"warawae, warawa, wazee（非常）, wazawaika, wazawaisiko, wazehiko（很多）"
wazawai（禍）,宮崎県西諸県郡,waQzesiko（很多）
wazawai（禍）,鹿児島県鹿児島市,wazawai（很多）
wazawai（禍）,徳之島,wazee（非常）
wazawaza（態態）,紀州,azaaza
wazawaza（態態）,周防大島,wadawada
wazawaza（態態）,津軽,wazyawazya
wazawaza（態態）,秋田,wazyawazya
wazawaza（態態）,豊後,wadawada
wazawaza（態態）,大和浜,wazawaza
wazawaza（態態）,麦屋東区,wazyawazya
wazawaza（態態）,今帰仁,wazyaawazyaa
wazawaza（態態）,伊江島,wazawaza
wazawaza（態態）,首里,waz̧yawaz̧ya A
wazawaza（態態）,石垣,wazawaza
wazawaza（態態）,西表古見,wazawaza
wasameku,麦屋東区,wasyamikyun
wasawasa,渡久地,wasawasaa
wasawasa,伊江島,"wasawasa, wasaawasa"
wasawasa,首里,wasawasa A
warabea*（童）,伊平屋,waraba
warabea*（童）,首里,warabaa B
warabea*（童）,石垣,yarabyaa
warasi（童）,新潟県東蒲原郡,warasi
warasi（童）,北海道函館,warasi
warasi（童）,小樽市,warasi
warasi（童）,奥羽,warasi
warasi（童）,青森県,warasi
warasi（童）,陸奥下北,warasi
warasi（童）,岩手県,warasi
warasi（童）,盛岡,warasi
warasi（童）,秋田県,warasi
warasi（童）,宮城県,warasi
warasi（童）,仙台,warasi
warasi（童）,福島県,warasi
warasi（童）,青森県南津軽郡,warasiko
warasi（童）,宮城県石巻,warasiko
warasi（童）,福島県相馬郡,warasiko
warasi（童）,山形県,"warasi, warasiko, warasibe"
warasi（童）,福島県石川郡,waraQsi
warasi（童）,福島県東白川郡,warasiQko
warasi（童）,栃木県上都賀郡,warasi
warasi（童）,栃木県那須郡,"warasi, waraasi"
warasi（童）,栃木県塩谷郡,waraasi
"warawa 1, waQpa 2（童）",高知県,2 waQsa
"warawa 1, waQpa 2（童）",高知市,"2 waQsa, waQsoo"
"warawa 1, waQpa 2（童）",青森県津軽,2 waraQpa
"warawabe 1, warabe 2, waranbe 3, waroube 4（童）",八丈,2 warabidoo
"warawabe 1, warabe 2, waranbe 3, waroube 4（童）",鹿児島県島嶼,2 warabi
"warawabe 1, warabe 2, waranbe 3, waroube 4（童）",小野津,2 warabɪ
"warawabe 1, warabe 2, waranbe 3, waroube 4（童）",志戸桶,2 warabï
"warawabe 1, warabe 2, waranbe 3, waroube 4（童）",名瀬,2 warabï
"warawabe 1, warabe 2, waranbe 3, waroube 4（童）",大和浜,2 warabï
"warawabe 1, warabe 2, waranbe 3, waroube 4（童）",湯湾,2 warabï
"warawabe 1, warabe 2, waranbe 3, waroube 4（童）",古仁屋,2 warabï
"warawabe 1, warabe 2, waranbe 3, waroube 4（童）",諸鈍,2 warabï
"warawabe 1, warabe 2, waranbe 3, waroube 4（童）",阿伝,2 warabi
"warawabe 1, warabe 2, waranbe 3, waroube 4（童）",湾,2 warabi
"warawabe 1, warabe 2, waranbe 3, waroube 4（童）",中里,2 warabi
"warawabe 1, warabe 2, waranbe 3, waroube 4（童）",沖永良部国頭,2 warabi
"warawabe 1, warabe 2, waranbe 3, waroube 4（童）",手々知名,2 warabi
"warawabe 1, warabe 2, waranbe 3, waroube 4（童）",赤嶺,2 warabi
"warawabe 1, warabe 2, waranbe 3, waroube 4（童）",田皆,2 warabi
"warawabe 1, warabe 2, waranbe 3, waroube 4（童）",麦屋東区,2 warabi
"warawabe 1, warabe 2, waranbe 3, waroube 4（童）",浅間,2 warëë
"warawabe 1, warabe 2, waranbe 3, waroube 4（童）",井之川,2 warengwa（~の子）
"warawabe 1, warabe 2, waranbe 3, waroube 4（童）",亀津,2 warengwa（~の子）
"warawabe 1, warabe 2, waranbe 3, waroube 4（童）",伊平屋,"2 warabi C, warei C"
"warawabe 1, warabe 2, waranbe 3, waroube 4（童）",田名,2 warabii
"warawabe 1, warabe 2, waranbe 3, waroube 4（童）",国頭郡,2 waraai
"warawabe 1, warabe 2, waranbe 3, waroube 4（童）",今帰仁,2 waraabii
"warawabe 1, warabe 2, waranbe 3, waroube 4（童）",渡久地,2 warabi
"warawabe 1, warabe 2, waranbe 3, waroube 4（童）",金武,2 warabi C
"warawabe 1, warabe 2, waranbe 3, waroube 4（童）",首里,2 warabi B
"warawabe 1, warabe 2, waranbe 3, waroube 4（童）",那覇,2 warabi
"warawabe 1, warabe 2, waranbe 3, waroube 4（童）",池間,2 yarabi C
"warawabe 1, warabe 2, waranbe 3, waroube 4（童）",佐和田,2 yarabi
"warawabe 1, warabe 2, waranbe 3, waroube 4（童）",長浜,2 yarabi
"warawabe 1, warabe 2, waranbe 3, waroube 4（童）",国仲,2 yarabi
"warawabe 1, warabe 2, waranbe 3, waroube 4（童）",大神,2 yarabi
"warawabe 1, warabe 2, waranbe 3, waroube 4（童）",狩俣,2 yarabi
"warawabe 1, warabe 2, waranbe 3, waroube 4（童）",大浦,2 yarabi
"warawabe 1, warabe 2, waranbe 3, waroube 4（童）",平良,2 yarabi
"warawabe 1, warabe 2, waranbe 3, waroube 4（童）",久貝,2 yarabi
"warawabe 1, warabe 2, waranbe 3, waroube 4（童）",上地,2 yarabi
"warawabe 1, warabe 2, waranbe 3, waroube 4（童）",与那覇,2 yarabi
"warawabe 1, warabe 2, waranbe 3, waroube 4（童）",来間,2 yarabi
"warawabe 1, warabe 2, waranbe 3, waroube 4（童）",砂川,2 yarabi
"warawabe 1, warabe 2, waranbe 3, waroube 4（童）",保良,2 yarabi
"warawabe 1, warabe 2, waranbe 3, waroube 4（童）",多良間,2 yarabi C
"warawabe 1, warabe 2, waranbe 3, waroube 4（童）",水納,2 yarabi
"warawabe 1, warabe 2, waranbe 3, waroube 4（童）",石垣,2 yarabi B
"warawabe 1, warabe 2, waranbe 3, waroube 4（童）",小浜,2 yarabi
"warawabe 1, warabe 2, waranbe 3, waroube 4（童）",西表古見,2 yarabi
"warawabe 1, warabe 2, waranbe 3, waroube 4（童）",竹富,2 yarabi
"warawabe 1, warabe 2, waranbe 3, waroube 4（童）",黒島,2 yarabi
"warawabe 1, warabe 2, waranbe 3, waroube 4（童）",鳩間,2 yarabi
"warawabe 1, warabe 2, waranbe 3, waroube 4（童）",波照間,2 yarabi
"warawabe 1, warabe 2, waranbe 3, waroube 4（童）",与那国,2 yarabi
wasuke-*（忘）,石垣,"basïkin, basïkiru"
wasuke-*（忘）,川平,"basïkin, basïkiru"
wasuke-*（忘）,大浜,basïkiin
wasuke-*（忘）,西表古見,basïkirun
wasuke-*（忘）,西表祖納,"basiki, basikin"
wasuke-*（忘）,竹富,baQkirun
wasuras-*（忘）,麦屋東区,waasirasyun
wasuru（忘）,八丈,wasurowa
wasureru（忘・他动）,奈良田,waθulelu
wasureru（忘・他动）,石川県河原山,waQsyoeru
wasureru（忘・他动）,福井県大野市上打波,waQsyeru
wasureru（忘・他动）,神戸,waQseru
wasureru（忘・他动）,播磨,waQseru
wasureru（忘・他动）,徳島,waQseru
wasureru（忘・他动）,津軽,wasueru
wasureru（忘・他动）,秋田,wasueru
wasureru（忘・他动）,岩手,"wasyeru, waQseru, waQsyeru, waQseeru"
wasureru（忘・他动）,山形,waseru
wasureru（忘・他动）,仙台,waQsyeru
wasureru（忘・他动）,福島,"wasyeru, waseru, waQseru, waQsyeru"
wasureru（忘・他动）,鳥取,"wasireru, waQsyeru"
wasureru（忘・他动）,柳川,uQcasururu（打~）
wasureru（忘・他动）,鹿児島,wasuruQ
wasureru（忘・他动）,甑島里,wasurui
wasureru（忘・他动）,志戸桶,waQsiyui
wasureru（忘・他动）,名瀬,wasirën
wasureru（忘・他动）,大和浜,wasïrïruri
wasureru（忘・他动）,湯湾,wasïrïyun
wasureru（忘・他动）,古仁屋,wasïrïyum
wasureru（忘・他动）,諸鈍,wasreyum
wasureru（忘・他动）,井之川,waQsiri
wasureru（忘・他动）,亀津,waasiri
wasureru（忘・他动）,沖永良部国頭,wasiriyun
wasureru（忘・他动）,瀬利覚,wasiriyun
wasureru（忘・他动）,田皆,wasirin
wasureru（忘・他动）,茶花,waasiryun
wasureru（忘・他动）,麦屋東区,waasiryun
wasureru（忘・他动）,伊平屋田名,wasirin B
wasureru（忘・他动）,辺土名,waQsiin
wasureru（忘・他动）,済井出,wasiin
wasureru（忘・他动）,今帰仁,waQsin A
wasureru（忘・他动）,渡久地,waQsin
wasureru（忘・他动）,伊江島,waçiyun
wasureru（忘・他动）,首里,waşiyun (waşir-) A
wasureru（忘・他动）,池間,baQsii
wasureru（忘・他动）,佐良浜,baQsii
wasureru（忘・他动）,伊良部,baQsiï
wasureru（忘・他动）,大神,baQsï
wasureru（忘・他动）,大浦,baQsiï
wasureru（忘・他动）,上地,baQsiï
wasureru（忘・他动）,与那覇,baQsi
wasureru（忘・他动）,久松,basiz
wasureru（忘・他动）,仲筋,baQsil
wasureru（忘・他动）,水納,baQsi
wasureru（忘・他动）,黒島,baQsirun
wasureru（忘・他动）,波照間,"baQsirun, baQsin"
wasureru（忘・他动）,与那国祖納,bac'irun (bac'ir-) A
warawakasu（笑）,神奈川県高座郡,waratakasu
warau（笑）,八丈,waroowa
warau（笑）,奈良田,waloo
warau（笑）,石川県河原山,waroo
warau（笑）,南伊勢,aroo
warau（笑）,志摩,arau
warau（笑）,紀州,arau
warau（笑）,岩手,waru
warau（笑）,島原,waruu
warau（笑）,壱岐,waruu
warau（笑）,鹿児島,waru
warau（笑）,肝属内之浦,waru
warau（笑）,甑島,aruu
warau（笑）,甑島里,waruu
warau（笑）,志戸桶,"waaraayui, waaraayun"
warau（笑）,大和浜,warauri
warau（笑）,浅間,waroyun
warau（笑）,沖永良部国頭,waroyun
warau（笑）,麦屋東区,waren | warai（名词）：waree
warau（笑）,田皆,waroi
warau（笑）,伊平屋田名,warein A
warau（笑）,今帰仁,waren A
warau（笑）,具志堅,"warain, warein"
warau（笑）,渡久地,warain
warau（笑）,瀬底,waraain
warau（笑）,伊江島,warayun | warai（名词）：waree
warau（笑）,首里,warayun (wara-) A
warau（笑）,池間,baraii
warau（笑）,大神,para
warau（笑）,長浜,baraï
warau（笑）,伊良部,baroo | warai（名词）：baraï
warau（笑）,平良,barau
warau（笑）,与那覇,"baroo, baroom | warai（名词）：baraï"
warau（笑）,多良間,baruu
warau（笑）,水納,baroo
warau（笑）,石垣,"baarun, baaraun, baaroon | warai（名词）：baarai"
warau（笑）,川平,baaroon
warau（笑）,小浜,baarai
warau（笑）,西表古見,baraun
warau（笑）,竹富,bǝroon A
warau（笑）,黒島,barau
warau（笑）,鳩間,baraun
warau（笑）,波照間,baarun
warau（笑）,与那国祖納,barun (bara-) A
warau（笑）,古琉球汉语对音,wara=i=te：瓦喇的 瓦啦的
warawasu（笑）,麦屋東区,waroosyun
warawasu（笑）,水納,baraasï
wabiru（侘）,混効験集,waberu
wabiru（侘）,沖縄,wabiin
wabiru（侘）,伊江島,wabiyun | wabi（名词）：wabi
wabiru（侘）,今帰仁,wabi（名词）：wabii
wabiru（侘）,首里,wabi（名词）：wabi A（投降）
"warogaru 1, warugaru 2（悪）",千葉県東葛飾郡,2 warugaru（感到可耻）
"warogaru 1, warugaru 2（悪）",千葉県船橋,2 warugaru（感到可耻）
"warogaru 1, warugaru 2（悪）",三重県名張市,2 warigaru（感到可耻）
"warogaru 1, warugaru 2（悪）",山口県,2 warugaru（感到可耻）
"warogaru 1, warugaru 2（悪）",香川県伊吹島,2 warugaru（感到可耻）
"warogaru 1, warugaru 2（悪）",青森県,2 warigaru（感到可耻）
"warogaru 1, warugaru 2（悪）",秋田県平鹿郡,2 warigaru（感到可耻）
"warogaru 1, warugaru 2（悪）",島根県,2 warigaru（感到可耻）
"warogaru 1, warugaru 2（悪）",島根県出雲,2 waagaru（感到可耻）
"warogaru 1, warugaru 2（悪）",島根県隠岐島,2 waQgaru（感到可耻）
"warogaru 1, warugaru 2（悪）",大分県日田郡,2 warugaru（讨厌）
waruwarui（悪悪）,島根県能義郡,waawarii
"warui 1, waroi 2, wara-* 3（悪）",埼玉,1 warii
"warui 1, waroi 2, wara-* 3（悪）",八丈,1 warukya
"warui 1, waroi 2, wara-* 3（悪）",千葉,1 wari
"warui 1, waroi 2, wara-* 3（悪）",NHK（新潟）,1 wari
"warui 1, waroi 2, wara-* 3（悪）",奈良田,1 walui
"warui 1, waroi 2, wara-* 3（悪）",静岡,1 wanrui
"warui 1, waroi 2, wara-* 3（悪）",南伊勢,"1 arui, wari"
"warui 1, waroi 2, wara-* 3（悪）",和歌山県,"1 arui, wari"
"warui 1, waroi 2, wara-* 3（悪）",紀州,"1 wari, warii"
"warui 1, waroi 2, wara-* 3（悪）",NHK（和歌山）,1 arui
"warui 1, waroi 2, wara-* 3（悪）",伊予,1 waarui
"warui 1, waroi 2, wara-* 3（悪）",津軽,1 wari
"warui 1, waroi 2, wara-* 3（悪）",岩手,"1 wari, 2 waroi"
"warui 1, waroi 2, wara-* 3（悪）",秋田,1 wari
"warui 1, waroi 2, wara-* 3（悪）",山形,"1 waari, wai, 2 ware"
"warui 1, waroi 2, wara-* 3（悪）",福島,"1 wari, waii"
"warui 1, waroi 2, wara-* 3（悪）",鳥取,"1 wari, wai"
"warui 1, waroi 2, wara-* 3（悪）",柳川,1 waruka
"warui 1, waroi 2, wara-* 3（悪）",佐賀,1 waruu
"warui 1, waroi 2, wara-* 3（悪）",肝属内之浦,1 wari
"warui 1, waroi 2, wara-* 3（悪）",甑島里,1 waika
"warui 1, waroi 2, wara-* 3（悪）",鹿児島,"2 oroi, waka"
"warui 1, waroi 2, wara-* 3（悪）",大隅,2 oroi
"warui 1, waroi 2, wara-* 3（悪）",喜界,"1 waQsai, 1/2 waruku"
"warui 1, waroi 2, wara-* 3（悪）",麦屋東区,1 waQsan
"warui 1, waroi 2, wara-* 3（悪）",沖永良部国頭,"1/2 warusan, 2 warosan"
"warui 1, waroi 2, wara-* 3（悪）",後蘭,"1/2 warusan, 2 warosan"
"warui 1, waroi 2, wara-* 3（悪）",赤嶺,2 warosan
"warui 1, waroi 2, wara-* 3（悪）",芦清良,"1/2 warusan, 2 warosan"
"warui 1, waroi 2, wara-* 3（悪）",田皆,2 warosa
"warui 1, waroi 2, wara-* 3（悪）",和泊,1/2 warusan
"warui 1, waroi 2, wara-* 3（悪）",仁志,1/2 warusan
"warui 1, waroi 2, wara-* 3（悪）",大和浜,1/2 warusari
"warui 1, waroi 2, wara-* 3（悪）",古琉球朝鲜语对音,1 요왈사
"warui 1, waroi 2, wara-* 3（悪）",伊平屋田名,1 waQsan B
"warui 1, waroi 2, wara-* 3（悪）",金武,1 waQsan C
"warui 1, waroi 2, wara-* 3（悪）",首里,1 waQsan B
"warui 1, waroi 2, wara-* 3（悪）",国頭郡,1 waQsen
"warui 1, waroi 2, wara-* 3（悪）",今帰仁,1 waQsen B
"warui 1, waroi 2, wara-* 3（悪）",渡久地,1 waQsen
"warui 1, waroi 2, wara-* 3（悪）",古琉球汉语对音,1/2 哇祿撒
"warui 1, waroi 2, wara-* 3（悪）",宮古,1 baïïbaï
"warui 1, waroi 2, wara-* 3（悪）",池間,1 baikai
"warui 1, waroi 2, wara-* 3（悪）",長浜,1 barkal
"warui 1, waroi 2, wara-* 3（悪）",伊良部,1 baïkam
"warui 1, waroi 2, wara-* 3（悪）",狩俣,1 basïkan
"warui 1, waroi 2, wara-* 3（悪）",平良,1 baïkaï
"warui 1, waroi 2, wara-* 3（悪）",久松,"1 pasuupasu, pasumunu"
"warui 1, waroi 2, wara-* 3（悪）",与那覇,1 baï
"warui 1, waroi 2, wara-* 3（悪）",鳩間,"1 waQsan, 3 barasan（古风的说法）"
"warui 1, waroi 2, wara-* 3（悪）",波照間,"1 waQsahan, 1/2 barusan"
"warui 1, waroi 2, wara-* 3（悪）",川平,1/2 barusa
"warui 1, waroi 2, wara-* 3（悪）",西表古見,1/2 baruhan
"warui 1, waroi 2, wara-* 3（悪）",船浮,1/2 warusaru
"warui 1, waroi 2, wara-* 3（悪）",与那国,"1/2 barusan, 3 barasan C"
"warui 1, waroi 2, wara-* 3（悪）",石垣,3 barasaan
"warui 1, waroi 2, wara-* 3（悪）",小浜,3 barahaan
"warui 1, waroi 2, wara-* 3（悪）",白保,3 baasyan（羞耻的）
wagi-*（怒）,伊平屋田名,wazin A
wagi-*（怒）,今帰仁,waziirun
wagi-*（怒）,渡久地,wazin
wagi-*（怒）,伊江島,waziyun
wagi-*（怒）,首里,waziyun (wazir-) A（也表示沸腾）
wagi-*（怒）,琉球底层日语,waziru
wagi-*（怒）,与那国祖納,bangirun (bangir-) A
wakimek-*,沖永良部国頭,wasimicun
wakimek-*,田皆,wasimikin
wagiras-*（沸）,与那国祖納,bangiran (bangiras-) A
wakasu（沸）,奈良田,wakaθu
wakasu（沸）,鹿児島,wakas
wakasu（沸）,上甑島,akasu
wakasu（沸）,大和浜,wahasuri
wakasu（沸）,浅間,waasyun
wakasu（沸）,麦屋東区,"wakasyun, waasyun"
wakasu（沸）,田皆,wakasin
wakasu（沸）,伊平屋田名,wakasun A
wakasu（沸）,渡久地,wakasun
wakasu（沸）,瀬底,wakasun
wakasu（沸）,今帰仁,wakaasun A
wakasu（沸）,伊江島,wahasyun
wakasu（沸）,首里,wakasyun (wakas-) A（新？）
wakasu（沸）,古琉球朝鲜语对音,wakas=e（命令）：와가시
wakasu（沸）,与那覇,bakasï（使发酵、使发霉）
wakasu（沸）,水納,bakasï（使发酵、使发霉）
wakasu（沸）,石垣,bagasïn
wakasu（沸）,川平,bagasun
wakasu（沸）,小浜,bagafun
wakasu（沸）,西表古見,bagafun
wakasu（沸）,竹富,baasun
wakasu（沸）,鳩間,bakasun
wakasu（沸）,波照間,bagasun
wakasu（沸）,八重山新城,"baQsun, pasun"
wakasu（沸）,与那国,bagan (bagas-) A
waku（沸）,八丈,waikyuuru（发怒）
waku（沸）,岩手県気仙郡,waQkiru（发酵）
waku（沸）,大和浜,"waki, waxuri"
waku（沸）,沖永良部国頭,wakyun
waku（沸）,麦屋東区,wakyun
waku（沸）,伊平屋,wacun
waku（沸）,今帰仁,wacun A
waku（沸）,首里,wacun (wak-) A
waku（沸）,長浜,bakï
waku（沸）,平良,bakï
waku（沸）,与那覇,bakï（也表示发酵）
waku（沸）,多良間,bakï
waku（沸）,水納,baki（也表示发酵）
waku（沸）,石垣,bagun
waku（沸）,波照間,"bagun, baagun（也表示酿酒）"
waku（沸）,八重山新城下地,bafun
warakasu（割）,富山県砺波,warakasu
warakasu（割）,岐阜県郡上郡,warakasu
warakasu（割）,岐阜県大垣市,warakasu
warakasu（割）,滋賀県彦根,warakasu
warakasu（割）,大分県,warakasu
warasu（割）,水納,barasï
wareru（割）,奈良田,walelu
wareru（割）,鳥取,waee
wareru（割）,福岡,waruru
wareru（割）,大分,waruru
wareru（割）,宮崎,waruru
wareru（割）,佐賀,waruQ
wareru（割）,福江,"waruQ, waruu"
wareru（割）,上甑島,aruru
wareru（割）,甑島里,warui
wareru（割）,名瀬,wariryun
wareru（割）,大和浜,"warë, warëruri"
wareru（割）,浅間,warïyun
wareru（割）,田皆,warin
wareru（割）,麦屋東区,waryun
wareru（割）,伊平屋田名,warin A
wareru（割）,渡久地,warin
wareru（割）,今帰仁,wariirun A | ware（名词）：warii A
wareru（割）,瀬底,wariin
wareru（割）,伊江島,wariyun
wareru（割）,首里,wariyun (warir-) A | ware（名词）：wari A
wareru（割）,池間,barii
wareru（割）,平良,bariï
wareru（割）,久松,paris
wareru（割）,与那覇,bari | ware（名词）：bari
wareru（割）,多良間,baril
wareru（割）,水納,bari | ware（名词）：bari
wareru（割）,石垣,"barirun, barin"
wareru（割）,小浜,barirun
wareru（割）,鳩間,barirun
wareru（割）,波照間,barirun | ware（名词）：baari
wareru（割）,与那国,barirun
wareru（割）,船浮,bariru
wareru（割）,与那国祖納,bari A | ware（名词）：bari A
warigo（破子）,富山県砺波,warugo
warigo（破子）,和歌山県,wango
waru（割）,奈良田,walu
waru（割）,佐賀,waa
waru（割）,福江,"waa, waQ"
waru（割）,鹿児島,waQ
waru（割）,肝属内之浦,waQ
waru（割）,甑島,aru
waru（割）,甑島里,wai
waru（割）,名瀬,waryun
waru（割）,大和浜,waruri
waru（割）,浅間,wayun
waru（割）,沖永良部国頭,wayun
waru（割）,麦屋東区,wayun
waru（割）,田皆,wai
waru（割）,伊平屋田名,wain A
waru（割）,瀬底,wain
waru（割）,今帰仁,wan
waru（割）,伊江島,wayun
waru（割）,渡久地,wai
waru（割）,首里,wayun (war-) A
waru（割）,池間,bai
waru（割）,長浜,bal
waru（割）,多良間,bal
waru（割）,大神,"paï, barï"
waru（割）,平良,baï
waru（割）,久松,paz
waru（割）,与那覇,baï
waru（割）,水納,bai
waru（割）,石垣,barun
waru（割）,小浜,barun
waru（割）,竹富,barun
waru（割）,鳩間,barun
waru（割）,波照間,barun
waru（割）,与那国,barun
waru（割）,西表祖納,baru
waru（割）,与那国祖納,barun (bar-) A
wata（海）,竹富,bata（也表示海湾）
wata（海）,鳩間,bata（也表示海湾）
wataru（渡）,奈良田,watalu
wataru（渡）,紀州,ataru
wataru（渡）,福江,wataQ
wataru（渡）,甑島里,watai
wataru（渡）,上甑島,ataru
wataru（渡）,名瀬,wataryun
wataru（渡）,大和浜,"waθari, waθaruri"
wataru（渡）,沖永良部国頭,watayun
wataru（渡）,麦屋東区,watayun
wataru（渡）,田皆,watai
wataru（渡）,おもろ,watar-
wataru（渡）,伊平屋田名,watain A
wataru（渡）,今帰仁,wataarun A
wataru（渡）,渡久地,wataree
wataru（渡）,瀬底,watain
wataru（渡）,伊江島,watayun
wataru（渡）,首り,watayun (watar-) A | watari（名词）：watai B
wataru（渡）,平良,bataï
wataru（渡）,与那覇,bataï
wataru（渡）,久松,bataz
wataru（渡）,多良間,batal
wataru（渡）,水納,batai
wataru（渡）,石垣,badarun
wataru（渡）,西表古見,batarun
wataru（渡）,鳩間,batarun
wataru（渡）,波照間,batarun
wataru（渡）,船浮,badaru
wataru（渡）,与那国祖納,bat'arun (bat'ar-)
watasu（渡）,大和浜,"waθasi, waθasuri"
watasu（渡）,沖永良部国頭,watasyun
watasu（渡）,麦屋東区,watasyun
watasu（渡）,今帰仁,wataasun A
watasu（渡）,伊江島,watasyun
watasu（渡）,首里,watasyun (watas-) A
watasu（渡）,水納,batasï
watasu（渡）,波照間,batasun
watasu（渡）,与那国祖納,batan (batas-) A
otyokuru,新潟県東蒲原郡,oQcokuru
outyaku（横着）,肝属内之浦,oQcokuQ
outyaku（横着）,田皆,waasyahoi（动词）
outyaku（横着）,今帰仁,"wazyaakuu, wacaakui"
outyaku（横着）,渡久地,wacaku
outyaku（横着）,伊江島,wacaku
outyaku（横着）,首里,wacaku B
outyaku（横着）,伊良部,wacaku
outyaku（横着）,水納,wacaku
outyaku（横着）,与那覇,"wacaku, oocaku"
outyaku（横着）,西表古見,wacikoo
outyaku（横着）,波照間,wasi̥ku
"ouwaku 1, wawaku 2（枉惑）",青森,õbagu
"ouwaku 1, wawaku 2（枉惑）",津軽,"oobagu, obagu"
"ouwaku 1, wawaku 2（枉惑）",秋田鹿角,obaku
"ouwaku 1, wawaku 2（枉惑）",福島,"omaku, onbaku"
wayakuru（誑惑）,八丈,waikuru
wayakuru（誑惑）,兵庫県神戸市,"wayakuru, waekuru"
wayakuru（誑惑）,今帰仁,wacaakun
wayakuru（誑惑）,伊江島,wacakuyun
wayakuru（誑惑）,首里,"wacakuyun (wacakur-) B, wakuyun (wakur-) B（后者也表示引诱出来）"
wayakuru（誑惑）,与那覇,baaQfu
wayakuru（誑惑）,水納,baaQfi
wayakuru（誑惑）,波照間,"baQkurun, pḁkurun"
waku（蛙）,静岡県,paQkuri（青蛙）
waku（蛙）,熊本県,"waQku（蟾蜍、青蛙）, waQko（青蛙）"
waku（蛙）,熊本県下益城郡,wakusyan（蟾蜍）
waku（蛙）,長崎県南高来郡,wanku（蟾蜍、青蛙）
waku（蛙）,大分県,baQkun（青蛙）
waku（蛙）,大分県南海部郡,baku（青蛙）
waku（蛙）,大分県北海部郡,baku（青蛙）
waku（蛙）,佐賀県,waQkuu（青蛙）
waku（蛙）,長崎県五島,"baQpuQ, banbuQ（青蛙）"
waku（蛙）,熊本県天草郡,waQku（青蛙）
waku（蛙）,熊本県菊池郡,waQkun（青蛙）
waku（蛙）,鹿児島県種子島,baQku（青蛙）
wakudou（蛙）,西国,"wakuto, wakudo（蟾蜍）"
wakudou（蛙）,山口県厚狭郡,wakudou（蟾蜍）
wakudou（蛙）,山口県吉敷郡,wakudo（蟾蜍）
wakudou（蛙）,福岡県,"wakudou, wakudo（蟾蜍）"
wakudou（蛙）,佐賀県,"wakudou, wakudo（蟾蜍）"
wakudou（蛙）,熊本県,"wakudou（蟾蜍）, wakudo（蟾蜍、青蛙）"
wakudou（蛙）,福岡県福岡市,wakurou（蟾蜍）
wakudou（蛙）,久留米,wakudou（蟾蜍）
wakudou（蛙）,筑前,wakudou（蟾蜍）
wakudou（蛙）,宮崎県西諸県郡,"wakudou, waQzu（蟾蜍）"
wakudou（蛙）,宮崎県西臼杵郡,wakudou（蟾蜍）
wakudou（蛙）,長崎県西彼杵郡,wakudou（蟾蜍）
wakudou（蛙）,壱岐島,wakudou（蟾蜍）
wakudou（蛙）,薩州,wakudou（蟾蜍）
wakudou（蛙）,鹿児島県,"wakudou, wakudo, wakuzu, waQdo（蟾蜍）"
wakudou（蛙）,筑紫,wakudo（蟾蜍）
wakudou（蛙）,福岡県小倉市,wakudo（蟾蜍）
wakudou（蛙）,大分県,"wakudo（蟾蜍、青蛙）, bakudo（青蛙）"
wakudou（蛙）,宮崎県,wakudo（蟾蜍）
wakudou（蛙）,佐賀県唐津市,wakudo（蟾蜍）
wakudou（蛙）,長崎県,wakudo（蟾蜍）
wakudou（蛙）,長崎県長崎市,wakudo（蟾蜍）
wakudou（蛙）,宮崎県都城,waQdo（蟾蜍）
wakudou（蛙）,熊本県玉名郡,waQkosan（蟾蜍）
wakudou（蛙）,熊本県下益城郡,waQkosan（蟾蜍）
wakudou（蛙）,熊本県球磨郡,wakuzu（蟾蜍）
wakudou（蛙）,鹿児島県姶良郡,waQzu（蟾蜍）
wakudou（蛙）,大分県大分郡,"wakuzo, wakuro（青蛙）"
wakudou（蛙）,大分県大分市,wakuro（青蛙）
wakudou（蛙）,大分県直入郡,wakudou（青蛙）
wakudou（蛙）,長崎県南高来郡,wakudo（青蛙）
wakudou（蛙）,長崎県五島,waQdo（青蛙）
wakudoubiki（蛙）,山口県厚狭郡,wakudoubiki（蟾蜍）
wakudoubiki（蛙）,宮崎県西臼杵郡,wakudohiki（蟾蜍）
wakudoubiki（蛙）,宮崎県東諸県郡,"wakudohiki, wakudobiki（蟾蜍）"
wakudoubiki（蛙）,宮崎県西諸県郡,wakudobiki（蟾蜍）
wakudoubiki（蛙）,熊本県八代郡,wakudobiki（蟾蜍）
wakudoubiki（蛙）,宮崎県都城,waQdobitsu（蟾蜍）
wakudoubiki（蛙）,長崎県西彼杵郡,wakudonku（蟾蜍）
wakudoubiki（蛙）,長崎県南高来郡,wakudonku（青蛙）
"wakuhiki 1, wakubiki* 2（蛙）",西国,wakuhiki（蟾蜍）
"wakuhiki 1, wakubiki* 2（蛙）",周防,wanbiki（蟾蜍）
"wakuhiki 1, wakubiki* 2（蛙）",広島県安佐郡,wanbiki（蟾蜍）
"wakuhiki 1, wakubiki* 2（蛙）",山口県,wanbiki（蟾蜍）
"wakuhiki 1, wakubiki* 2（蛙）",島根県鹿足郡,"wanbiki, wanhyoo（蟾蜍）"
"wakuhiki 1, wakubiki* 2（蛙）",筑前,wakuhiki（蟾蜍）
"wakuhiki 1, wakubiki* 2（蛙）",豊後,wakuhiki（蟾蜍）
"wakuhiki 1, wakubiki* 2（蛙）",大分県玖珠郡,wanbiki（蟾蜍）
"wakuhiki 1, wakubiki* 2（蛙）",薩州,"wakuhiki, wakohiki（蟾蜍）"
"wakuhiki 1, wakubiki* 2（蛙）",大分県大分市,wabiki（青蛙）
"wakuhiki 1, wakubiki* 2（蛙）",国頭郡,wakubitsi（蟾蜍）
"wakuhiki 1, wakubiki* 2（蛙）",伊江島,wakubici（蟾蜍，不存在此动物，应为借词）
"wakuhiki 1, wakubiki* 2（蛙）",首里,wakubici A（蟾蜍）
"wakuhiki 1, wakubiki* 2（蛙）",島尻郡,wakubusi（蟾蜍）
wasaru（座）,滋賀県彦根,wasaru
wasu（座）,京都府,waasu
wasu（座）,与那国,waarun
wara（藁）,八丈島末吉,bara
wara（藁）,奈良田,wala
wara（藁）,志摩,ara
wara（藁）,紀州,ara
wara（藁）,和歌山県,ara
wara（藁）,上甑島,ara
wara（藁）,小野津,wara
wara（藁）,阿伝,wara
wara（藁）,湾,wara
wara（藁）,荒木,wara
wara（藁）,名瀬,wara
wara（藁）,大和浜,wara
wara（藁）,沖永良部国頭,wara
wara（藁）,上平川,wara
wara（藁）,芦清良,wara
wara（藁）,田皆,wara
wara（藁）,麦屋東区,wara
wara（藁）,浅間,waraa
wara（藁）,伊平屋田名,waraa B
wara（藁）,今帰仁,waraa
wara（藁）,渡久地,waraa
wara（藁）,瀬底,waraa
wara（藁）,伊江島,waraa
wara（藁）,恩納,waaraa B
wara（藁）,金武,waaraa B
wara（藁）,首里,wara B
wara（藁）,池間,bara
wara（藁）,池間西原,bara
wara（藁）,長浜,bara
wara（藁）,大神,bara
wara（藁）,平良,bara
wara（藁）,砂川,bara
wara（藁）,多良間,bara
wara（藁）,水納,bara
wara（藁）,石垣,bara
wara（藁）,西表古見,bara
wara（藁）,竹富,bara
wara（藁）,黒島,bara
wara（藁）,白保,bara
wara（藁）,川平,barafu̥ta（~芥）
wara（藁）,小浜,wara
wara（藁）,鳩間,"bara, barafuta（~芥）"
wara（藁）,波照間,"bara, barafuta（~芥）"
wara（藁）,与那国祖納,"bara B, baran"
"waragutu 1, warouzu 2, waranzu 3, waranzi 4, warazi 5, warazu 6（草鞋）",千葉,"warazu, waranzi"
"waragutu 1, warouzu 2, waranzu 3, waranzi 4, warazi 5, warazu 6（草鞋）",静岡,"wadzuri, waraazi, warunji, waroji, waranzyo"
"waragutu 1, warouzu 2, waranzu 3, waranzi 4, warazi 5, warazu 6（草鞋）",NHK（静岡）,waroozi
"waragutu 1, warouzu 2, waranzu 3, waranzi 4, warazi 5, warazu 6（草鞋）",新潟頸城,waranzyo
"waragutu 1, warouzu 2, waranzu 3, waranzi 4, warazi 5, warazu 6（草鞋）",信州上田,waranzyo
"waragutu 1, warouzu 2, waranzu 3, waranzi 4, warazi 5, warazu 6（草鞋）",福井大飯,waranzi
"waragutu 1, warouzu 2, waranzu 3, waranzi 4, warazi 5, warazu 6（草鞋）",志摩,waranzi
"waragutu 1, warouzu 2, waranzu 3, waranzi 4, warazi 5, warazu 6（草鞋）",伊賀,"waranzi, waranzye"
"waragutu 1, warouzu 2, waranzu 3, waranzi 4, warazi 5, warazu 6（草鞋）",和歌山県,waranzi
"waragutu 1, warouzu 2, waranzu 3, waranzi 4, warazi 5, warazu 6（草鞋）",広島県,waranzi
"waragutu 1, warouzu 2, waranzu 3, waranzi 4, warazi 5, warazu 6（草鞋）",長門,waranzi
"waragutu 1, warouzu 2, waranzu 3, waranzi 4, warazi 5, warazu 6（草鞋）",飛騨,wazuri
"waragutu 1, warouzu 2, waranzu 3, waranzi 4, warazi 5, warazu 6（草鞋）",愛知,"waranzi, waruzi, warozi"
"waragutu 1, warouzu 2, waranzu 3, waranzi 4, warazi 5, warazu 6（草鞋）",NHK（滋賀）,wazori
"waragutu 1, warouzu 2, waranzu 3, waranzi 4, warazi 5, warazu 6（草鞋）",三重県伊賀南部,waranzyu
"waragutu 1, warouzu 2, waranzu 3, waranzi 4, warazi 5, warazu 6（草鞋）",南伊勢,arazi
"waragutu 1, warouzu 2, waranzu 3, waranzi 4, warazi 5, warazu 6（草鞋）",紀州,arazi
"waragutu 1, warouzu 2, waranzu 3, waranzi 4, warazi 5, warazu 6（草鞋）",大和,waranzyo
"waragutu 1, warouzu 2, waranzu 3, waranzi 4, warazi 5, warazu 6（草鞋）",讚岐,"warazyu, waranzyu, waronzu, waranzi, waranzyo, waruzi, warozi"
"waragutu 1, warouzu 2, waranzu 3, waranzi 4, warazi 5, warazu 6（草鞋）",徳島,waranzutsu
"waragutu 1, warouzu 2, waranzu 3, waranzi 4, warazi 5, warazu 6（草鞋）",伊予,"warazu, waranzi"
"waragutu 1, warouzu 2, waranzu 3, waranzi 4, warazi 5, warazu 6（草鞋）",愛媛周桑,"warazu, warazi"
"waragutu 1, warouzu 2, waranzu 3, waranzi 4, warazi 5, warazu 6（草鞋）",鳥取,"warazu, waranzi, waroozu"
"waragutu 1, warouzu 2, waranzu 3, waranzi 4, warazi 5, warazu 6（草鞋）",島根,"warazu, waranzi"
"waragutu 1, warouzu 2, waranzu 3, waranzi 4, warazi 5, warazu 6（草鞋）",福岡,"warosi, warose"
"waragutu 1, warouzu 2, waranzu 3, waranzi 4, warazi 5, warazu 6（草鞋）",沖永良部国頭,1 waraguci
"waragutu 1, warouzu 2, waranzu 3, waranzi 4, warazi 5, warazu 6（草鞋）",伊江島,1 waraguçi
"waragutu 1, warouzu 2, waranzu 3, waranzi 4, warazi 5, warazu 6（草鞋）",首里,"1 waraguçi B, 5 warazi B（新）"
"waragutu 1, warouzu 2, waranzu 3, waranzi 4, warazi 5, warazu 6（草鞋）",波照間,1 barafutsi
"waragutu 1, warouzu 2, waranzu 3, waranzi 4, warazi 5, warazu 6（草鞋）",八重山新城,1 barafutsi
"waragutu 1, warouzu 2, waranzu 3, waranzi 4, warazi 5, warazu 6（草鞋）",与那国,1 baraQcii
warasibe（藁稭）,山形県西置賜郡,warasube
warasibe（藁稭）,新潟県佐渡,"warasube, warasubi"
warasibe（藁稭）,石川県河北郡,warasube
warasibe（藁稭）,香川県豊島,warasube
warasibe（藁稭）,丹波,warazuhe
warasibe（藁稭）,岡山県小田郡,warasubi
warasibe（藁稭）,伊予大三島,warasibu
warasibe（藁稭）,鳥取,"warasibi, warasibu, warasubo"
warasibe（藁稭）,島根,"warasibi, warasibu"
warasibe（藁稭）,福岡,warasubo
warasibe（藁稭）,鹿児島,warasubo
warasibe（藁稭）,壱岐,warasibi
warasibe（藁稭）,麦屋東区,waransibi
warasibe（藁稭）,今帰仁,"waraasibi, waransibi"
warasibe（藁稭）,首里,warasibi B; warasinbuu B（~緒，稻草绳、用作绳的稻草）
warasibe（藁稭）,与那国,baranpu（~緒，稻草绳、用作绳的稻草）
"warouda 1, warada 2（蒲団）",長野県下水内郡,waranda
"warouda 1, warada 2（蒲団）",長野県北安曇郡,"waranda, warunda"
"warouda 1, warada 2（蒲団）",長野県南安曇郡,warunda
"warouda 1, warada 2（蒲団）",岩手,warada
"warouda 1, warada 2（蒲団）",福島,warada
"warouda 1, warada 2（蒲団）",山形県米沢市,rarada（草制养蚕用具）
wanguri,埼玉県秩父郡,"wangura, waQkura"
wanguri,奈良県宇智郡,wangoro
wanguri,高知県土佐,wangoro
wanguri,清水市,wanguru
wanguri,香川県高松,wanguru
wanguri,高知県土佐郡,wanguri
wanguri,愛媛県,wanguri
wanguri,佐賀県,wangui
azeru,三重県志摩郡,azeru
wazikasu,広島県,wazikasu
wazikasu,島根県,wazikasu
wazikeru,広島県,wazikeru
wazikeru,山口県阿武郡,wazikeru
wazikeru,山口県豊浦郡,wazikeru
wazikeru,徳島県,wazikeru
wazikeru,島根県石見,wazikeru
wazikeru,熊本県玉名郡,wasikuru
waziku,島根県,waziku
wata（腸）,福岡,"dzoobata, dzoowata"
wata（腸）,熊本,harawata
wata（腸）,鹿児島,dzodzowata
wata（腸）,甑島,haraata
wata（腸）,小野津,wata
wata（腸）,阿伝,wata
wata（腸）,湾,wata
wata（腸）,荒木,wata
wata（腸）,上嘉鉄,wata
wata（腸）,名瀬,wata
wata（腸）,亀津,wata
wata（腸）,大和浜,waθa
wata（腸）,諸鈍,wátǎa
wata（腸）,浅間,wataa
wata（腸）,和泊,wataa
wata（腸）,仁志,wataa
wata（腸）,後蘭,wataa
wata（腸）,上平川,wataa
wata（腸）,芦清良,wataa
wata（腸）,知名,wataa
wata（腸）,沖永良部国頭,"wata, wataa"
wata（腸）,田皆,waQtaa
wata（腸）,麦屋東区,"wata, watamoo（肠）"
wata（腸）,古琉球汉语对音,哇那
wata（腸）,伊平屋田名,wataa B
wata（腸）,具志堅,wataa
wata（腸）,渡久地,wataa
wata（腸）,伊江島,wataa
wata（腸）,今帰仁,"wataa, wataamun（~物，内脏）"
wata（腸）,瀬底,"wataa, watamun（~物，内脏）"
wata（腸）,首里,"wata B, watamun B（~物，孕妇）"
wata（腸）,恩納,waataa B
wata（腸）,金武,waataa B
wata（腸）,久米謝名堂,wata B
wata（腸）,大神,pata
wata（腸）,池間,bata B
wata（腸）,池間西原,bata
wata（腸）,佐和田,bata
wata（腸）,国仲,bata
wata（腸）,伊良部,bata
wata（腸）,平良,bata
wata（腸）,久松,bata
wata（腸）,上地,bata
wata（腸）,与那覇,bata
wata（腸）,来間,bata
wata（腸）,砂川,bata
wata（腸）,多良間,bata B
wata（腸）,長浜,"bata, batagaa"
wata（腸）,狩俣,bada
wata（腸）,保良,b̥ata
wata（腸）,水納,"bata, bataguu, nnibata（胃）"
wata（腸）,石垣,"bada, uzoobada"
wata（腸）,宮良,bada
wata（腸）,川平,bada
wata（腸）,西表祖納,bada
wata（腸）,船浮,bada
wata（腸）,小浜,"bata, bada, akabataama"
wata（腸）,西表古見,bata
wata（腸）,黒島,bata
wata（腸）,鳩間,bata
wata（腸）,竹富,"bata, baQta"
wata（腸）,白保,"bata, baQta"
wata（腸）,波照間,"bata, buubata（胃）"
wata（腸）,与那国祖納,bat'a B
wata（棉）,南伊勢,wata
wata（棉）,志摩,wata
wata（棉）,紀州,wata
wata（棉）,岩手,waada
wata（棉）,上甑島,ata
wata（棉）,名瀬,wata
wata（棉）,麦屋東区,wata
wata（棉）,大和浜,waθa
wata（棉）,浅間,wataa
wata（棉）,今帰仁,wataa
wata（棉）,瀬底,wataa
wata（棉）,伊江島,wataa
wata（棉）,首里,wata B
wata（棉）,池間,bada
wata（棉）,多良間,bada
wata（棉）,伊良部,wata
wata（棉）,平良,"bata, -wata（uudunuwata 蒲团棉）"
wata（棉）,石垣,bada
wata（棉）,小浜,bata
wata（棉）,西表古見,bata
wata（棉）,西表祖納,bata
wata（棉）,黒島,bata
wata（棉）,鳩間,bata
wata（棉）,波照間,bata
wata（棉）,白保,bata
wata（棉）,竹富,baQta
wata（棉）,与那国,bat'a
watami*,今帰仁,wataami
watami*,首里,watamiimun B（~物）
waQtari,岩手県和賀郡,waQtari
waQtari,秋田県平鹿郡,waQtari
waQtari,鳥取県西伯郡,waQtari
"watawata 1, waQtawaQta 2",青森県三戸郡,"waQtato, waQtawaQtato（竭尽全力的样子）"
"watawata 1, waQtawaQta 2",青森県上北郡,waQtawatato（竭尽全力的样子）
"watawata 1, waQtawaQta 2",青森県津軽,watawatato（竭尽全力的样子）
"watawata 1, waQtawaQta 2",秋田県平鹿郡,watawatato（竭尽全力的样子）
"watawata 1, waQtawaQta 2",岩手県和賀郡,waQtawaQtato（竭尽全力的样子）
"watawata 1, waQtawaQta 2",岩手県気仙郡,"waQtawaQtato（竭尽全力的样子）, watawata（不休息、一口气做完的样子）, waQtawaQta（惊慌失措的样子）"
"watawata 1, waQtawaQta 2",秋田県,waQtawaQta（竭尽全力的样子）
"watawata 1, waQtawaQta 2",秋田県雄勝郡,watawata（竭尽全力的样子）
"watawata 1, waQtawaQta 2",山形県,watawatato（惊慌失措的样子）
waQtiri,千葉県東葛飾郡,waQciri
waQtiri,山形県西田川郡,waQciri
waQtiwaQti,秋田県平鹿郡,waQciwaQci
wani（鰐）,富山県砺波,wan
wani（鰐）,山口県,wane
wani（鰐）,広島県中部,wane
wani（鰐）,島根県八束郡,wan
wani（鰐）,島根県隠岐島,"wan, wanya"
wani（鰐）,混効験集,(sani)
"wanizame 1, wanisaba* 2（鰐）",混効験集,"waisaba, wansa, beesa (< *waisa)"
"wanizame 1, wanisaba* 2（鰐）",宮古,beesa
"wanizame 1, wanisaba* 2（鰐）",八重山,beesa
wasi（鷲）,古沖縄,wasi
wasi（鷲）,国頭郡,"wasi, wasinutui（~の鳥）"
wasi（鷲）,今帰仁,wasi
wasi（鷲）,金武,wasi A
wasi（鷲）,首里,wasinutui B（~の鳥）
wasi（鷲）,伊良部,wasi
wasi（鷲）,水納,wasi
wasi（鷲）,石垣,basï
wasi（鷲）,西表古見,basï
wasi（鷲）,波照間,basi
wasia*（鷲）,国頭郡,wasa
wakagiri*（蜥蜴）,吐噶喇宝島,wakagii
wakagiria*（蜥蜴）,大和浜,wahagirya
wakagiria*（蜥蜴）,名瀬,(tsumagirya)
wakagiria*（蜥蜴）,加計呂麻於斉,(dyenagirya)
wakagiria*（蜥蜴）,池間,bakazya
wakagiria*（蜥蜴）,伊良部,bahaQtsa
wakagiria*（蜥蜴）,平良,bakagïïa
wakagiria*（蜥蜴）,石垣,bagïra
wakasi-*（可笑）,今帰仁,"wahaasen, wahasyari, wahaasiimun"
wakasi-*（可笑）,伊良部,aha-bahasïmunu
wakasi-*（可笑）,石垣,baQkaisyaan
wakasi-*（可笑）,与那国,bakasan C
waku（枠）,福井県大野市上打波,wagu
waku（枠）,麦屋東区,waku
waku（枠）,今帰仁,wakuu
waku（枠）,伊良部,waku
waku（枠）,水納,bafu
waku*（共同作業）,大和浜,waku
waku*（共同作業）,石垣,bafu
waku*（共同作業）,波照間,boo
warabi（蕨）,山梨,warubi
warabi（蕨）,山梨奈良田,warubi
warabi（蕨）,南伊勢,arabi
warabi（蕨）,淡路,warabe
warabi（蕨）,福岡,warabe
warabi（蕨）,島原,warabe
warabi（蕨）,鹿児島,"warabe, waabe"
warabi（蕨）,大和浜,warabi
warabi（蕨）,伊江島,waradi
warabi（蕨）,金武,onerabi C
warabi（蕨）,首里,warabi B
warabi（蕨）,石垣,barabï
warabi（蕨）,西表古見,barapï̥
wasabi（山葵）,岩手,masabi
wasabi（山葵）,伊良部,wasabi（借词）
"wase 1, wasa- 2（早稲）",鳥取,wasa
wasiwasi,新潟県佐渡,wasiwasi（抓挠）
wasiwasi,島根県美濃郡,wasiwasi（抓挠）
wasiwasi,島根県益田市,"wasiwasi, wasiriwasiri（抓挠）"
wasiwasi,青森県,wasiwasi（寒冷）
wasiwasi,長崎県壱岐島,wasiwasi（抓挠）
wasiwasi,宮崎県日向,wasiwasi（大型蝉的鸣声）
wasiwasi,福岡県久留米市,wasiwasi（熊蝉）
wasiwasi,福岡県築上郡,wasiwasi（熊蝉）
wasiwasi,宮崎市,wasiwasi（熊蝉）
wasiwasi,熊本県玉名郡,wasiwasi（熊蝉）
wasiwasi,筑後,wasiwasizemi（~蝉，熊蝉）
"watari 1, atari 2（辺）",新潟頸城,2 atsuri
"watari 1, atari 2（辺）",富山県,2 atara
"watari 1, atari 2（辺）",愛知,2 atsura
"watari 1, atari 2（辺）",岐阜,2 atsura
"watari 1, atari 2（辺）",和歌山,2 atasi
"watari 1, atari 2（辺）",紀州,2 atasi
"watari 1, atari 2（辺）",NHK（山口）,2 atasi
"watari 1, atari 2（辺）",NHK（岩手）,1 yatari
"watari 1, atari 2（辺）",鹿児島,2 ati
"watari 1, atari 2（辺）",沖永良部国頭,2 atai
"watari 1, atari 2（辺）",麦屋東区,2 atai
"watari 1, atari 2（辺）",伊平屋,2 atai
"watari 1, atari 2（辺）",首里,2 atai B（也表示房屋里的菜园、王室内的庶务员（身份高的年轻人））
"watari 1, atari 2（辺）",今帰仁,2 hatai A/B
"watari 1, atari 2（辺）",水納,2 atai（也表示房屋里的菜园）
"watari 1, atari 2（辺）",石垣,2 atarï
"watatabi 1, matatabi 2（木天蓼）",岩手,mantabi
"watatabi 1, matatabi 2（木天蓼）",秋田,matãbu
"watatabi 1, matatabi 2（木天蓼）",山形小国,maQtabi
"watatabi 1, matatabi 2（木天蓼）",福島,maQtaabi
wazuka（僅）,千葉,waaQka
wazuka（僅）,伊賀,wazuka=ni：azukani
wazuka（僅）,NHK（青森）,watsuka
wazuka（僅）,津軽,"anka, wanka, wantsuka, wantsukako"
wazuka（僅）,岩手,wantsuka | wazuka=ni：waQkani
wazuka（僅）,秋田,"wancika, watsuka"
wazuka（僅）,福島,"entsuka, waQka, wanka, wantsuka"
wazuka（僅）,茨城,"wanka, wandauka"
wazuka（僅）,NHK（福岡）,wazuka=na：waatsukana
wazuka（僅）,今帰仁,waziika
wazuka（僅）,石垣,wazïka
wazuka（僅）,鳩間,wazika
wagore,若狭,wagore（你）
wagore,滋賀県,wagore（你）
wagore,犬上郡,wagore（你）
wagore,三重県阿山郡,wagore（你）
wagore,上野市,wagore（你）
wagore,畿内,wagore（你）
wagore,福井県遠敷郡,agore（你）
wagore,愛媛県越智郡,agore（你）
wagore,福井県南条郡,wagare（你）
wagore,三重県志摩郡,"wagora, wagoro（你）"
wagore,滋賀県神崎郡,"wagore, wagora（你们）"
wagore,滋賀県蒲生郡,wagora（你们卑语）
wagore,長崎県壱岐島,wagaore（你）
waita,長崎県壱岐島,eeta（偏西的北风）
waita,鹿児島県宝島,weeda（西北风）
waka,新潟県東蒲原郡,waka
waka,羽州,waka
waka,福島県北部,waka
waka,福島県南部,waka
waka,山形県,"waka, wakadono（~殿）"
waka,宮城県仙台市,"waka, wakasan"
waka,福島県,owaka（御~）
waka,栃木県,wakasama（~様，通灵的盲人）
wakae,山形県,wakae（平菇）
wakae,山形県東田川郡,"wake, wagee（平菇）"
wakae,山形県東置賜郡,sugiwakae（杉~）（生长在深山杉树朽木上的白色圆形蘑菇）
waniru,群馬県利根郡,waniru
waniru,群馬県吾妻郡,waniru
waniru,神奈川県川崎市,waniru
waniru,新潟県,waniru
waniru,長野県,waniru
waniru,信濃,waniru
waniru,埼玉県秩父郡,waniQkeeru
waniru,関西,waniru
waniru,青森県三戸郡,waniru
waniru,秋田県平鹿郡,waniru
waniru,山形県,waniru
waniru,庄内,waniru
waniru,仙台,waniru
waniru,福島県相馬郡,waniru
waniru,岩手県南部,waneru
waniru,宮城県,waneru
waniru,茨城県,"waniru, wanigaeru"
waniru,茨城県北相馬郡,wanigaeru
wannare,信濃,wannare（不巧）
wannare,甲府,wannare（不巧）
wannare,静岡県,"wannare, wannarini（不巧）"
wannare,長野県,"wannare, wannari（不巧）"
wannare,山梨県,wannari（不巧）
wannare,静岡県磐田郡,wannarasii（不巧）
wannare,長野県更級郡,wannare（而且）
wannare,長野県北安曇郡,wannare（而且）
wannare,愛知県宝飯郡,wannari（不巧）
"wanpaku 1, wanbaku 2（腕白）",埼玉,anpaku
"wanpaku 1, wanbaku 2（腕白）",石川,onpaku
"wanpaku 1, wanbaku 2（腕白）",山形,waQpa
"wanpaku 1, wanbaku 2（腕白）",福島,anpaku
"wanpaku 1, wanbaku 2（腕白）",島根,"anpaku, anpa"
wase*（間）,伊良部,basi
wase*（間）,水納,basi
wase*（間）,与那覇,basi
wase*（間）,皆愛,basi
wase*（間）,来間,basi
wase*（間）,砂川,basi
wasegose,岩手県気仙郡,wasegose
wasegose,宮城県登米郡,wasegose
wata*,渡久地,waQtaa
wata*,金武,waQta C
weQtu*（新芽）,竹富,biQci
weQtu*（新芽）,黒島,bitsi
ida-*（低）,仲地,bïdaham
ida-*（低）,狩俣,bïdaan
ida-*（低）,与那覇,bïda
ida-*（低）,砂川,bïdamunu
ida-*（低）,宮古新城,bïda-
ida-*（低）,仲筋,bïda-
ida-*（低）,皆愛,"bïda A, bïdaanu"
ida-*（低）,水納,"bida-, bidasadu ai"
ida-*（低）,久松,"bzdaabzda, bzdamunu"
ida-*（低）,伊良部,bidaham
osa*（尾）,川平,busa
osopo*（尾）,波照間,busu̥pu
oria*（同年）,伊良部,buurya
oria*（同年）,砂川,buurya
ogas-*（誘）,水納,buugasï
og-*（誘）,水納,buugi
og-*（誘）,与那覇,buugï
og-*（誘）,皆愛,buugï
oe-*（稼）,水納,名词：bui
oe-*（稼）,与那覇,名词：bui
oe-*（稼）,伊良部,buiï | 名词：bui
oe-*（稼）,皆愛,名词：bui
oe-*（稼）,来間,名词：bui
oe-*（稼）,砂川,名词：bui
etor-*（飽）,石垣,"biQturirun, biQturin"
etor-*（飽）,与那国祖納,bindirun (bindir-) B
etore-*（飽）,与那覇,bituï
etore-*（飽）,水納,bitui
etore-*（飽）,皆愛,bituï
etore-*（飽）,砂川,bituï
"eraku* 1, erago* 2（籠）",伊良部,1 birafu（用竹子或藤条编织而成的带盖篮子，可装入米饭、便当等物品，用于带到田间等地）
"eraku* 1, erago* 2（籠）",波照間,2 biragu（竹制食物篮）
erak-*（倒）,与那覇,birakï
erak-*（倒）,水納,biraki
erak-*（倒）,皆愛,birakï
erak-*（倒）,来間,biratsï
erak-*（倒）,砂川,birakï
erak-*（倒）,伊良部,birafu（仰面躺下）
erakas-*（倒）,皆愛,birakasï
erakas-*（倒）,砂川,birakasï
erakas-*（倒）,水納,birakasï
erakas-*（倒）,伊良部,birahasï（使仰面躺下）
erake-*（倒）,伊良部,birakii
er-*（塗）,与那覇,bïï
er-*（塗）,皆愛,bïï
er-*（塗）,砂川,biï
aras-*（誘）,皆愛,arasï
aras-*（誘）,砂川,arasï
aras-*（誘）,水納,arasï
aras-*（誘）,与那覇,arasï
eras-*（塗）,伊良部,bïrasï
idam-*（低）,伊良部,"bïdam, pidan"
idamar-*（低）,伊良部,bïdamarasï
idame-*（低）,伊良部,bïdamasï
idamas-*（低）,伊良部,bïdamaï
idamaras-*（低）,伊良部,bïdamiï
amanuki*（虹）,西表古見,amanukï̥
ee,国頭郡,"yee, yeeyee"
ee,首里,"ee A（对晚辈）, ee ee A/B（远距离）"
ee,今帰仁,"ee, ee ee"
ee,伊江島,ee
ee,石垣,"ee, ee ee（对晚辈）"
eisa,今帰仁,yeisaa
eisa,首里,yeisaa B
eisa,名護宮里,eisaa
enta,群馬県多野郡,ento
enta,長野県,ento
enta,群馬県山田郡,entosa
enta,長野県北安曇郡,"enta, enci"
enta,長野県佐久,enta
enta,長野県東筑摩郡,enco
enta,長野県諏訪,enco
enta,愛知県名古屋市,eQko
enta,兵庫県淡路島,eQko
enta,兵庫県加古郡,eQcin
enta,香川県,anko
enta,香川県三豊郡,"eQko, eQci, eQco"
enta,香川県綾歌郡,eQco（也表示不及格）
enta,福島県相馬,ento
enta,茨城県真壁郡,ento
enta,茨城県北相馬郡,"ento, in"
enta,栃木県,"enca, ento, into, inna"
enta,鳥取県東部,enta
enta,島根県,eecanko
enta,島根県邑智郡,ento
enta,島根県石見,"entoo, eQto, eQtoo"
enta,大分県西国東郡,eQko
enta,大分郡,eQko
enta,長崎県対馬,eQko
en.ya,静岡県,enya（船）
en.ya,島根県益田市,"eeyaa, eeyakoQko（幼儿语，玩具船）"
en.ya,愛媛県南宇和郡,enyamici（~道，陡峭的坡道）
en.yarayaQto,長野県諏訪,enyarayaQto
en.yarayaQto,新潟県西頸城郡,"iiyarayaQto, iiyaQto"
en.yarayaQto,滋賀県彦根,enyarayaQto
en.yarayaQto,広島県高田郡,enyarayaQto
en.yarayaQto,滋賀県蒲生郡,enyarasa
en.yarayaQto,島根県,"enyarayaQto, enyarasaQto, eeyarasaQto"
en.yarayaQto,福岡県,enyarayaQto
en.yarayaQto,大分県速見郡,enyarayaQto
en.yarayaQto,大分県北海部郡,enyaQto
en.yarayaQto,別府市,enyaQto
eQsaQsa,新潟県三島郡,eQsaQsa（单脚跳）
eQsaQsa,愛媛県睦月島,eQcaQca（单脚跳）
eQsaQsa,島根県能義郡,"eQsaQsa, eQsengasen（单脚跳）"
ere,静岡県,ere
ere,静岡県榛原郡,eresai
ere,駿河,erecaa
ere,三重県,eremaa
ere,和歌山県日高郡,ereyaa
ere,高知県,eretaci
ere,高知県中村市,ere
ere,高知県土佐郡,ere
ere,福岡県筑紫郡,eree（嘲笑声）
otupuria*,平良,utsïfuya
"otukuri* 1, otupuri* 2",古沖縄,1 utikoi
"otukuri* 1, otupuri* 2",伊江島,1 ucukwi
"otukuri* 1, otupuri* 2",今帰仁,"1 phucukui, phucuukui"
"otukuri* 1, otupuri* 2",首里,1 ucukwii B
"otukuri* 1, otupuri* 2",名護宮里,1 ucukui
"otukuri* 1, otupuri* 2",金武,1 ucukui C
"otukuri* 1, otupuri* 2",上平川,1 ucukui
"otukuri* 1, otupuri* 2",池間,2 utsïfuu
"otukuri* 1, otupuri* 2",長浜,2 utsïpïï
"otukuri* 1, otupuri* 2",伊良部,2 vtsïpïï
"otukuri* 1, otupuri* 2",波照間,"2 usïpï, usi̥pi"
"otukuri* 1, otupuri* 2",与那国,2 utuhi
"otukuri* 1, otupuri* 2",西表古見,2 utsupui
otukurai*,石垣,utsïpai
otukurai*,小浜,ucipai
otukurai*,鳩間,"usupai, usuQfai"
otukurai*,与那国,uQtupe（旧）
ebak-*（吐）,与那覇,bibakï
ebak-*（吐）,水納,ibaki
ekubo（靨）,八丈,"ikubo, ikobo"
ekubo（靨）,石川,ikubo
ekubo（靨）,飛騨,ikubo
ekubo（靨）,南知多,ekobe
ekubo（靨）,愛知,wekobo
ekubo（靨）,紀州,ekobo
ekubo（靨）,和歌山県,ekobo
ekubo（靨）,鳥取,"ikibo, ikubo, ekobo, ekobu"
emasu（笑）,千葉県安房郡,emasu
emasu（笑）,山梨県南巨摩郡,emasu
emasu（笑）,静岡県志太郡,emasu
emasu（笑）,静岡県磐田郡,emasu
emasu（笑）,三重県宇治山田市,yomasu
emasu（笑）,奈良県,yomasu
emasu（笑）,岡山市,yomasu
emasu（笑）,山口県,yomasu
emasu（笑）,山口県阿武郡,yomasu
emasu（笑）,山口県豊浦郡,yomasu
emasu（笑）,香川県,yomasu
emasu（笑）,徳島県,yomasu
emasu（笑）,愛媛県大三島,yomasu
emasu（笑）,京都府竹野郡,ebasu
emasu（笑）,山口県大島,yakamasu
emasu（笑）,大分県西国東郡,yomasu
eraku,島根県邑智郡,eragu
ezuku（嘔吐）,新潟県,etsuku
ezuku（嘔吐）,新潟県佐渡,eezugaru
ezuku（嘔吐）,島根県,ezuki（名词）：eziki
ezuku（嘔吐）,鹿児島県,ezuQ
etaku,新潟県,etakituku
etaku,新潟県東蒲原郡,etaku
etaku,長野県南部,otaku
etaku,静岡県,otaku
etaku,富山県,"itaku, udaku"
etaku,富山県砺波,"etaku, etakituku"
etaku,富山県西礪波郡,itaku
etaku,福井県坂井郡,itaku
etaku,福井県敦賀郡,etaku
etaku,岐阜県,etaku
etaku,岐阜県恵那郡,otaku
etaku,愛知県設楽,otaku
etaku,山形県,etaku
etaku,山形県西村山郡,itaku
etaku,山形県最上郡,itaku
etaki,神奈川県中郡,"odaku, otakiage（~上）（呕吐）"
etaki,埼玉県秩父郡,yotake（猫狗的呕吐）
etaki,東京都八王子,yotake（猫狗的呕吐）
etaki,神奈川県津久井郡,yotake（猫狗的呕吐）
etaki,新潟県,etaki（猫狗的呕吐）
etaki,新潟県東蒲原郡,"itaki, yotaki（猫狗的呕吐）"
etaki,新潟県上越市,itaki（呕吐）
etaki,富山県砺波,etaki（呕吐）
etaki,岐阜県飛騨,etaki（呕吐）
etaki,尾張,etaki（呕吐）
etaki,新潟県佐渡,"itaki, yotaki, yotake（猫狗的呕吐）"
etaki,山形県西置賜郡,etaki（呕吐）
etaki,山形県南置賜郡,etaki（呕吐）
etaki,茨城県稲敷郡,odaku（呕吐）
eke*（雄）,具志堅,iki
eke*（雄）,池間,biki
eke*（雄）,佐良浜,biki
eke*（雄）,長浜,biki
eke*（雄）,大浦,biki
eke*（雄）,平良,biki
eke*（雄）,上地,biki
eke*（雄）,与那覇,biki
eke*（雄）,仲筋,biki
eke*（雄）,大神,piki
eke*（雄）,水納,"biki, bikii"
eke*（雄）,石垣,bigi
eke*（雄）,大浜,bigi
eke*（雄）,川平,bigi
eke*（雄）,西表古見,bigi
eke*（雄）,小浜,biki
eke*（雄）,黒島,biki
eke*（雄）,鳩間,biki
eke*（雄）,竹富,"bii- A, bigi-"
eke*（雄）,波照間,"bi-, bii-"
eke*（雄）,八重山新城,bihi-
eke*（雄）,与那国祖納,bigi A
ekedomo*（男）,池間,bikidun
ekedomo*（男）,久松,bikidun
ekedomo*（男）,長浜,bikidum
ekedomo*（男）,平良,bikidum
ekedomo*（男）,砂川,bikidum
ekedomo*（男）,水納,bikidum
ekedomo*（男）,大神,pikitum
ekedomo*（男）,与那覇,bikidumu
ekedomo*（男）,石垣,bigidun
ekedomo*（男）,川平,bigidun
ekedomo*（男）,小浜,bigidun
ekedomo*（男）,西表古見,bigidun
ekedomo*（男）,西表祖納,bidun
ekedomo*（男）,船浮,bidun
ekedomo*（男）,竹富,"bigidun, biidõõ A"
ekedomo*（男）,黒島,bikidumu
ekedomo*（男）,鳩間,bikidumu
ekedomo*（男）,波照間,bidumu
ekedomo*（男）,八重山新城下地,bihidun
ekeeke*,与那覇,bikibiki
ekeganokura*（男子）,麦屋東区,fuiganukwaa
ekeganokura*（男子）,今帰仁,ikigangwa
ekeganokura*（男子）,渡久地,ikigangwa
ekeganokura*（男子）,伊江島,wiigangwa
ekeganokura*（男子）,首里,"wikigangwa B, yikigangwa B（见于男性）"
"ekegura* 1, ekega* 2, ekuga* 3（男子）",麦屋東区,"2 wuiga, fuiga"
"ekegura* 1, ekega* 2, ekuga* 3（男子）",混効験集,2 wekeka
"ekegura* 1, ekega* 2, ekuga* 3（男子）",伊平屋田名,2 ikiga B?
"ekegura* 1, ekega* 2, ekuga* 3（男子）",渡久地,2 ikiga
"ekegura* 1, ekega* 2, ekuga* 3（男子）",国頭郡,2 yikiga
"ekegura* 1, ekega* 2, ekuga* 3（男子）",名護,2 yikega
"ekegura* 1, ekega* 2, ekuga* 3（男子）",具志堅,2 nikiga
"ekegura* 1, ekega* 2, ekuga* 3（男子）",首里,2 wikiga B
"ekegura* 1, ekega* 2, ekuga* 3（男子）",金武,2 ikigaa B
"ekegura* 1, ekega* 2, ekuga* 3（男子）",久高,2 yukiga
"ekegura* 1, ekega* 2, ekuga* 3（男子）",おもろ,3 wekuka
"ekegura* 1, ekega* 2, ekuga* 3（男子）",伊良部,1 bikiQva
"ekegura* 1, ekega* 2, ekuga* 3（男子）",与那覇,1 bikiQva
"ekegura* 1, ekega* 2, ekuga* 3（男子）",水納,1 bikiQva
"ekegura* 1, ekega* 2, ekuga* 3（男子）",宮古,3 bifuga
"ekegura* 1, ekega* 2, ekuga* 3（男子）",石垣,3 bifunaa
ekemono*（雄物）,与那覇,bikimunu
ekemono*（雄物）,水納,bikimunu
ekemono*（雄物）,石垣,bigimunu
ekemono*（雄物）,西表古見,bigimunu
ekemono*（雄物）,竹富,bigimunu
ekemono*（雄物）,鳩間,bikimunu
ekeri*（兄弟）,志戸桶,yiiri
ekeri*（兄弟）,井之川,yiiri
ekeri*（兄弟）,阿伝,yiii
ekeri*（兄弟）,名瀬,yihiri
ekeri*（兄弟）,大和浜,yehëri
ekeri*（兄弟）,古仁屋,yihir
ekeri*（兄弟）,諸鈍,yihir
ekeri*（兄弟）,亀津,yiirɪ
ekeri*（兄弟）,手々知名,yii
ekeri*（兄弟）,瀬利覚,yii
ekeri*（兄弟）,茶花,wuhiibi
ekeri*（兄弟）,おもろ,wekeri
ekeri*（兄弟）,混効験集,ekeri
ekeri*（兄弟）,首里,wikii A
ekeri*（兄弟）,那覇,yikii
ekeri*（兄弟）,大神,bikïï
ekeri*（兄弟）,石垣,bigirï
ekeri*（兄弟）,川平,bigirï
ekeri*（兄弟）,黒島,bigirï
ekeri*（兄弟）,西表古見,bigiru
ekeri*（兄弟）,西表祖納,bihiri
ekeri*（兄弟）,竹富,biiru
ekeri*（兄弟）,鳩間,bigiru
ekeri*（兄弟）,波照間,bigiri
ekeri*（兄弟）,与那国,bigii
ekerya*（兄弟）,水納,bikira
ekeya*（父親）,石垣,bigee
ekeya*（父親）,八重山新城下地,bigee
ekeya*（父親）,小浜,bugee
ekeya*（父親）,西表祖納,beha
ekeya*（父親）,竹富,bee
ekeya*（父親）,鳩間,bikee
"egobansyoa* 1, yogobansyoa* 2",沖永良部島国頭,2 yugobasya
"egobansyoa* 1, yogobansyoa* 2",上平川,2 yugobasya
"egobansyoa* 1, yogobansyoa* 2",田皆,2 yuugonbasya
"egobansyoa* 1, yogobansyoa* 2",麦屋東区,1 fuigoobasya
"gorigansyoa* 1, egori* 2, yogori* 3, egurigansyoa* 4（不食芋）",今帰仁,"1 goi, gongasaa"
"gorigansyoa* 1, egori* 2, yogori* 3, egurigansyoa* 4（不食芋）",渡久地,2 iigoo
"gorigansyoa* 1, egori* 2, yogori* 3, egurigansyoa* 4（不食芋）",伊江島,3 yugui
"gorigansyoa* 1, egori* 2, yogori* 3, egurigansyoa* 4（不食芋）",池間西原,"4 bibiigaQsa, byuugaQsa"
"gorigansyoa* 1, egori* 2, yogori* 3, egurigansyoa* 4（不食芋）",伊良部,"4 blbQlgaQsa, bivgaQsa"
"gorigansyoa* 1, egori* 2, yogori* 3, egurigansyoa* 4（不食芋）",平良,4 bivkaQsa
"gorigansyoa* 1, egori* 2, yogori* 3, egurigansyoa* 4（不食芋）",久松,4 biQvugasa
"gorigansyoa* 1, egori* 2, yogori* 3, egurigansyoa* 4（不食芋）",与那覇,4 byuugaQsa
"gorigansyoa* 1, egori* 2, yogori* 3, egurigansyoa* 4（不食芋）",砂川,4 bivgaQsa
"gorigansyoa* 1, egori* 2, yogori* 3, egurigansyoa* 4（不食芋）",多良間,4 biQvulgaQsa
"gorigansyoa* 1, egori* 2, yogori* 3, egurigansyoa* 4（不食芋）",水納,4 biQvuigaQsa
"gorigansyoa* 1, egori* 2, yogori* 3, egurigansyoa* 4（不食芋）",石垣,2 byuurï
"gorigansyoa* 1, egori* 2, yogori* 3, egurigansyoa* 4（不食芋）",与那国祖納,2 biŋui B
umobansyo*,首里,qnbasi B
eguriganmo*,池間,bïbïïgamm
egurinoha*,川平,buinu pa
egurinoha*,波照間,birikḁnapa
"bansyo 1, hansyo* 2（蕃藷）",大和浜,"hansï, hanusï"
"bansyo 1, hansyo* 2（蕃藷）",首里,hansu B（书面）
"egu 1, ego 2",東国,ego（黑慈姑）
"egu 1, ego 2",新潟県刈羽郡,igoyo（黑慈姑）
"egu 1, ego 2",青森県津軽,egotago（慈姑）
"egu 1, ego 2",秋田県雄勝郡,ego（慈姑）
"egui 1, egoi 2, yogo-* 3（蘞）",埼玉,"egoi, igoi"
"egui 1, egoi 2, yogo-* 3（蘞）",神奈川,egoi
"egui 1, egoi 2, yogo-* 3（蘞）",静岡,egoi
"egui 1, egoi 2, yogo-* 3（蘞）",岐阜,egoi
"egui 1, egoi 2, yogo-* 3（蘞）",飛騨,egoi
"egui 1, egoi 2, yogo-* 3（蘞）",愛知,egoi
"egui 1, egoi 2, yogo-* 3（蘞）",岩手,eŋee
"egui 1, egoi 2, yogo-* 3（蘞）",秋田鹿角,eŋae
"egui 1, egoi 2, yogo-* 3（蘞）",仙台,eŋoi
"egui 1, egoi 2, yogo-* 3（蘞）",栃木,egoi
"egui 1, egoi 2, yogo-* 3（蘞）",鳥取,egi
"egui 1, egoi 2, yogo-* 3（蘞）",島根,igui
"egui 1, egoi 2, yogo-* 3（蘞）",島原,enka
"egui 1, egoi 2, yogo-* 3（蘞）",熊本南部,enka
"egui 1, egoi 2, yogo-* 3（蘞）",名瀬,3 yogosan
"egui 1, egoi 2, yogo-* 3（蘞）",大和浜,3 yogosari
"egui 1, egoi 2, yogo-* 3（蘞）",湯湾,3 yugoosa
"egui 1, egoi 2, yogo-* 3（蘞）",古仁屋,3 yugoosa
"egui 1, egoi 2, yogo-* 3（蘞）",諸鈍,"3 yiigoo- B, yigoosam"
"egui 1, egoi 2, yogo-* 3（蘞）",井之川,3 yugoha
"egui 1, egoi 2, yogo-* 3（蘞）",沖永良部国頭,3 yugosan
"egui 1, egoi 2, yogo-* 3（蘞）",麦屋東区,3 pyuusan（八重山语借词？）
"egui 1, egoi 2, yogo-* 3（蘞）",伊平屋田名,3 yogosan A
"egui 1, egoi 2, yogo-* 3（蘞）",奥,3 ugoohan
"egui 1, egoi 2, yogo-* 3（蘞）",辺土名,3 ugoohan
"egui 1, egoi 2, yogo-* 3（蘞）",今帰仁,"2 goosen, uigoosen B"
"egui 1, egoi 2, yogo-* 3（蘞）",渡久地,2 igoosen
"egui 1, egoi 2, yogo-* 3（蘞）",伊江島,"3 yugosa, yogosa"
"egui 1, egoi 2, yogo-* 3（蘞）",首里,2 wiigoosan B
"egui 1, egoi 2, yogo-* 3（蘞）",宮古,2 bigoo-
"egui 1, egoi 2, yogo-* 3（蘞）",石垣,2 pyuusaan
"egui 1, egoi 2, yogo-* 3（蘞）",川平,2 buisya
"egui 1, egoi 2, yogo-* 3（蘞）",波照間,2 byoohan
"egui 1, egoi 2, yogo-* 3（蘞）",与那国祖納,2 byaan C
eguru,青森県三戸郡,eguru
eguru,島根県,eguru
eguru,岡山市,eguru
eguru,広島県高田郡,eguru
eguru,長崎県北松浦郡,eguru
eguru,対馬,eguru
eguru,岡山県苫田郡,eguru
"eguru 1, yogor-* 2, wagor-* 3（抉）",奈良田,eŋulu
"eguru 1, yogor-* 2, wagor-* 3（抉）",石川県河原山,eŋuru
"eguru 1, yogor-* 2, wagor-* 3（抉）",福井県大野市上打波,eŋuru
"eguru 1, yogor-* 2, wagor-* 3（抉）",愛知,iguru
"eguru 1, yogor-* 2, wagor-* 3（抉）",佐賀,igiru
"eguru 1, yogor-* 2, wagor-* 3（抉）",鹿児島,"igui, iguQ"
"eguru 1, yogor-* 2, wagor-* 3（抉）",田皆,2 yugui
"eguru 1, yogor-* 2, wagor-* 3（抉）",今帰仁,3 wagurun B
"eguru 1, yogor-* 2, wagor-* 3（抉）",伊江島,2 yuguyun
"eguru 1, yogor-* 2, wagor-* 3（抉）",首里,"1 wiiguyun, wiiguin (wiigur-) B"
"eguru 1, yogor-* 2, wagor-* 3（抉）",伊良部,2 yuguyun
"eguru 1, yogor-* 2, wagor-* 3（抉）",与那覇,1 biguï
"eguru 1, yogor-* 2, wagor-* 3（抉）",石垣,1 bingurun
eguzir-*（擽）,水納,"bivuQzi, biguQzi"
esemu,長野県,esemu
esemu,長野県佐久,ezomu
esemu,富山県,ezumu
esemu,富山県高岡市,azamu
esemu,石川県江沼郡,ezamu
esemu,岐阜県,isemu
esemu,岐阜県飛騨,"usemu, isemikakeru（~掛）"
esemu,岐阜県郡上郡,usemu
esemu,三重県,esemu
esemu,京都府竹野郡,esemu
esemu,京都府与謝郡,esemu
esemu,和歌山県,"esimu, esesimu"
esemu,和歌山県日高郡,"esyumu, esyomu"
esemu,和歌山県東牟婁郡,ezyumu
esemu,和歌山県那賀郡,esesimu
esemu,和歌山県有田郡,esesimu
esemu,瀬戸内海島嶼,eserou
esemu,愛媛県,eserou
esemu,周桑郡,eserou
esemu,新居郡,eserou
esemu,大分市,esarou
esemu,長崎県対馬,esegu
esemu,鹿児島県,esyonon
eserakasu,京都府,eserakasu
eserakasu,京都府竹野郡,yoserakasu（取笑、玩弄、愚弄）
eserakasu,京都府与謝郡,yoserakasu（取笑、玩弄、愚弄）
eserakasu,青森県南部,eherakasu
eseru,静岡県磐田郡,"eseru（闹别扭、撒娇）, esekureru（闹别扭、撒娇）"
eseru,静岡県榛原郡,esekureru（闹别扭、撒娇）
eseru,山梨県北都留郡,eseru（发怒）
eseru,三重県松阪,esekureru（闹别扭、撒娇）
eseru,愛知県知多郡,"eseru, esekureru（闹别扭、撒娇）"
eseru,青森県,"eseru, eheru（闹别扭、撒娇）"
eseru,岩手県,eseru（闹别扭、撒娇）
eseru,秋田県,eseru（闹别扭、撒娇）
eseru,宮城県栗原郡,eseru（闹别扭、撒娇）
eseru,宮城県石巻,eseru（闹别扭、撒娇）
eseru,岩手県気仙郡,"iseru, esekuseru（闹别扭、撒娇）"
eseru,茨城県那珂郡,esekuseru（闹别扭、撒娇）
eseru,青森県津軽,eseru（发怒）
eseru,岩手県九戸郡,eseru（发怒）
eseru,青森県上北郡,"eheru, iseru, iheru（发怒）"
eseru,青森県南部,"eseru, eheru, iseru, iheru（发怒）"
eseru,岩手県中通,iseru（发怒）
eseru,熊本県玉名郡,ezeru（闹别扭、撒娇）
ezegu,宮崎県東諸県郡,ezegu
ezookasu,岡山県,"ezookasu, ezokasu, ezowakasu（取笑、玩弄、愚弄）, yozokasu（欺骗）, edookasu, yozookasu（激怒）"
ezookasu,岡山市,"yozookasu, yozowakasu（取笑、玩弄、愚弄）"
ezookasu,岡山県阿哲郡,yozookasu（取笑、玩弄、愚弄）
ezookasu,岡山県苫田郡,yozokasu（取笑、玩弄、愚弄）
ezookasu,広島県,"ezookasu（取笑、玩弄、愚弄）, ezookasu（激怒）"
ezookasu,広島県福山市,edookasu（取笑、玩弄、愚弄）
ezookasu,岡山県小田郡,edookasu（激怒）
ezookasu,広島県沼隈郡,edookasu（激怒）
ezookasu,岡山県御津郡,yozowakasu（激怒）
erabu（海蛇）,今帰仁,irabuu
erabu（海蛇）,首里,irabuu B
erabu（永良部）,大和浜,erabu
erabu（永良部）,沖永良部国頭,erabu
erabu（永良部）,麦屋東区,irabu
erabu（永良部）,おもろ,"werafu, werafusima（~島）"
erabu（永良部）,今帰仁,iraabu
erabu（永良部）,首里,irabu B
erabu（永良部）,伊良部,irav
erabu（永良部）,石垣,irabu
erabuti*（武鯛）,与論,irabuci
erabuti*（武鯛）,今帰仁,iraabucii
erabuti*（武鯛）,伊江島,irabuci
erabuti*（武鯛）,鳩間,irabuci
erabutia*（武鯛）,金武,irabucaa B
erabuunagi（永良部鰻）,大和浜,yerabu onagi
erabuunagi（永良部鰻）,麦屋東区,irabuunagi
erabuunagi（永良部鰻）,今帰仁,irabu unaazi
erabuunagi（永良部鰻）,伊良部,irav unazï
erabuunagi（永良部鰻）,水納,irau unagi
erabuunagi（永良部鰻）,石垣,irabunee
erabuunagi（永良部鰻）,川平,irabunee
"e 1, oe* 2, yoe* 3（柄）",八丈島三根,1 e
"e 1, oe* 2, yoe* 3（柄）",八丈島末吉,1 ye
"e 1, oe* 2, yoe* 3（柄）",石川県河原山,1 ee
"e 1, oe* 2, yoe* 3（柄）",福井県池田町西角間,1 ee
"e 1, oe* 2, yoe* 3（柄）",福井県大野市上打波,1 ee
"e 1, oe* 2, yoe* 3（柄）",小野津,1 yɪɪ
"e 1, oe* 2, yoe* 3（柄）",志戸桶,1 yii
"e 1, oe* 2, yoe* 3（柄）",阿伝,1 yii
"e 1, oe* 2, yoe* 3（柄）",荒木,1 yii
"e 1, oe* 2, yoe* 3（柄）",上嘉鉄,1 yii
"e 1, oe* 2, yoe* 3（柄）",大和浜,1 yii
"e 1, oe* 2, yoe* 3（柄）",湯湾,1 yii
"e 1, oe* 2, yoe* 3（柄）",古仁屋,1 yii
"e 1, oe* 2, yoe* 3（柄）",井之川,1 yii
"e 1, oe* 2, yoe* 3（柄）",沖永良部島国頭,1 yii
"e 1, oe* 2, yoe* 3（柄）",手々知名,1 yii
"e 1, oe* 2, yoe* 3（柄）",上平川,1 yii
"e 1, oe* 2, yoe* 3（柄）",田皆,1 yii
"e 1, oe* 2, yoe* 3（柄）",正名,1 yii
"e 1, oe* 2, yoe* 3（柄）",湾,1 ee
"e 1, oe* 2, yoe* 3（柄）",名瀬,1 yi
"e 1, oe* 2, yoe* 3（柄）",諸鈍,1 yi
"e 1, oe* 2, yoe* 3（柄）",茶花,2 wui
"e 1, oe* 2, yoe* 3（柄）",麦屋東区,2 fui
"e 1, oe* 2, yoe* 3（柄）",伊平屋,2 bii
"e 1, oe* 2, yoe* 3（柄）",伊是名,1 yii
"e 1, oe* 2, yoe* 3（柄）",今帰仁,2 bui
"e 1, oe* 2, yoe* 3（柄）",具志堅,2 ui
"e 1, oe* 2, yoe* 3（柄）",渡久地,2 uii
"e 1, oe* 2, yoe* 3（柄）",伊江島,2 wii
"e 1, oe* 2, yoe* 3（柄）",首里,2 wii A
"e 1, oe* 2, yoe* 3（柄）",伊良部,1 ii
"e 1, oe* 2, yoe* 3（柄）",大神,1 ii
"e 1, oe* 2, yoe* 3（柄）",与那覇,1 ii
"e 1, oe* 2, yoe* 3（柄）",砂川,1 ii
"e 1, oe* 2, yoe* 3（柄）",水納,1 ii
"e 1, oe* 2, yoe* 3（柄）",石垣,3 yui
"e 1, oe* 2, yoe* 3（柄）",川平,1 ii
"e 1, oe* 2, yoe* 3（柄）",白保,1 ii
"e 1, oe* 2, yoe* 3（柄）",波照間,1 ïïn
"e 1, oe* 2, yoe* 3（柄）",与那国,3 dui A
yoro*,池間西原,yuru
"eda 1, yade 2, yoda* 3（枝）",埼玉,1 ida
"eda 1, yade 2, yoda* 3（枝）",石川,1 ida
"eda 1, yade 2, yoda* 3（枝）",鳥取,1 ida
"eda 1, yade 2, yoda* 3（枝）",広島県,1 ida
"eda 1, yade 2, yoda* 3（枝）",九州,1 yeda
"eda 1, yade 2, yoda* 3（枝）",八丈,1 yeda
"eda 1, yade 2, yoda* 3（枝）",福島,"1 weda, zeta, zeda"
"eda 1, yade 2, yoda* 3（枝）",栃木,1 eta
"eda 1, yade 2, yoda* 3（枝）",和歌山県,1 edan
"eda 1, yade 2, yoda* 3（枝）",瀬戸内海,2 yane（手腕）
"eda 1, yade 2, yoda* 3（枝）",八丈島末吉,"1 edaburi, heda"
"eda 1, yade 2, yoda* 3（枝）",八丈島三根,1 eda
"eda 1, yade 2, yoda* 3（枝）",阿伝,"1 yida, 3 yuda"
"eda 1, yade 2, yoda* 3（枝）",仁志,"1 yida, 3 yuda"
"eda 1, yade 2, yoda* 3（枝）",亀津,1 yida
"eda 1, yade 2, yoda* 3（枝）",瀬戸内,1 yena
"eda 1, yade 2, yoda* 3（枝）",古仁屋,1 yeda
"eda 1, yade 2, yoda* 3（枝）",井之川,"1 yeda, 3 yuda"
"eda 1, yade 2, yoda* 3（枝）",後蘭,1 yidaa
"eda 1, yade 2, yoda* 3（枝）",芦清良,1 eda
"eda 1, yade 2, yoda* 3（枝）",瀬利覚,1 yedaa
"eda 1, yade 2, yoda* 3（枝）",小野津,3 yuda
"eda 1, yade 2, yoda* 3（枝）",志戸桶,3 yuda
"eda 1, yade 2, yoda* 3（枝）",湾,3 yuda
"eda 1, yade 2, yoda* 3（枝）",荒木,3 yuda
"eda 1, yade 2, yoda* 3（枝）",上嘉鉄,3 yuda
"eda 1, yade 2, yoda* 3（枝）",名瀬,3 yuda
"eda 1, yade 2, yoda* 3（枝）",湯湾,3 yuda
"eda 1, yade 2, yoda* 3（枝）",沖永良部国頭,3 yuda
"eda 1, yade 2, yoda* 3（枝）",田皆,3 yuda
"eda 1, yade 2, yoda* 3（枝）",茶花,3 yuda
"eda 1, yade 2, yoda* 3（枝）",麦屋東区,3 yuda
"eda 1, yade 2, yoda* 3（枝）",中里,3 yudaa
"eda 1, yade 2, yoda* 3（枝）",上平川,3 yudaa
"eda 1, yade 2, yoda* 3（枝）",大和浜,3 yoda
"eda 1, yade 2, yoda* 3（枝）",浅間,3 yudaa
"eda 1, yade 2, yoda* 3（枝）",首里,"1 yida A, 3 yuda A"
"eda 1, yade 2, yoda* 3（枝）",伊平屋田名,3 yuda A
"eda 1, yade 2, yoda* 3（枝）",奥,3 yuda
"eda 1, yade 2, yoda* 3（枝）",伊江島,3 yuda
"eda 1, yade 2, yoda* 3（枝）",金武,3 yuda A
"eda 1, yade 2, yoda* 3（枝）",国頭郡,3 yudaa
"eda 1, yade 2, yoda* 3（枝）",今帰仁,3 yudaa A
"eda 1, yade 2, yoda* 3（枝）",辺土名,3 yura
"eda 1, yade 2, yoda* 3（枝）",具志堅,3 yura
"eda 1, yade 2, yoda* 3（枝）",伊良部,1 ida
"eda 1, yade 2, yoda* 3（枝）",大神,"1 ida, 3 yuda"
"eda 1, yade 2, yoda* 3（枝）",大浦,"1 ida, 3 yuda"
"eda 1, yade 2, yoda* 3（枝）",来間,1 ida
"eda 1, yade 2, yoda* 3（枝）",池間,3 yuda
"eda 1, yade 2, yoda* 3（枝）",池間西原,3 yuda
"eda 1, yade 2, yoda* 3（枝）",佐良浜,3 yuda
"eda 1, yade 2, yoda* 3（枝）",長浜,3 yuda
"eda 1, yade 2, yoda* 3（枝）",国仲,3 yuda
"eda 1, yade 2, yoda* 3（枝）",狩俣,3 yuda
"eda 1, yade 2, yoda* 3（枝）",島尻,3 yuda
"eda 1, yade 2, yoda* 3（枝）",平良,3 yuda
"eda 1, yade 2, yoda* 3（枝）",久松,3 yuda
"eda 1, yade 2, yoda* 3（枝）",上地,3 yuda
"eda 1, yade 2, yoda* 3（枝）",与那覇,3 yuda
"eda 1, yade 2, yoda* 3（枝）",砂川,3 yuda
"eda 1, yade 2, yoda* 3（枝）",保良,3 yuda
"eda 1, yade 2, yoda* 3（枝）",仲筋,3 yuda A
"eda 1, yade 2, yoda* 3（枝）",水納,3 yuda
"eda 1, yade 2, yoda* 3（枝）",石垣,3 yuda
"eda 1, yade 2, yoda* 3（枝）",大浜,3 yuda
"eda 1, yade 2, yoda* 3（枝）",宮良,3 yuda
"eda 1, yade 2, yoda* 3（枝）",川平,3 yuda
"eda 1, yade 2, yoda* 3（枝）",西表古見,3 yuda
"eda 1, yade 2, yoda* 3（枝）",西表祖納,3 yuda
"eda 1, yade 2, yoda* 3（枝）",船浮,3 yuda
"eda 1, yade 2, yoda* 3（枝）",竹富,3 yuda
"eda 1, yade 2, yoda* 3（枝）",黒島,3 yuda
"eda 1, yade 2, yoda* 3（枝）",鳩間,3 yuda
"eda 1, yade 2, yoda* 3（枝）",波照間,3 yuda
"eda 1, yade 2, yoda* 3（枝）",白保,3 yuda
"eda 1, yade 2, yoda* 3（枝）",小浜,3 yunda
"eda 1, yade 2, yoda* 3（枝）",与那国祖納,"3 duda A, yuda A, dudat'i C"
ekaeka,新潟県佐渡,"ekaeka（肥胖的人摇晃着身体走路的样子；老人或儿童，由于罗圈腿导致步行不畅；笑；婴儿天真无邪地笑的样子）, igaiga（口渴难受的样子）"
ekaeka,富山県砺波,egaega（肥胖的人摇晃着身体走路的样子；老人或儿童，由于罗圈腿导致步行不畅）
ekaeka,愛媛県南宇和郡,ekaeka（马马虎虎不完整的样子）
ekaeka,新潟県新津市,ekaeka（严厉的样子）
ekaeka,青森県三戸郡,ekaeka（肥胖的人摇晃着身体走路的样子；老人或儿童，由于罗圈腿导致步行不畅）
ekaeka,島根県,engaenga（肥胖的人摇晃着身体走路的样子；老人或儿童，由于罗圈腿导致步行不畅）
ekaeka,島根県能義郡,eQkaeQka（肥胖的人摇晃着身体走路的样子；老人或儿童，由于罗圈腿导致步行不畅）
ekaeka,島根県仁多郡,eQkaeQka（肥胖的人摇晃着身体走路的样子；老人或儿童，由于罗圈腿导致步行不畅）
ekaeka,岩手県気仙郡,eQkaeQka（烈日炎炎的样子）
ekaeka,山形県東置賜郡,ekaeka（口渴难受的样子）
ekaeka,山形県庄内,egaega（焦躁不安的样子）
ekaeka,山形県西田川郡,egaega（起情欲的样子）
ekaeka,長崎県壱岐島,"egaega, egaQto（笑；婴儿天真无邪地笑的样子）"
ekariekari,山形県,ekaraekara
ekariekari,山形県米沢市,ekariekari
ekariekari,島根県大原郡,egariegari
ekariekari,隠岐島,"egariegari, eQgarieQgari, engarigungari"
ekariekari,長崎県壱岐島,engariengari
e（餌）,福井県大野市上打波,ee
"edo 1, yodo* 2（餌）",東京都式根島,1 edo
"edo 1, yodo* 2（餌）",新潟県佐渡,1 ezo
"edo 1, yodo* 2（餌）",三重県度会郡,1 edo
"edo 1, yodo* 2（餌）",兵庫県淡路島,1 edo
"edo 1, yodo* 2（餌）",岡山県苫田郡,1 edo
"edo 1, yodo* 2（餌）",山口県,1 edo
"edo 1, yodo* 2（餌）",徳島県,1 edo
"edo 1, yodo* 2（餌）",徳島県海部郡,1 edo
"edo 1, yodo* 2（餌）",愛媛県南宇和郡,1 edo
"edo 1, yodo* 2（餌）",高知県幡多郡,"1 edo, ezi"
"edo 1, yodo* 2（餌）",高知県,1 ezi
"edo 1, yodo* 2（餌）",鳥取県西伯郡,1 edo
"edo 1, yodo* 2（餌）",島根県,1 edo
"edo 1, yodo* 2（餌）",島根県仁多郡,1 eto
"edo 1, yodo* 2（餌）",福岡県山門郡,1 edo
"edo 1, yodo* 2（餌）",大分県南海部郡,1 edo
"edo 1, yodo* 2（餌）",長崎県西彼杵郡,1 edo
"edo 1, yodo* 2（餌）",熊本県,1 edo
"edo 1, yodo* 2（餌）",鹿児島県,"1 edo, ezyo, edesi"
"edo 1, yodo* 2（餌）",鹿児島県肝属郡,2 yozyo
"edo 1, yodo* 2（餌）",喜界,1 idu
"edo 1, yodo* 2（餌）",大和浜,1 idu
"edo 1, yodo* 2（餌）",沖永良部,2 yodo
"edo 1, yodo* 2（餌）",与那覇,2 bidu
"edo 1, yodo* 2（餌）",水納,2 bidu
"edo 1, yodo* 2（餌）",竹富,2 bidu A
esa（餌）,NHK（千葉）,isa
esa（餌）,静岡,yosa
esa（餌）,佐渡,ezo
esa（餌）,紀州,eso
esa（餌）,和歌山,eso
esa（餌）,広島県,isa
esa（餌）,鹿児島,"yejo, yedo, yero, wedo"
erabaku,八丈,erabaku
erakosi,八丈,erakosi
erai（偉）,埼玉,"irai, iree, era, erɛɛ, eree"
erai（偉）,東京,era
erai（偉）,信州,irai
erai（偉）,NHK（山梨）,irai
erai（偉）,奈良田,elai
erai（偉）,静岡,enrai
erai（偉）,石川県河原山,esadoi
erai（偉）,福井,irai
erai（偉）,紀州,irai
erai（偉）,和歌山,era
erai（偉）,岩手,eriae
erai（偉）,鳥取,irai
erai（偉）,肝属内之浦,ere
erai（偉）,甑島里,eraka
erai（偉）,沖永良部国頭,erasan
erai（偉）,芦清良,erasan
erai（偉）,田皆,erasa
erai（偉）,渡久地,enrasen
erai（偉）,与那覇,irai
erai（偉）,水納,iraisadu ai
eme-*（小）,池間,imikai
eme-*（小）,長浜,imikal
eme-*（小）,伊良部,imikam
eme-*（小）,平良,imikaï
eme-*（小）,久松,"imiiimi, imimun"
eme-*（小）,与那覇,imi-
eme-*（小）,友利,imi-
eme-*（小）,新城,imi-
eme-*（小）,多良間,imisyaal
eme-*（小）,砂川,imimunu
eme-*（小）,水納,imisyadu ai
ena-*（小）,名瀬,inasan
ena-*（小）,湯湾,inyasa
eto（干支）,岐阜,etou
"e 1, ya* 2（兄）",上平川,1 yii（兄弟）
"e 1, ya* 2（兄）",瀬留,2 ya
"eko 1, yanokura* 2, yaka* 3, yako* 4, yaki* 5（長子）",大和浜,2 yankwa
"eko 1, yanokura* 2, yaka* 3, yako* 4, yaki* 5（長子）",麦屋東区,"3 yaka, yaha（古）"
"eko 1, yanokura* 2, yaka* 3, yako* 4, yaki* 5（長子）",今帰仁,"4 yakumii（老人使用）, yakoo（古宇利用）, 5 yaQcii（士族用）"
"eko 1, yanokura* 2, yaka* 3, yako* 4, yaki* 5（長子）",伊江島,3 yaha
"eko 1, yanokura* 2, yaka* 3, yako* 4, yaki* 5（長子）",首里,"5 yaQcii B（士族用）, yacimee B（~前，贵族用）"
erabas-*（選）,伊良部,irabasï
erabas-*（選）,水納,irabasï
"erabu 1, eramu 2（選）",八丈,2 yoramu
"erabu 1, eramu 2（選）",奈良田,"1 yelabu, elabu"
"erabu 1, eramu 2（選）",讚岐,1 irabu
"erabu 1, eramu 2（選）",鹿児島,1 yeraQ
"erabu 1, eramu 2（選）",沖永良部国頭,1 erabin
"erabu 1, eramu 2（選）",田皆,1 irabin
"erabu 1, eramu 2（選）",麦屋東区,1 irabyun
"erabu 1, eramu 2（選）",伊平屋田名,1 irabun B
"erabu 1, eramu 2（選）",渡久地,1 irabun
"erabu 1, eramu 2（選）",今帰仁,1 iraabin B
"erabu 1, eramu 2（選）",伊江島,"1 irazyun, iradyun"
"erabu 1, eramu 2（選）",首里,1 irabun (irab-) B
"erabu 1, eramu 2（選）",伊良部,1 irabï
"erabu 1, eramu 2（選）",与那覇,1 irabï
"erabu 1, eramu 2（選）",水納,1 irabi
"erabu 1, eramu 2（選）",石垣,1 irabun
"erabu 1, eramu 2（選）",波照間,1 irabun
"erabu 1, eramu 2（選）",西表祖納,1 irabu
"erabu 1, eramu 2（選）",与那国祖納,1 irabun (irab-) B
"eru 1, yoru 2（選）",福井県大野市上打波,2 yoru
"eru 1, yoru 2（選）",麦屋東区,2 yun
ebisu（恵比寿）,青森県三戸郡,ebisu（鲸鱼）
ebisu（恵比寿）,岩手県気仙郡,ebisu（鲸鱼）
ebisu（恵比寿）,茨城県,"ebisu, oebisusan（鲸鱼）"
ebisu（恵比寿）,新潟県佐渡,"oebisusan, obesusan（鲸鱼）, oebisusan, oebisu, obesusan（海豚、海马、鲨鱼等）"
ebisu（恵比寿）,首里,ibisu（神名，借词？）
"emisi 1, emisu 2, ebisu 3（夷）",石垣,3 ibisï（乡下、乡下人，借词？）
eras-*,波照間,biraasun
ewasu（酔）,石垣,beesïn
ewasu（酔）,竹富,beesun BC
"you 1/2, ow-* 3（酔）",鳥取,1 eu
"you 1/2, ow-* 3（酔）",石川県河原山,1 yoo
"you 1/2, ow-* 3（酔）",鹿児島,1 ye | yoi（名词）：ye
"you 1/2, ow-* 3（酔）",阿伝,2 yuuyui
"you 1/2, ow-* 3（酔）",志戸桶,2 yuuyui
"you 1/2, ow-* 3（酔）",佐仁,2 yuyun
"you 1/2, ow-* 3（酔）",名瀬,2 yukuryuri
"you 1/2, ow-* 3（酔）",古仁屋,"1 yïïyum, yiiyum"
"you 1/2, ow-* 3（酔）",与路,1 yiiyum
"you 1/2, ow-* 3（酔）",浅間,2 yuuyun
"you 1/2, ow-* 3（酔）",山,2 yuuyun
"you 1/2, ow-* 3（酔）",手々知名,2 yuuyun
"you 1/2, ow-* 3（酔）",瀬利覚,2 yuuyun
"you 1/2, ow-* 3（酔）",亀津,2 yuurɪ
"you 1/2, ow-* 3（酔）",麦屋東区,3 fuiyun
"you 1/2, ow-* 3（酔）",茶花,3 wuiyun
"you 1/2, ow-* 3（酔）",古沖縄,1 wefu
"you 1/2, ow-* 3（酔）",奥,3 wuirun
"you 1/2, ow-* 3（酔）",辺野喜,3 wuirun
"you 1/2, ow-* 3（酔）",今帰仁,3 wuirun B | yoi（名词）：ui B
"you 1/2, ow-* 3（酔）",辺土名,3 wuin
"you 1/2, ow-* 3（酔）",伊平屋,1 wiin
"you 1/2, ow-* 3（酔）",石川,1 wiin
"you 1/2, ow-* 3（酔）",糸満,1  wiin
"you 1/2, ow-* 3（酔）",伊江島,1 wiiyun
"you 1/2, ow-* 3（酔）",伊是名,1 wiiyun
"you 1/2, ow-* 3（酔）",崎本部,1 yiin
"you 1/2, ow-* 3（酔）",具志堅,3 uiyun
"you 1/2, ow-* 3（酔）",名護,1 yiiin
"you 1/2, ow-* 3（酔）",済井出,1 yiin
"you 1/2, ow-* 3（酔）",首里,1 wiiyun (wiir-) B | yoi（名词）：wii B
"you 1/2, ow-* 3（酔）",久高,3 guiin
"you 1/2, ow-* 3（酔）",池間,1 byuui
"you 1/2, ow-* 3（酔）",大神,"1 piiï, piïm"
"you 1/2, ow-* 3（酔）",佐良浜,1 vyuuii
"you 1/2, ow-* 3（酔）",大浦,1 byuu
"you 1/2, ow-* 3（酔）",与那覇,1 byuu
"you 1/2, ow-* 3（酔）",平良,1 byuuï
"you 1/2, ow-* 3（酔）",上地,1 byuuï
"you 1/2, ow-* 3（酔）",伊良部,1 byuuï
"you 1/2, ow-* 3（酔）",長浜,1 byuul
"you 1/2, ow-* 3（酔）",多良間,1 biifusy
"you 1/2, ow-* 3（酔）",石垣,"1 biirun, biin"
"you 1/2, ow-* 3（酔）",川平,"1 biirun, biin"
"you 1/2, ow-* 3（酔）",西表祖納,"1 biirun, biin, biiru"
"you 1/2, ow-* 3（酔）",大浜,1 biirun
"you 1/2, ow-* 3（酔）",竹富,1 biirun
"you 1/2, ow-* 3（酔）",黒島,1 biirun
"you 1/2, ow-* 3（酔）",波照間,1 biirun
"you 1/2, ow-* 3（酔）",小浜,1 bii
"you 1/2, ow-* 3（酔）",沖永良部国頭,2 yuuyun
"you 1/2, ow-* 3（酔）",水納,1 biifusyari
"you 1/2, ow-* 3（酔）",伊平屋田名,1 iin B
"you 1/2, ow-* 3（酔）",田皆,2 yui
"you 1/2, ow-* 3（酔）",渡久地,3 uiyun
"you 1/2, ow-* 3（酔）",西表古見,"1 biirun（醉）, bii（中毒）"
"you 1/2, ow-* 3（酔）",与那国祖納,1 birun (bir-) B | yoi（名词）：bi C
"you 1/2, ow-* 3（酔）",古琉球汉语对音,yo=i=te：由的
"you 1/2, ow-* 3（酔）",古琉球朝鲜语对音,yo=i=te：이우디
eriwaza,東武,eriwari
enoki（榎）,静岡,yonoki
enoki（榎）,石川,yonoki
enoki（榎）,福井県大野市上打波,yonoki
enoki（榎）,岐阜,yonoki
enoki（榎）,愛知,yonoki
enoki（榎）,紀州,yonoki
enoki（榎）,和歌山県,yonoki
enoki（榎）,茨城,yunoki
enoki（榎）,鳥取,yonoki
enoki（榎）,鹿児島,"yenoQ, menoki, menoQ, yoneki"
"enba 1, enma 2（蜻蛉）",東国,enba
"enba 1, enma 2（蜻蛉）",石川県鹿島郡,enma
"enba 1, enma 2（蜻蛉）",和歌山県,enba
"enba 1, enma 2（蜻蛉）",新宮,enba
"enba 1, enma 2（蜻蛉）",西牟婁郡,enba
"enba 1, enma 2（蜻蛉）",福岡県北部,enba
"enba 1, enma 2（蜻蛉）",佐賀県,enba
"enba 1, enma 2（蜻蛉）",長崎県五島,"enbaibo, enbi"
"enba 1, enma 2（蜻蛉）",長崎県島嶼,enba
"enba 1, enma 2（蜻蛉）",大分県大分郡,enba
"enbuu 1, enbou 2（蜻蛉）",三重県名賀郡,henbo
"enbuu 1, enbou 2（蜻蛉）",徳島県,henbo
"enbuu 1, enbou 2（蜻蛉）",高知県,"henbo, henbou"
"enbuu 1, enbou 2（蜻蛉）",高知県香美郡,henbo
"enbuu 1, enbou 2（蜻蛉）",高知県長岡郡,henbo
"enbuu 1, enbou 2（蜻蛉）",愛媛県,henbo
"enbuu 1, enbou 2（蜻蛉）",愛媛県喜多郡,henbo
"enbuu 1, enbou 2（蜻蛉）",福岡県,henbu
"enbuu 1, enbou 2（蜻蛉）",大分市,henbu
"enbuu 1, enbou 2（蜻蛉）",福岡県八女郡,henbou
"enbuu 1, enbou 2（蜻蛉）",福岡県南西部,enbu
"enbuu 1, enbou 2（蜻蛉）",筑前,"enbuu, enbou"
"enbuu 1, enbou 2（蜻蛉）",筑後,"henbo, henbou"
"enbuu 1, enbou 2（蜻蛉）",久留米,henbou
"enbuu 1, enbou 2（蜻蛉）",佐賀県,"hebo, henbou"
"enbuu 1, enbou 2（蜻蛉）",佐賀県神埼郡,hebo
"enbuu 1, enbou 2（蜻蛉）",佐賀県三養基郡,henbo
"enbuu 1, enbou 2（蜻蛉）",佐賀県藤津郡,henbo
"enbuu 1, enbou 2（蜻蛉）",長崎県佐世保市,henbo
"enbuu 1, enbou 2（蜻蛉）",長崎県,"senbu, henbu, henbo"
"enbuu 1, enbou 2（蜻蛉）",長崎県長崎市,henbuu
"enbuu 1, enbou 2（蜻蛉）",長崎県伊王島,"henbuu, senbuu"
"enbuu 1, enbou 2（蜻蛉）",長崎県北松浦郡,enbo
"enbuu 1, enbou 2（蜻蛉）",長崎県南高来郡,"senbo, henbo"
"enbuu 1, enbou 2（蜻蛉）",長崎県壱岐島,neba
"enbuu 1, enbou 2（蜻蛉）",長崎県五島,"enbo, ebo"
"enbuu 1, enbou 2（蜻蛉）",熊本県,"senbo, henbo"
"enbuu 1, enbou 2（蜻蛉）",熊本県芦北郡,senbu
"enbuu 1, enbou 2（蜻蛉）",熊本県天草郡,"senbu, henbu, henbuu, henbyu, henbyuu, honbo"
"enbuu 1, enbou 2（蜻蛉）",熊本県八代郡,"hebo, honbo"
e（蜘蛛巣）,宮崎,e
e（蜘蛛巣）,上甑島,kobunoye（蜘蛛の~）
ebari,神奈川県,enba
ebari,千葉県安房郡,ebara
ebari,尾州,ebari
ebari,勢州,ebari
ebari,予州,ebari
ebari,香川県伊吹島,ebari
ebari,愛媛県周桑郡,ebari
ebari,愛媛県喜多郡,ebari
ebari,三重県,"enbari, henba"
ebari,三重県員弁郡,hebari
ebari,三重県三重郡,henbari
ebari,三重県阿山郡,henbari
ebari,広島県,eba
ebari,山口県豊浦郡,eba
ebari,香川県広島,eba
ebari,高知県長岡郡,eba
ebari,大洲,eba
ebari,山口県玖珂郡,"enbari, enba"
ebari,山口県大島,"henbari, senbari"
ebari,愛媛県,"hebari, henbari, heba, eba"
ebari,島根県,eba
ebari,福岡,yenbari
ebari,福岡市,enbari
ebari,大分県南部,enbari
ebari,久留米,ebari
ebari,福岡県粕屋郡,enboo
ebari,福岡県鞍手郡,enba
ebari,大分県大分市,enba
ebari,別府市,enba
ebari,福岡県久留米市,ebari
ebari,福岡県三井郡,ebari
ebari,大分県,"ebari, eba"
ebari,熊本県阿蘇郡,"ebari, eba"
ebari,長崎県,eba
e（荏）,福井県大野市上打波,ee
eko（荏）,群馬県一部,egusa（~草）
eko（荏）,新潟県,egusa（~草）
eko（荏）,新潟県中頸城郡,egusa（~草）
eko（荏）,長野県下水内郡,egusa（~草）
eko（荏）,長野県佐久,"egusa（~草）, igusa（~草）"
eko（荏）,滋賀県一部,egusa（~草）
eko（荏）,周防,eko
eko（荏）,長門,eko
eko（荏）,山形県西置賜郡,egusa（~草）
eko（荏）,福島県一部,ego
eko（荏）,岡山県一部,ego
eko（荏）,広島県一部,ego
eko（荏）,山口県一部,ego
eko（荏）,徳島県一部,ego
eko（荏）,鳥取県一部,ego
eko（荏）,島根県一部,ego
eko（荏）,島根県美濃郡,"eko, ekogusa（~草）"
eko（荏）,福岡県,eko
eko（荏）,福岡県一部,"ego, ekogoma（~胡麻）"
eko（荏）,大分県一部,ego
eko（荏）,宮崎県一部,ego
eko（荏）,佐賀県一部,ego
ebi（海老）,八丈島三根,"ebi, ebime"
ebi（海老）,八丈島末吉,yebime
ebi（海老）,静岡,enbii
ebi（海老）,富山県,ibi
ebi（海老）,南知多,ibi
ebi（海老）,伊賀,ibi
ebi（海老）,岐阜,eebi
ebi（海老）,志摩,enbi
ebi（海老）,福島,"zebi, jiibi"
ebi（海老）,茨城,enme
ebi（海老）,鳥取,ibi
ebi（海老）,島根県仁多郡,ebï
ebi（海老）,福岡,yebi
ebi（海老）,大分,yebi
ebi（海老）,熊本,yebi
ebi（海老）,島原,enbi
ebi（海老）,鹿児島,"ibi, yeQ, eQ"
ebi（海老）,肝属内之浦,eQ
ebi（海老）,上甑島,yeebi
ebi（海老）,小野津,ɪbi
ebi（海老）,荒木,ɪbi
ebi（海老）,阿伝,ibi
ebi（海老）,湾,ibi
ebi（海老）,上嘉鉄,ibi
ebi（海老）,名瀬,ibi
ebi（海老）,大和浜,ibi
ebi（海老）,田皆,ibi
ebi（海老）,正名,ibi A
ebi（海老）,麦屋東区,ibi
ebi（海老）,諸鈍,ip
ebi（海老）,浅間,ibii
ebi（海老）,上平川,ibii
ebi（海老）,沖永良部国頭,"ibi, ibii"
ebi（海老）,伊平屋田名,ibi A
ebi（海老）,伊是名,ibi
ebi（海老）,金武,ibi A
ebi（海老）,首里,ibi A
ebi（海老）,今帰仁,ibii A
ebi（海老）,瀬底,ibii
ebi（海老）,池間西原,ibigan（~蟹）
ebi（海老）,長浜,ibïgan（~蟹）
ebi（海老）,仲地,ibïgan（~蟹）
ebi（海老）,大神,ibï
ebi（海老）,平良,ibï
ebi（海老）,多良間,"ibï, ibi A"
ebi（海老）,水納,ibi
ebi（海老）,石垣,ibï
ebi（海老）,宮良,ibï
ebi（海老）,川平,ipï
ebi（海老）,小浜,ipï
ebi（海老）,西表古見,ibi
ebi（海老）,船浮,ibi
ebi（海老）,竹富,ibi
ebi（海老）,鳩間,ibi
ebi（海老）,波照間,"ibï, ibi"
ebi（海老）,白保,"ibï, ibi"
ebi（海老）,与那国祖納,in A
ebiru*（海老）,川平,iQpirï
ebiru*（海老）,鳩間,ibiru（河虾）
ebere-*,首里,ibiriyun A (ibirir-)
ebereya*,渡久地,ibiraa
ebereya*,首里,"ibiraa A, ibiyaa"
ei（鱏）,愛知県葉栗郡,ebuta
ei（鱏）,三重県度会郡,ebuta
ei（鱏）,奈良県宇陀郡,ebuta
ei（鱏）,紀州,ebuta
ei（鱏）,和歌山県,ebuta
ei（鱏）,上方,egire
ei（鱏）,島根県美濃郡,eiraku
ei（鱏）,島根県益田市,eiraku
ei（鱏）,福岡県山門郡,eiganco
ei（鱏）,福岡県三池郡,eiganco
ei（鱏）,熊本県,eiganco
ei（鱏）,熊本県玉名郡,"eiganco, eiga"
ei（鱏）,熊本県下益城郡,"eiganco, eiga"
ei（鱏）,大分県南海部郡,iikan
ei（鱏）,佐賀県,eiga
ei（鱏）,薩摩,eiga
ei（鱏）,上甑島,eega
ei（鱏）,種子島,ee
ei（鱏）,鹿児島,ega
ei（鱏）,麦屋東区,ii
ei（鱏）,首里,yei
ei（鱏）,伊良部,iiïzu（~魚）
ei（鱏）,平良,ii
ei（鱏）,与那覇,ii
ei（鱏）,水納,"ii, iiizyu（~魚）"
ei（鱏）,石垣,ii
einoo（鱏）,山口県見島,eenoo
einoo（鱏）,香川県伊吹島,enora
einoo（鱏）,島根県益田市,eenoo
einoo（鱏）,大分県東国東郡,eenoo（旋风）
einoo（鱏）,大分郡,eenoo（旋风）
einoo（鱏）,九州,"einouo, einoo, eenou, eenoo"
einoo（鱏）,喜界,"iinuu, iiruu"
einoo（鱏）,小野津,iiruu
einoo（鱏）,阿伝,iinu͂u͂
einoo（鱏）,沖永良部国頭,yinnoo
einoo（鱏）,麦屋東区,inoo（也表示内海、礁池、珊瑚礁）
einoo（鱏）,古沖縄,inoo
einoo（鱏）,伊平屋,inoo
einoo（鱏）,今帰仁,inoo
einoo（鱏）,伊江島,ino
einoo（鱏）,伊良部,inoo（也表示龙卷风）
einoo（鱏）,久松,inoo（也表示龙卷风）
einoo（鱏）,与那覇,inoo
einoo（鱏）,水納,inuu
einoo（鱏）,石垣,inoo
einoo（鱏）,波照間,inoo
einoo（鱏）,黒島,inai
einoo（鱏）,与那国祖納,"nnu B, nuumati"
einookaze*（鱏風）,石垣,"inaukazi, inookazi"
einookaze*（鱏風）,川平,inookazi
einookaze*（鱏風）,鳩間,inookazi
einookaze*（鱏風）,竹富,"inokazi, inookazi"
einookaze*（鱏風）,黒島,"inoohazi, inaihazi"
"karaei 1, karei 2",鳥取,"kae, karaee, kare"
"karaei 1, karei 2",島根,karahei
"karaei 1, karei 2",宮崎,kari
"karaei 1, karei 2",鹿児島,kari
"karaei 1, karei 2",福岡,karii
"karaei 1, karei 2",熊本,karii
"karaei 1, karei 2",岩手,karui
"karaei 1, karei 2",島原,karuwa
"karaei 1, karei 2",富山県,kare
"karaei 1, karei 2",福井大飯,kare
"karaei 1, karei 2",岐阜,kare
"karaei 1, karei 2",淡路,kare
"karaei 1, karei 2",和歌山県,kare
"karaei 1, karei 2",讚岐,kare
"karaei 1, karei 2",愛媛周桑,kare
"karaei 1, karei 2",伊予,kare
"karaei 1, karei 2",土佐,kare
"karaei 1, karei 2",鹿児島,kare
"karaei 1, karei 2",佐賀,karee
"karaei 1, karei 2",大分,karee
"karaei 1, karei 2",熊本,karee
"karaei 1, karei 2",福井県大野市上打波,karee
eQpu,奈良県宇陀郡,eQpo
eQpu,和歌山県西牟婁郡,eQpo
eQpu,岡山県苫田郡,eQpu
eQpuri,和歌山県新宮,eQpuri
eQpuri,和歌山県東牟婁郡,eQpuri
etumotu,青森県津軽,etsumotsu
etumotu,新潟県中蒲原郡,etsumotsu
etumotu,新潟県西蒲原郡,etsumotsu
eturamotura,岩手県平泉,etsuramotsura
e（胞）,長崎市,iya
e（胞）,長崎県五島,iya
e（胞）,対馬,iya
e（胞）,熊本県下益城郡,iya
e（胞）,鹿児島県,iya
e（胞）,肝属郡,iya
e（胞）,屋久島,iya
e（胞）,熊本県玉名郡,eya
e（胞）,鹿児島,ira
e（胞）,伊平屋,iraa
e（胞）,伊是名,iya
e（胞）,今帰仁,"iyaa, yaa"
e（胞）,伊江島,iya
e（胞）,金武,iiyaa B
e（胞）,首里,"iya B, iyaa B, iiyaa B"
e（胞）,伊良部,ïza
e（胞）,多良間,ïza
e（胞）,佐和田,Qla
e（胞）,平良,zïza
e（胞）,水納,iza
e（胞）,石垣,iiyaa
ena（胞衣）,岐阜,yona
ena（胞衣）,飛騨,yona
ena（胞衣）,紀州,yana
ena（胞衣）,和歌山,yana
ena（胞衣）,鳥取,"yuna, yona"
ena（胞衣）,島根,yona
e（絵）,福井県大野市上打波,ee
e（絵）,麦屋東区,yii
e（絵）,正名,ee
e（絵）,古沖縄,we
e（絵）,今帰仁,yii B
e（絵）,渡久地,yii
e（絵）,伊江島,yii
e（絵）,首里,yii B
e（絵）,伊良部,ii
e（絵）,水納,ii
e（絵）,石垣,ii
e（絵）,西表古見,ii
e（絵）,鳩間,ii
e（絵）,波照間,"ii, ee"
e（絵）,白保,ii
e（絵）,与那国,ii B
ebaru,青森県,ebaru
ebaru,岩手県九戸郡,ebaru
ebe*（威部）,奄美大島,ibi（ibiganasi（地神）的房屋中的灵石）
ebe*（威部）,おもろ,ibe
ebe*（威部）,今帰仁,ibi（神的所在）
ebe*（威部）,首里,ibi A（神的所在、神附身对象（灵石、灵木等）、神名尊称后缀）
ebe*（威部）,宮古,ibi
ebe*（威部）,石垣,ibi（otake（御嶽）神体的灵石）
ebitori,駿河国沼津辺,ebitori
egetunai,埼玉,igetsunai（说话方式和做法都很露骨、残酷无情、讨人厌的）
egetunai,神奈川,igetsunai（说话方式和做法都很露骨、残酷无情、讨人厌的）
egetunai,長野県佐久,egetsunai（说话方式和做法都很露骨、残酷无情、讨人厌的、卑鄙贪婪的）
egetunai,新潟県中頸城郡,egetsunai（说话方式和做法都很露骨、残酷无情、讨人厌的）
egetunai,福井県,ikitsunai（可怜的）
egetunai,福井県大飯郡,"egetsunai（说话方式和做法都很露骨、残酷无情、讨人厌的）, egecinai（说话方式和做法都很露骨、残酷无情、讨人厌的、可怜的）"
egetunai,京都府,egecinai（可怜的）
egetunai,滋賀県彦根,egetsunai（说话方式和做法都很露骨、残酷无情、讨人厌的）
egetunai,京都市,egetsunai（说话方式和做法都很露骨、残酷无情、讨人厌的、卑鄙贪婪的）
egetunai,大阪市,egetsunai（说话方式和做法都很露骨、残酷无情、讨人厌的、执拗的）
egetunai,大阪府泉北郡,egetsunai（卑鄙贪婪的）
egetunai,奈良県,egetsunai（说话方式和做法都很露骨、残酷无情、讨人厌的）
egetunai,奈良県南大和,"engetsunai（可怜的）, egetsunai（说话方式和做法都很露骨、残酷无情、讨人厌的）"
egetunai,奈良県宇陀郡,engetsunai（可怜的）
egetunai,和歌山県,egetsunai（说话方式和做法都很露骨、残酷无情、讨人厌的）
egetunai,兵庫県,egetsunai（说话方式和做法都很露骨、残酷无情、讨人厌的）
egetunai,岡山県児島郡,egetsunai（说话方式和做法都很露骨、残酷无情、讨人厌的）
egetunai,広島県高田郡,egetsunai（说话方式和做法都很露骨、残酷无情、讨人厌的）
egetunai,徳島県,egetsunai（说话方式和做法都很露骨、残酷无情、讨人厌的）
egetunai,伊賀,ingetsunai（说话方式和做法都很露骨、残酷无情、讨人厌的）
egetunai,京都府竹野郡,ingetsunai（说话方式和做法都很露骨、残酷无情、讨人厌的）
egetunai,土佐,egecinai（可怜的）
egetunai,高知市,egecinai（可怜的）
egetunai,山口県玖珂郡,igitsunai（可怜的）
egetunai,山口県豊浦郡,igicinai（执拗的）
egetunai,岐阜県飛騨,egetsunai（束手无策的）
egetunai,高知県,egetsunai（靠不住的）
egetunai,鳥取県西伯郡,"egetsunai, igitsunai（可怜的）"
egetunai,鳥取県西部,egecinai（可怜的）
egetunai,鳥取県東部,igicinai（可怜的）
egetunai,島根県,"egetsunai（说话方式和做法都很露骨、残酷无情、讨人厌的）, egecinai（可怜的）"
egetunai,島根県能義郡,egecinai（可怜的）
egetunai,山形県西置賜郡,egetsunai（说话方式和做法都很露骨、残酷无情、讨人厌的）
egetunai,大分県南海部郡,igicinai（可怜的）
egetunai,香川県高松市,egetsunai（卑鄙贪婪的）
egusa,芸州,egusa
egusa,薩州,egusa
ekera-*（少）,上嘉鉄,eerasa
ekera-*（少）,佐仁,iQkiraka
ekera-*（少）,名瀬,ikirasaan
ekera-*（少）,大和浜,ikirasari
ekera-*（少）,瀬戸内,iQkiryasan
ekera-*（少）,実久,ikirasam
ekera-*（少）,徳之島,ikyan
ekera-*（少）,沖永良部,"icasan（少的）, ikusan（小的）"
ekera-*（少）,沖永良部国頭,"ikicasan, icasan"
ekera-*（少）,麦屋東区,ikirasan
ekera-*（少）,古琉球汉语对音,一革拉熟
ekera-*（少）,古沖縄,ikerasa
ekera-*（少）,伊平屋田名,ikerasan A
ekera-*（少）,伊平屋,"ihi, ihigwa, ihigwaa"
ekera-*（少）,伊是名,ikirahan
ekera-*（少）,大宜味,ikirahan
ekera-*（少）,今帰仁,"hikeerasen, ikerasee"
ekera-*（少）,渡久地,ikirasen
ekera-*（少）,名護,ikerahan
ekera-*（少）,伊江島,ikiraasa
ekera-*（少）,久高,ikiraran
ekera-*（少）,宇流麻,ikirahai
ekera-*（少）,首里,ikirasan B
ekera-*（少）,那覇,ikirasan
ekera-*（少）,嘉手納,ikirasan
ekera-*（少）,豊見城,ikirasan
ekera-*（少）,糸満,ikirasan
ekera-*（少）,長浜,ipiica
ekera-*（少）,伊良部,ikiraham
ekera-*（少）,平良,ikyarakaï
ekera-*（少）,与那覇,ikyara
ekera-*（少）,仲筋,ikira- BC
ekera-*（少）,水納,"ikirakasyaal, ikirasyaal, ikirasadu ai"
ekera-*（少）,石垣,"ikirasan, ikirasaan"
ekera-*（少）,大浜,ikirasan
ekera-*（少）,波照間,iki̥rasan
ekera-*（少）,八重山新城,"ihyaQsaan, hyaaQsan"
ema-*（新鮮）,与那覇,ima
ema-*（新鮮）,水納,ima
ema-*（新鮮）,石垣,ima
ema-*（新鮮）,小浜,ima
enga,宮城県石巻,enga
enga,長野県南佐久郡,enga
"enisu 1, enzu 2, enzyu 3（槐）",長野県北佐久郡,enzi
"enisu 1, enzu 2, enzyu 3（槐）",岩手,renzyu
"enisu 1, enzu 2, enzyu 3（槐）",秋田県北秋田郡,enzi
epe-*（少）,久松,"ipiQca, ipiQcamunu"
era（鰓）,神奈川,ena
era（鰓）,与那覇,ira
era（鰓）,水納,ira
eru（得）,奈良田,elu
eru（得）,名瀬,iryun
eru（得）,大和浜,yiruri
eru（得）,古沖縄,eru
eru（得）,今帰仁,yun B
eru（得）,具志堅,yun
eru（得）,伊江島,yun
eru（得）,瀬底,iin
eru（得）,那覇,iin
eru（得）,首里,yiiyun (yiir-) B
eru（得）,渡久地,iiyun
eru（得）,宫古,ïiï
eru（得）,伊良部,Qziï
eru（得）,平良,zyïiï
eru（得）,多良間,"yuil, Ql"
eru（得）,水納,yee
eru（得）,石垣,"iirun, iin"
eru（得）,川平,"irun, iirun"
eru（得）,鳩間,iirun
"eturi 1, yoturi 2*（桟）",大和浜,2 yutsïridëhë（~竹）
"eturi 1, yoturi 2*（桟）",伊良部,1 iizïï
"eturi 1, yoturi 2*（桟）",水納,1 iitsï
"eturi 1, yoturi 2*（桟）",石垣,2 yuQtsïri
"eturi 1, yoturi 2*（桟）",川平,2 yuQtsïrï
"eturi 1, yoturi 2*（桟）",西表古見,"2 yuQtsïrï, yutsïrï"
"eturi 1, yoturi 2*（桟）",鳩間,2 yuciru
"eturi 1, yoturi 2*（桟）",与那国,2 duici
ebi（葡萄）,群馬県吾妻郡,yubi
ebi（葡萄）,東京都三宅島,eboko
ebi（葡萄）,八丈,ebezu
ebi（葡萄）,長野県佐久,ebu
ebi（葡萄）,石川県能美郡,ibu
ebi（葡萄）,山口県,ebisu
ebi（葡萄）,島根県,ebu
ebo,中国,ebo
ebo,兵庫県佐用郡,ebo
ebo,兵庫県赤穂郡,ebo
ebo,鳥取県,ebo
ebo,鳥取県岩美郡,ebo
ebo,鳥取県気高郡,ebo
ebo,岡山県,ebo
ebo,京都府竹野郡,ebo
edoreru,新潟県岩船郡,edoreru
edoreru,新潟県中頸城郡,edoreru
edoru,富山県,edoru（抱怨）
edoru,富山県砺波,"edoru, idoru, edotuku（抱怨）"
edoru,富山県東礪波郡,idoru（抱怨）
edoru,石川県,idoru（抱怨）
edoru,岐阜県飛騨,"idoru（抱怨、（苗、食物等）腐烂、馊）, edoru（发怒、（苗、食物等）腐烂、馊）"
edoru,岐阜県大野郡,edoru（发怒）
edoru,石川県金沢市,edoru（感到闷热）
ega,東京都南多摩郡,ega
ega,神奈川県津久井郡,ega
ega,東京都御蔵島,enga
ega,八丈,"eega, iiga"
ega,長野県上伊那郡,egira
ega,長野県下伊那郡,egira
ega,富山県,"egara, engara"
ega,富山県射水郡,engara
ega,愛知県葉栗郡,egira
ege,東京都大島,egera
ege,東京都三宅島,egera
ege,静岡県,ege
ege,静岡県浜名郡,egi
ege,愛知県碧海郡,"ege, egi"
ege,高知県,"ege, egi"
ege,三重県志摩郡,egi
ege,和歌山県,egi
ekuri,四国,ekuri
ekuri,高知県,ekuri
eka（島）,おもろ,weka
emeru,長野県南佐久,enmeru（欺负）
emeru,大分県西国東郡,emuru（责备）
emeru,大分県宇佐郡,emuru（责备）
emeru,鹿児島県,emuQ（攻击）
emi（罅）,東京都三宅島,emi
emi（罅）,東京都御蔵島,emi
emi（罅）,神奈川県中郡,emi
emi（罅）,山梨県南巨摩郡,emi
emi（罅）,静岡県島田市,emi
emi（罅）,静岡県志太郡,emiri
emi（罅）,静岡県榛原郡,emiri
emi（罅）,静岡市,imiri
emi（罅）,愛知県東加茂郡,emi
enba,新潟県西頸城郡,enbasi
enba,富山県高岡市,inba
enba,富山県砺波,inba
enba,富山県西礪波郡,enbanokawa（~の側）
enba,和歌山県日高郡,enbanokawa（~の側）
enba,和歌山県西牟婁郡,enbanokawa（~の側）
enba,兵庫県加古郡,enbanokawa（~の側）
enba,島根県邇摩郡,inba
enba,島根県大田市,inba
enba,島根県鹿足郡,eebaQto
enba,島根県石見,enbata
enga（鳳仙花）,秋田県平鹿郡,enga
enga（鳳仙花）,秋田県河辺郡,"eganko, eganko"
enga（鳳仙花）,鹿児島県種子島,enga
enga（鳳仙花）,鹿児島県屋久島,engabana（~花）
enka,福島県浜通,"enka, entsuka"
enka,茨城県多賀郡,eenka
ego,島根県,eki（谷间）
ego,広島県,eki（谷间）
ego,山口県阿武郡,eki（谷间）
egeru,長野県,egeru
egeru,岐阜県,egeru
egeru,愛知県,egeru
egeru,三重県志摩,egeru
egeru,岐阜県恵那郡,igeru
egeru,岐阜県羽島郡,igeru
egeru,愛知県東加茂郡,igeru
egeru,大分県,eku
era（穴）,京都府,erata
era（穴）,山口県,era
era（穴）,岩手県気仙郡,era
era（穴）,三重県,era
era（穴）,兵庫県神戸市,era
esa（家）,長野県北安曇郡,"esa, eesa"
esa（家）,山梨県,"esa, eesa"
esa（家）,長野県東筑摩郡,esa
esa（家）,山梨県北巨摩郡,esa
esa（家）,新潟県東蒲原郡,esa
esa（家）,山梨県南巨摩郡,eesaa
esa（家）,山梨県西八代郡,eesaa
esa（家）,岩手県磐井郡,isa
esa（家）,栃木県,isa
esa（家）,岩手県気仙郡,eQko
esa（家）,秋田県南秋田郡,esa
esa（家）,山形県,esa
esa（家）,青森県津軽,eQko（分家）
esa（家）,秋田県鹿角郡,eQko（分家）
esa（家）,秋田県北秋田郡,eQko（分家）
etakeru,尾張,etakeru
etakeru,愛知県,etakeru
etakeru,愛知県愛知郡,etakeru
etare,三重県北牟婁郡,etare
etare,和歌山県西牟婁郡,etare
etare,高知県幡多郡,etare
etare,高知市,etareyuwasi（~鰯）
etare,熊本県天草郡,etari
etu（鱭魚）,筑後,etsu
etu（鱭魚）,柳川,etsu
etu（鱭魚）,肥前寺井,etsu
ezaramazara,庄内,ezarawazara
ezo（黄金虫）,埼玉県入間郡,ezo
ezo（黄金虫）,東京都八王子,ezo
ezo（黄金虫）,埼玉県川越市,eezo（灰色的）
ezo（黄金虫）,神奈川県津久井郡,"ezo, ezoo"
ezu,群馬県勢多郡,ezu
ezu,群馬県前橋市,ezu
ezu,群馬県佐波郡,izu
ezu,岩手県気仙郡,"ezu, izu"
ezu,岩手県胆沢郡,ezu
ezu,宮城県石巻,ezu
ezu,仙台市,ezu
ezu,福島県相馬郡,ezu
ezu,福島県東白川郡,ezu
ezu,茨城県多賀郡,ezu
ezu,栃木県上都賀郡,ezu
ezu,福島県,eezu
ezu,福島県石城郡,netsu
ezu,栃木県,izu
ezu,栃木県河内郡,nezu
ebera*（柄篦）,上嘉鉄,ebira
ebera*（柄篦）,小野津,ɪbɪra
ebera*（柄篦）,麦屋東区,ibira
ebera*（柄篦）,金武,ebera C
ebera*（柄篦）,黒島,ibira
ibiki（鼾）,島原,"ibuki, yubiki"
ibiki（鼾）,鹿児島,"ibii, ibiQ"
ibiki（鼾）,埼玉,ebuki
ibiki（鼾）,島根,ebeki
ibiki（鼾）,瀬戸内,yubiki
ikasu（生）,麦屋東区,ikasyun
ikasu（生）,首里,ikasyun (ikas-) B
ikasu（生）,石垣,ikasïn
ikasu（生）,伊平屋,ikasun
ikasu（生）,波照間,igasun
ikasu（生）,水納,ikasï
ike（池）,東京,eke
ike（池）,福井,eke
ike（池）,福井大飯,eke
ike（池）,伊賀,eke
ike（池）,鳥取,eke
ike（池）,隠岐,eke
ike（池）,和歌山県,yuke
ike（池）,紀州,yuke
ike（池）,島根,yuke
ike（池）,広島県,yuke
ike（池）,大和浜,ixï
ike（池）,南奄美大島,iki
ike（池）,麦屋東区,iki
ike（池）,伊良部,iki
ike（池）,石垣,iki
ike（池）,首里,ici B
ike（池）,波照間,igi
ike（池）,与那国,iki B
ike（池）,金武,iicii B
ike（池）,伊平屋,icii
ike（池）,水納,iki
ike（池）,与那覇,iki
ike（池）,西表古見,iki
ikeru（生）,大分,ikuru
ikeru（生）,麦屋東区,ikyun
ikeru（生）,伊江島,iciyun
ikeru（生）,首里,iciyun (icir-) B
ikeru（生）,伊良部,ikiï
ikeru（生）,石垣,"ikirun, ikin"
ikeru（生）,波照間,igirun
ikeru（生）,水納,iki
ikeru（生）,与那国祖納,ik'irun (ik'ir-) A
"iki 1, oki 2（息）",鹿児島,iQ
"iki 1, oki 2（息）",栃木,eki
"iki 1, oki 2（息）",鳥取,eki
"iki 1, oki 2（息）",島根県仁多郡,ekï
"iki 1, oki 2（息）",福井大飯,yuki
"iki 1, oki 2（息）",甑島瀬上,iigi
"iki 1, oki 2（息）",肝属内之浦,iQ
"iki 1, oki 2（息）",福井県大野市上打波,igi
"iki 1, oki 2（息）",古琉球汉语对音,亦及 亦急
"iki 1, oki 2（息）",志戸桶,iki
"iki 1, oki 2（息）",名瀬,iki
"iki 1, oki 2（息）",大和浜,iki
"iki 1, oki 2（息）",湯湾,iki
"iki 1, oki 2（息）",古仁屋,iki
"iki 1, oki 2（息）",諸鈍,iki
"iki 1, oki 2（息）",与路,iki
"iki 1, oki 2（息）",井之川,iki
"iki 1, oki 2（息）",瀬利覚,iki
"iki 1, oki 2（息）",正名,iki C
"iki 1, oki 2（息）",茶花,iki
"iki 1, oki 2（息）",糸満,iki
"iki 1, oki 2（息）",久高,iki
"iki 1, oki 2（息）",多良間,iki C
"iki 1, oki 2（息）",大浜,iki
"iki 1, oki 2（息）",鳩間,iki
"iki 1, oki 2（息）",黒島,iki
"iki 1, oki 2（息）",西表祖納,iki
"iki 1, oki 2（息）",阿伝,ici
"iki 1, oki 2（息）",奥,ici
"iki 1, oki 2（息）",辺土名,ici
"iki 1, oki 2（息）",伊江島,ici
"iki 1, oki 2（息）",済井出,ici
"iki 1, oki 2（息）",加計呂麻,ikii
"iki 1, oki 2（息）",亀津,ɪki
"iki 1, oki 2（息）",手々知名,iQci
"iki 1, oki 2（息）",今帰仁,"ici, hici C"
"iki 1, oki 2（息）",具志堅,iQci
"iki 1, oki 2（息）",石川,iici B
"iki 1, oki 2（息）",那覇,iici B
"iki 1, oki 2（息）",首里,iici B
"iki 1, oki 2（息）",久米謝名堂,iici C
"iki 1, oki 2（息）",平良,"ikï, itsï"
"iki 1, oki 2（息）",池間,"iki, itsï"
"iki 1, oki 2（息）",池間西原,itsï
"iki 1, oki 2（息）",長浜,itsï
"iki 1, oki 2（息）",佐良浜,itsï
"iki 1, oki 2（息）",大神,ikï
"iki 1, oki 2（息）",大浦,ikï
"iki 1, oki 2（息）",与那覇,ikï
"iki 1, oki 2（息）",宮古上地,ikï
"iki 1, oki 2（息）",仲筋,ikï
"iki 1, oki 2（息）",石垣,"ïkï, ïsïkï"
"iki 1, oki 2（息）",川平,"ikï, sïkï"
"iki 1, oki 2（息）",小浜,"ikï, ikïsï"
"iki 1, oki 2（息）",竹富,"is, oQki A（天气）"
"iki 1, oki 2（息）",鳩間,iki
"iki 1, oki 2（息）",黒島,iki
"iki 1, oki 2（息）",波照間,"ïsï, isi"
"iki 1, oki 2（息）",白保,"is, isï"
"iki 1, oki 2（息）",船浮,iki
"iki 1, oki 2（息）",久松,iksï
"iki 1, oki 2（息）",金武,iici C
"iki 1, oki 2（息）",沖永良部国頭,ici
"iki 1, oki 2（息）",伊平屋田名,iici C
"iki 1, oki 2（息）",水納,iki
"iki 1, oki 2（息）",後蘭,iki
"iki 1, oki 2（息）",芦清良,iki
"iki 1, oki 2（息）",仁志,ici
"iki 1, oki 2（息）",田皆,iki
"iki 1, oki 2（息）",阿伝,ici
"iki 1, oki 2（息）",荒木,ici
"iki 1, oki 2（息）",上嘉鉄,ici
"iki 1, oki 2（息）",湾,ici
"iki 1, oki 2（息）",小野津,iki
"iki 1, oki 2（息）",伊良部,itsï
"iki 1, oki 2（息）",狩俣,ikï
"iki 1, oki 2（息）",久貝,ikï
"iki 1, oki 2（息）",来間,itsï
"iki 1, oki 2（息）",砂川,ikï
"iki 1, oki 2（息）",保良,ikï
"iki 1, oki 2（息）",麦屋東区,iki
"iki 1, oki 2（息）",与那国祖納,it'i C
"iki 1, oki 2（息）",渡久地,iiki
"iki 1, oki 2（息）",西表古見,ikï̥
"iki 1, oki 2（息）",国仲,itsï
ikiou（勢）,山形県米沢市,ikioru
ikioi（勢）,鳥取,"ikioo, ekioi, ikiyoi"
ikioi（勢）,栃木,ikiyoi
ikioi（勢）,埼玉,ikiyoi
ikioi（勢）,大阪,ikiyoi
ikioi（勢）,神戸,ikiyoi
ikioi（勢）,大和,ikiyoi
ikioi（勢）,和歌山県,ikiyoi
ikioi（勢）,愛媛周桑,ikiyoi
ikioi（勢）,土佐,ikiyoi
ikioi（勢）,鹿児島,"iQe, iQgwoi, iQge"
ikioi（勢）,大和,iQkyoi
ikioi（勢）,福島,"ekiboi, ekiboe"
ikioi（勢）,伊江島,iciwi
ikioi（勢）,今帰仁,"iciui, hiciui B"
ikioi（勢）,首里,icui B
ikioi（勢）,伊良部,ikiui
ikioi（勢）,石垣,ïkïbui
"ikizuku 1, ikuzuku 2（息衝）",山形県北村山郡,ikitsuku
"ikizuku 1, ikuzuku 2（息衝）",新潟県佐渡,ikitsuku
"ikou 1, yokou 2（憩）",九州,yokou
"ikou 1, yokou 2（憩）",久留米,yokou
"ikou 1, yokou 2（憩）",肥後,yokou
"ikou 1, yokou 2（憩）",福岡県,"yokou, yokofu"
"ikou 1, yokou 2（憩）",長崎県,yokou
"ikou 1, yokou 2（憩）",熊本県,yokou
"ikou 1, yokou 2（憩）",大分県,yokou
"ikou 1, yokou 2（憩）",宮崎県,yokou
"ikou 1, yokou 2（憩）",鹿児島県薩摩,yokou
"ikou 1, yokou 2（憩）",吐噶喇宝島,yokou
"ikou 1, yokou 2（憩）",鳥取県東部,yagou
"ikou 1, yokou 2（憩）",佐賀県藤津郡,yukuu
"ikou 1, yokou 2（憩）",大分県西国東郡,"yukuu, yokuu"
"ikou 1, yokou 2（憩）",宮崎県日向,"yukuu, yokuu"
"ikou 1, yokou 2（憩）",鹿児島県大隅,yoku
"ikou 1, yokou 2（憩）",鹿児島県上甑島,yoku
"ikou 1, yokou 2（憩）",鹿児島県,"yukuu, yokuu, yoku"
"ikou 1, yokou 2（憩）",混効験集,"yukofu, yukufu"
"ikou 1, yokou 2（憩）",志戸桶,yukuyui
"ikou 1, yokou 2（憩）",名瀬,yohoyun
"ikou 1, yokou 2（憩）",大和浜,yufumuri
"ikou 1, yokou 2（憩）",浅間,yukuyun
"ikou 1, yokou 2（憩）",井之川,yukuri
"ikou 1, yokou 2（憩）",瀬利覚,yuuyun
"ikou 1, yokou 2（憩）",麦屋東区,yufuuyun
"ikou 1, yokou 2（憩）",茶花,yufuyun
"ikou 1, yokou 2（憩）",伊江島,yufuyun
"ikou 1, yokou 2（憩）",今帰仁,yufurun B
"ikou 1, yokou 2（憩）",辺土名,yufuuin
"ikou 1, yokou 2（憩）",首里,yukuyun B（yuku(r)-）
"ikou 1, yokou 2（憩）",中頭郡,yukuin
"ikou 1, yokou 2（憩）",島尻郡,yuQkuin
"ikou 1, yokou 2（憩）",平良,"yukï, yukuu"
"ikou 1, yokou 2（憩）",池間,"yukui, yukum"
"ikou 1, yokou 2（憩）",大神,"yukui, yukum"
"ikou 1, yokou 2（憩）",伊良部,yukuu
"ikou 1, yokou 2（憩）",長浜,yukïï
"ikou 1, yokou 2（憩）",佐良浜,yukuii
"ikou 1, yokou 2（憩）",大浦,"yukuu, yukoo"
"ikou 1, yokou 2（憩）",上地,yukuï
"ikou 1, yokou 2（憩）",佐和田,yukuu
"ikou 1, yokou 2（憩）",仲筋,yukuu
"ikou 1, yokou 2（憩）",多良間,yukee
"ikou 1, yokou 2（憩）",石垣,"yukoon, yukuin"
"ikou 1, yokou 2（憩）",大浜,yukoon
"ikou 1, yokou 2（憩）",小浜,yukoon
"ikou 1, yokou 2（憩）",八重山新城,yoohoon
"ikou 1, yokou 2（憩）",川平,"yukoon, yuQkoon, yufukoon"
"ikou 1, yokou 2（憩）",竹富,yoon
"ikou 1, yokou 2（憩）",鳩間,"yuukun, yuukuun"
"ikou 1, yokou 2（憩）",八重山新城下地,yuheeraa（命令形）
"ikou 1, yokou 2（憩）",黒島,yukuun
"ikou 1, yokou 2（憩）",西表祖納,yofun
"ikou 1, yokou 2（憩）",船浮,yoofun
"ikou 1, yokou 2（憩）",久松,yukuu
"ikou 1, yokou 2（憩）",伊平屋田名,yukuin B
"ikou 1, yokou 2（憩）",水納,yukoo
"ikou 1, yokou 2（憩）",甑島里,yokuu
"ikou 1, yokou 2（憩）",与那国祖納,dugun (dugu-) B
"ikou 1, yokou 2（憩）",渡久地,yukuin
"ikou 1, yokou 2（憩）",与那覇,yukuu
"ikou 1, yokou 2（憩）",池間西原,yukuu
yokowas-*,波照間,"yogosun, yukoosïn, yogasin"
yokoi（憩）,大分県,"yokoi, yokai"
yokoi（憩）,豊後,"yokai, yoke, yokoi"
yokoi（憩）,福岡県,"yokoi, yokuwii, yokee"
yokoi（憩）,肝属内之浦,yoku
yokoi（憩）,久松,yukui
yokoi（憩）,熊本県,yokoi
yokoi（憩）,宮崎県,yokui
yokoi（憩）,鹿児島県,yokui
yokoi（憩）,福岡県浮羽郡,"yokuii, yokee"
yokoi（憩）,大分県大分郡,yokuii
yokoi（憩）,鹿児島県肝属郡,yoku
yokoi（憩）,大分県東国東郡,yokai
yokoi（憩）,福岡県三潴郡,yokee
yokoi（憩）,熊本県宇土郡,yokee
yokoi（憩）,金武,yukui C
yokoi（憩）,水納,yukoo
yokoi（憩）,与那国祖納,dugui C
yokoi（憩）,川平,yufu̥kui
yokoi（憩）,砂川,yukuu
yokoi（憩）,阿伝,yuunyui
yokoi（憩）,小野津,yuui
yokoi（憩）,渡久地,yukui
yokoi（憩）,皆愛,yukuu
yokoi（憩）,砂川,yukuu
yokoi（憩）,黒島,yakui
yokoi（憩）,池間西原,yukui
"iku 1, ikiru 2（生）",鹿児島,"ikii, igii, ikiQ, igiQ"
"iku 1, ikiru 2（生）",紀州,ikeru
"iku 1, ikiru 2（生）",埼玉,ekiru
"iku 1, ikiru 2（生）",千葉,"ekiru, ekeru"
"iku 1, ikiru 2（生）",飛騨,ekiru
"iku 1, ikiru 2（生）",隠岐,ekeru
"iku 1, ikiru 2（生）",福井県大野市上打波,igiru
"iku 1, ikiru 2（生）",甑島里,ikii
"iku 1, ikiru 2（生）",奈良田,ikilu
"iku 1, ikiru 2（生）",大和浜,"ikiruri, ikicuri, ikimyuri"
"iku 1, ikiru 2（生）",浅間,ikiyun
"iku 1, ikiru 2（生）",麦屋東区,iQkyun
"iku 1, ikiru 2（生）",伊江島,"icun（用于命）, iciyun（用于植物）"
"iku 1, ikiru 2（生）",平良,ikïdiï
"iku 1, ikiru 2（生）",池間,ikii
"iku 1, ikiru 2（生）",長浜,ikil
"iku 1, ikiru 2（生）",多良間,ikil
"iku 1, ikiru 2（生）",石垣,"itsïkirun, itsïkin, itsïkun（~-名词化+する）"
"iku 1, ikiru 2（生）",小浜,ikïfai
"iku 1, ikiru 2（生）",鳩間,ikirun
"iku 1, ikiru 2（生）",黒島,ikivireru
"iku 1, ikiru 2（生）",波照間,"igun, igirun, igin"
"iku 1, ikiru 2（生）",船浮,ikiru
"iku 1, ikiru 2（生）",沖永良部国頭,ikiyun
"iku 1, ikiru 2（生）",水納,"iki, ikidi（~出）"
"iku 1, ikiru 2（生）",与那国祖納,ik'un (ik'-) B
"iku 1, ikiru 2（生）",田皆,ikin
"iku 1, ikiru 2（生）",渡久地,ikin
"iku 1, ikiru 2（生）",与那覇,"iki, ikïdi（~出）"
"ita 1, ito 2（痛）",ＮＨＫ（富山）,idœ
ikik-*,今帰仁,hicicun B
ikik-*,首里,icicun (icik-) B
itai（痛）,鳥取,"ita, itaa, eca, ete"
itai（痛）,伊予,"ita, itaa"
itai（痛）,瀬戸内,itaa
itai（痛）,岐阜,iQtaai
itai（痛）,山形,"itsudai, etsudee"
itai（痛）,愛知,itsutei
itai（痛）,鹿児島,ite
itai（痛）,埼玉,"itee, etee"
itai（痛）,福井,"itei, etai"
itai（痛）,富山県,etatae
itai（痛）,栃木,etee
itai（痛）,柳川,itaka
itai（痛）,肝属内之浦,ite
itai（痛）,甑島里,itaka
itai（痛）,古琉球汉语对音,一借沙
itai（痛）,大和浜,icasari
itai（痛）,伊江島,itasa
itai（痛）,今帰仁,hicaasen B
itai（痛）,首里,icasan B（也表示可惜的）
itai（痛）,石垣,itasaan（也表示可惜的）
itai（痛）,川平,hi̥tasa
itai（痛）,喜界,icasai（热的）
itai（痛）,竹富,itasan（热的）
itai（痛）,鳩間,iQtsaan（热的）
itai（痛）,波照間,itasaru（可惜的）
itamasu（痛）,今帰仁,hicaamasun
itamasu（痛）,波照間,itamasun（损坏、伤害）
itamakasu（痛）,富山県砺波,itamakasu
itamakasu（痛）,岐阜県飛騨,itamakasu
itamakasu（痛）,岐阜県郡上郡,itamakasu
itamakasu（痛）,新潟県佐渡,itamikasu
itameru（痛）,今帰仁,hicaamin (hicaamir-) B
itameru（痛）,波照間,itamirun（损坏、伤害）
itamu（痛）,今帰仁,hicaamin (hicaam-) B | itami（名词）：hicaamii B
itamu（痛）,首里,"itamun, itanun (itam-) B"
itamu（痛）,石垣,itamun
itamu（痛）,麦屋東区,icamyun
itamu（痛）,竹富,itami（名词）：itǝmi
"itawasii 1, itoosii 2, itosii 3（労）",岩手県上閉伊郡,itarasii
"itawasii 1, itoosii 2, itosii 3（労）",岩手県気仙郡,itarasii
"itawasii 1, itoosii 2, itosii 3（労）",島根,itowasii
"itawasii 1, itoosii 2, itosii 3（労）",津軽,idasi
"itawasii 1, itoosii 2, itosii 3（労）",秋田,idamasi
"itawasii 1, itoosii 2, itosii 3（労）",岩手,"itarasu, edarasu"
"itawasii 1, itoosii 2, itosii 3（労）",熊本県,itosika
itazura（徒）,福島,"idaza, itanza"
itazura（徒）,静岡,"itezura, etezura"
itazura（徒）,首里,itazira A
itazura（徒）,石垣,itanda
itazura（徒）,水納,itazya（免费）
itazura（徒）,波照間,itanda（免费）
ikai（厳）,NHK（茨城）,iigai
ikai（厳）,千葉,"igææ, iQkææ, egææ"
ikai（厳）,NHK（茨城）,iQkai
ikai（厳）,静岡,"iQkai, ekai"
ikai（厳）,岐阜,iQkai
ikai（厳）,東京,iQkee
ikai（厳）,NHK（秋田）,"ekya, egya"
ikamesii（厳）,混効験集,ikamesi（器量）
ikamei（厳）,京都府,ikamei
ikamei（厳）,兵庫県,ikamei（遗憾的）
ikamei（厳）,兵庫県加古郡,ikamei
ikamei（厳）,兵庫県多紀郡,ikamei
ikamei（厳）,鳥取県東部,ikamei
ikamei（厳）,広島県,ikamei
ikamei（厳）,広島県上蒲刈島,ikamei
ikamei（厳）,山口県屋代島,ikamei
ikamei（厳）,山口県大島,ikamei
ikamei（厳）,徳島県,ikamei
ikamei（厳）,徳島県美馬郡,ikamei
ikamei（厳）,香川県仲多度郡,ikamei
ikamei（厳）,香川県三豊郡,ikamei
ikamei（厳）,愛媛県,ikamei
ikamegaru,京都府竹野郡,ikamegaru
ikamegaru,兵庫県,ikamegaru
ikamegaru,兵庫県加古郡,ikamegaru
ikamegaru,山口県,ikamegaru
ikamegaru,徳島県,ikamegaru
ikamegaru,美馬郡,ikamegaru
ikamegaru,香川県,ikamegaru
ikamegaru,愛媛県,ikamegaru
ikamegaru,愛媛県大島,ikamegaru
ikamegaru,高知県長岡郡,ikamegaru
ikamegaru,広島県上蒲刈島,ikamigaru
ikamegaru,大分県西国東郡,ikamigaru
"ikaru 1, okoru 2（怒）",新潟頸城,ikoru
"ikaru 1, okoru 2（怒）",徳島,ikoru
"ikaru 1, okoru 2（怒）",秋田,egoru
"ikaru 1, okoru 2（怒）",鹿児島,"okoQ, ogoru"
"ikaru 1, okoru 2（怒）",鳥取,okoo
"ikaru 1, okoru 2（怒）",島根,ogoru
"ikaru 1, okoru 2（怒）",周防大島,ogoru
"ikaru 1, okoru 2（怒）",愛媛周桑,ogoru
"ikaru 1, okoru 2（怒）",伊予,ogoru
"ikaru 1, okoru 2（怒）",島原,ogoru
"ikaru 1, okoru 2（怒）",柳川,ogoru
"ikaru 1, okoru 2（怒）",大分,ogoru
"ikaru 1, okoru 2（怒）",奈良田,"oŋolu, okolu"
"ikaru 1, okoru 2（怒）",福井県大野市上打波,ogoru
"ikaru 1, okoru 2（怒）",波照間,okorun（借词）
itute*（五年）,与那覇,itsïti
itute*（五年）,石垣,itsïti
itute*（五年）,皆愛,itsïti
"itori 1, itutari 2（五人）",正名,2 icitai
"itori 1, itutari 2（五人）",首里,"2 içitai B, itutai"
"itori 1, itutari 2（五人）",西表祖納,2 icitari
"itori 1, itutari 2（五人）",沖永良部国頭,2 icitai
"itori 1, itutari 2（五人）",上嘉鉄,2 itutari
"itori 1, itutari 2（五人）",与那国祖納,2 ic'it'aint'u（~人）
"itori 1, itutari 2（五人）",水納,2 itsïtaai
"itori 1, itutari 2（五人）",荒木,2 itsutari
"itori 1, itutari 2（五人）",田皆,2 icitai
itu（五）,喜界,itsu
itu（五）,北奄美大島,itsï
itu（五）,徳之島,itsï
itu（五）,平良,itsï
itu（五）,池間,itsï
itu（五）,長浜,itsï
itu（五）,多良間,itsï
itu（五）,石垣,itsï
itu（五）,小浜,itsï
itu（五）,八重山新城下地,itsï
itu（五）,南奄美大島,itï
itu（五）,沖永良部,ici
itu（五）,麦屋東区,ici
itu（五）,今帰仁,ici
itu（五）,鳩間,ici
itu（五）,西表祖納,ici
itu（五）,与那国,ici
itu（五）,国頭郡,hici
itu（五）,首里,içi B
itu（五）,黒島,isi
itu（五）,波照間,itsï
itu（五）,船浮,ici
itu（五）,水納,itsï
itu（五）,混効験集,itu
itu（五）,西表古見,itsï̥
ituka（五日）,大和浜,itsïka
ituka（五日）,池間西原,itsïka B/A
ituka（五日）,佐和田,itsïka
ituka（五日）,仲地,itsïka
ituka（五日）,多良間,itsïka B
ituka（五日）,浅間,itsïkaa B
ituka（五日）,麦屋東区,icika B
ituka（五日）,伊良部,itsïka
ituka（五日）,竹富,itsukǝ
ituka（五日）,波照間,"iska, isïka"
ituka（五日）,白保,"itska, itsïka"
ituka（五日）,与那覇,itsïka
ituka（五日）,西表古見,itsï̥ka
itutu（五）,高知,itutu
itutu（五）,甑島,itsuutsu
itutu（五）,福岡,itsuutsu
itutu（五）,千葉,"izuQzu, iQcu"
itutu（五）,隠岐,etsutsu
itutu（五）,島根県仁多郡,etsïtsï
itutu（五）,鹿児島,itsuQ
itutu（五）,秋田,edzuQtsu
itutu（五）,古琉球汉语对音,亦子子 一子孜 亦子孜
itutu（五）,おもろ,itutu
itutu（五）,阿伝,itutu
itutu（五）,中里,itutu
itutu（五）,志戸桶,itsutsu
itutu（五）,名瀬,isici
itutu（五）,黒島,isici
itutu（五）,湯湾,itsïsï
itutu（五）,大和浜,itsïtsï
itutu（五）,伊良部,itsïtsï
itutu（五）,大浦,itsïtsï
itutu（五）,池間,itsïtsï
itutu（五）,宮古上地,itsïtsï
itutu（五）,東仲宗根,itsïtsï
itutu（五）,仲筋,itsïtsï
itutu（五）,石垣,itsïtsï
itutu（五）,小浜,itsïtsï
itutu（五）,竹富,itsïtsï
itutu（五）,古仁屋,itɪt
itutu（五）,諸鈍,"itɪt, iɪttɪ"
itutu（五）,浅間,itsïtsïï
itutu（五）,亀津,ɪtsɪtsɪ
itutu（五）,知名,icicii
itutu（五）,瀬底,icicii
itutu（五）,手々知名,icici
itutu（五）,正名,icici
itutu（五）,瀬利覚,icici
itutu（五）,上城,icici
itutu（五）,茶花,icici
itutu（五）,麦屋東区,icici
itutu（五）,伊是名,icici
itutu（五）,辺土名,icici
itutu（五）,田嘉里,icici
itutu（五）,名護,icici
itutu（五）,那覇,icici
itutu（五）,奥武,icici
itutu（五）,鳩間,"icici, iciQci"
itutu（五）,伊江島,içiçi
itutu（五）,首里,içiçi B
itutu（五）,奥,ihici
itutu（五）,今帰仁,hiciQcii
itutu（五）,具志堅,hiticii
itutu（五）,金武,icicuu B
itutu（五）,大浜,itsïïtsï
itutu（五）,八重山新城,iQtsï
itutu（五）,波照間,"iQsï, iQsi"
itutu（五）,白保,iQsi
itutu（五）,西表祖納,iciici
itutu（五）,久松,itsuts
itutu（五）,沖永良部国頭,"icici, icicii"
itutu（五）,伊平屋,icicii B?
itutu（五）,水納,itsïtsï
itutu（五）,八丈島末吉,itsu̥tsu
itutu（五）,八丈島三根,itsutsu
itutu（五）,川平,hi̥tsïtsï
itutu（五）,田名,icici
itutu（五）,上平川,icicii
itutu（五）,砂川,itsï̥tsï
itutu（五）,奈良田,"itsutsu, itsutsuu"
itutu（五）,荒木,itsutsu
itutu（五）,上嘉鉄,itutu
itutu（五）,湾,itutu
itutu（五）,小野津,itsutsu
itutu（五）,与那国祖納,ic'ic'i B
itutu（五）,渡久地,icici
itutu（五）,田皆,icici
itutu（五）,与那覇,itsïtsï
itutu（五）,混効験集,itutu
itutu（五）,西表古見,itsï̥tsï̥
"ikutose 1, ikutosi 2（幾年）",古沖縄,ikutosi（借词）
iku-（幾）,おもろ,iku
iku-（幾）,喜界,iku
iku-（幾）,北奄美大島,iku
iku-（幾）,徳之島,iku
iku-（幾）,沖永良部,iku
iku-（幾）,麦屋東区,iku
iku-（幾）,古沖縄,iku
iku-（幾）,首里,iku
iku-（幾）,南奄美大島,ik
iku-（幾）,国頭郡,hiku
iku-（幾）,今帰仁,hiku
iku-（幾）,宮古,ifu
iku-（幾）,石垣,ifu
iku-（幾）,鳩間,gyuu-
iku-（幾）,与那国,igu
iku-（幾）,水納,ifu
iku-（幾）,波照間,uu
ikera,首里,ikira B
ikute*（幾年）,水納,ifuti
ikute*（幾年）,与那覇,ifuti
ikute*（幾年）,伊良部,ifuti
ikute*（幾年）,石垣,ifuti
ikubaku（幾何）,石垣,"ikooba, ikoobi（借词？）"
ikubaku（幾何）,波照間,ikooba（借词？）
"ikuka 1, iQka 2（幾日）",麦屋東区,iQka
"ikuka 1, iQka 2（幾日）",首里,iQka A（一个月里的第几天）
"ikuka 1, iQka 2（幾日）",今帰仁,hiQkaa
"ikuka 1, iQka 2（幾日）",伊江島,ikaa
"ikuka 1, iQka 2（幾日）",伊良部,ifuka（一个月里的第几天）
"ikuka 1, iQka 2（幾日）",石垣,ifuka
"ikuka 1, iQka 2（幾日）",与那国祖納,iguga A
"ikuka 1, iQka 2（幾日）",水納,ifuka
"ikuka 1, iQka 2（幾日）",与那覇,ifuka
"ikuka 1, iQka 2（幾日）",鳩間,gyuuka
ikura（幾）,信州,iQkura
ikura（幾）,愛知,itsukura
ikura（幾）,与那国祖納,igurat'i A
ikura（幾）,与那覇,ifusa
ikutari（幾人）,湯湾,ikutai
ikutari（幾人）,正名,ikutai
ikutari（幾人）,首里,ikutai B
ikutari（幾人）,伊良部,ifutaaï
ikutari（幾人）,西表祖納,yuutari
ikutari（幾人）,金武,ikutai C
ikutari（幾人）,伊平屋,ikutai
ikutari（幾人）,波照間,utaari
ikutari（幾人）,水納,ifutaai
ikutari（幾人）,与那覇,ifutaaï
ikutu（幾）,千葉,"ikuQci, ikuQtsu, ekucu"
ikutu（幾）,NHK（千葉）,yuQtsu
ikutu（幾）,福井県大野市上打波,igutsu
ikutu（幾）,瀬戸内町大浜,ikut
ikutu（幾）,大和村思勝,ikutsï
ikutu（幾）,小湾,ikutsï
ikutu（幾）,湯湾,ikutsï
ikutu（幾）,諸鈍,ikut B
ikutu（幾）,亀津,ikuci
ikutu（幾）,知名,ikuci
ikutu（幾）,正名,ikuci
ikutu（幾）,首里,ikuci B
ikutu（幾）,奥武,ikuci
ikutu（幾）,伊江島,ikuçi
ikutu（幾）,瀬底,ikucii
ikutu（幾）,今帰仁,hikuQcii B
ikutu（幾）,伊良部,ifutsï
ikutu（幾）,池間,ifu̥tsï A
ikutu（幾）,大神,ifkï
ikutu（幾）,大浦,ifutsï
ikutu（幾）,上地,ifutsï
ikutu（幾）,狩俣,ifutsï
ikutu（幾）,仲筋,ifutsï
ikutu（幾）,多良間,ifu̥tsï
ikutu（幾）,石垣,ifu̥tsï A
ikutu（幾）,竹富,hyuucì A
ikutu（幾）,鳩間,gyuuci A
ikutu（幾）,久松,iftsu
ikutu（幾）,金武,ikucuu B
ikutu（幾）,沖永良部国頭,ikuci
ikutu（幾）,伊平屋田名,ikuci C
ikutu（幾）,波照間,uuci
ikutu（幾）,水納,ifutsï
ikutu（幾）,与那国祖納,iguc'i A
ikutu（幾）,川平,hi̥fu̥tsï
ikutu（幾）,沖永良部島国頭,ikutsi
ikutu（幾）,砂川,ifu̥tsï
ikutu（幾）,荒木,ikutsu
ikutu（幾）,小野津,ikutsu
ikutu（幾）,与那覇,"ifutsï, isïki"
ikutu（幾）,西表古見,ikutsï̥
"ikanika 1, ikaga 2（如何）",麦屋東区,icaaka
"ikanika 1, ikaga 2（如何）",今帰仁,"caaganaa, caagaraa"
"ikanika 1, ikaga 2（如何）",首里,caagana A
"ikanika 1, ikaga 2（如何）",鳩間,caaga
"itu 1, iQtu 2（何時）",古琉球朝鲜语对音,읻ᄌᆞ
"itu 1, iQtu 2（何時）",おもろ,itu
"itu 1, iQtu 2（何時）",阿伝,itu
"itu 1, iQtu 2（何時）",中里,iQtsu
"itu 1, iQtu 2（何時）",大和浜,itsï
"itu 1, iQtu 2（何時）",湯湾,itsï
"itu 1, iQtu 2（何時）",徳之島,itsï
"itu 1, iQtu 2（何時）",平良,itsï
"itu 1, iQtu 2（何時）",東仲宗根,itsï
"itu 1, iQtu 2（何時）",与那覇,itsï
"itu 1, iQtu 2（何時）",池間,itsï
"itu 1, iQtu 2（何時）",長浜,itsï
"itu 1, iQtu 2（何時）",佐和田,itsï
"itu 1, iQtu 2（何時）",上地,itsï
"itu 1, iQtu 2（何時）",狩俣,itsï
"itu 1, iQtu 2（何時）",仲筋,itsï
"itu 1, iQtu 2（何時）",石垣,itsï
"itu 1, iQtu 2（何時）",波照間,"itsï, ici"
"itu 1, iQtu 2（何時）",登野城,itsï
"itu 1, iQtu 2（何時）",古仁屋,itii
"itu 1, iQtu 2（何時）",浅間,itsïï
"itu 1, iQtu 2（何時）",知名,ici
"itu 1, iQtu 2（何時）",正名,ici
"itu 1, iQtu 2（何時）",和泊,ici
"itu 1, iQtu 2（何時）",和泊町国頭,ici
"itu 1, iQtu 2（何時）",伊是名,ici
"itu 1, iQtu 2（何時）",奥,ici
"itu 1, iQtu 2（何時）",辺野喜,ici
"itu 1, iQtu 2（何時）",喜如嘉,ici
"itu 1, iQtu 2（何時）",あるみ,ici
"itu 1, iQtu 2（何時）",並里,ici
"itu 1, iQtu 2（何時）",渡久地,"ici, iQci"
"itu 1, iQtu 2（何時）",瀬底,ici
"itu 1, iQtu 2（何時）",上江洲,ici
"itu 1, iQtu 2（何時）",平安座,ici
"itu 1, iQtu 2（何時）",小湾,ici
"itu 1, iQtu 2（何時）",前島,ici
"itu 1, iQtu 2（何時）",豊見城,ici
"itu 1, iQtu 2（何時）",渡嘉敷,ici
"itu 1, iQtu 2（何時）",鳩間,ici
"itu 1, iQtu 2（何時）",麦屋東区,"ici, iQci"
"itu 1, iQtu 2（何時）",久米島,icii
"itu 1, iQtu 2（何時）",今帰仁,hicii B
"itu 1, iQtu 2（何時）",具志堅,hici
"itu 1, iQtu 2（何時）",伊江島,içi
"itu 1, iQtu 2（何時）",首里,içi A
"itu 1, iQtu 2（何時）",小浜,itsu
"itu 1, iQtu 2（何時）",黒島,iciya
"itu 1, iQtu 2（何時）",西表祖納,"ici, icidu"
"itu 1, iQtu 2（何時）",与那国祖納,ic'i A
"itu 1, iQtu 2（何時）",船浮,ici
"itu 1, iQtu 2（何時）",久松,its
"itu 1, iQtu 2（何時）",金武,icu A
"itu 1, iQtu 2（何時）",伊平屋田名,ici A
"itu 1, iQtu 2（何時）",川平,hi̥tsï
"itu 1, iQtu 2（何時）",沖永良部国頭,icii
"itu 1, iQtu 2（何時）",上平川,ici
"itu 1, iQtu 2（何時）",砂川,itsï
"itu 1, iQtu 2（何時）",荒木,itsu
"itu 1, iQtu 2（何時）",上嘉鉄,itu
"itu 1, iQtu 2（何時）",小野津,itsu
"itu 1, iQtu 2（何時）",水納,itsï
"itu 1, iQtu 2（何時）",田皆,ici
"itu 1, iQtu 2（何時）",西表祖納,ici
"itu 1, iQtu 2（何時）",与那覇,itsï
"itu 1, iQtu 2（何時）",高知,itu
"itu 1, iQtu 2（何時）",富山県,etu
"itu 1, iQtu 2（何時）",NHK（長野）,etu
"itu 1, iQtu 2（何時）",隠岐,etu
"itu 1, iQtu 2（何時）",鹿児島,iQ
"itu 1, iQtu 2（何時）",肝属内之浦,iQ
ituka（何時）,麦屋東区,iQciika
ituka（何時）,今帰仁,hiciika A
ituka（何時）,首里,içika A
ituka（何時）,石垣,itsïka
ituka（何時）,船浮,icika
ituka（何時）,沖永良部国頭,icika
ituka（何時）,渡久地,icika
ituka（何時）,水納,isïka（几）
ituka（何時）,久松,iskaa（几）
ituka（何時）,伊豆大島,iitsuka
ituka（何時）,福岡,iitsuka
ituka（何時）,静岡,iQtsuka
ituka（何時）,南知多,iQtsuka
ituka（何時）,愛知,itsutsuka
ituka（何時）,岐阜,iQtsukane
ituka（何時）,埼玉,eQka
"izuku 1, izuko 2, toko 3, doko 4（何処）",千葉,doke
"izuku 1, izuko 2, toko 3, doko 4（何処）",山梨,toko
"izuku 1, izuko 2, toko 3, doko 4（何処）",愛知,dokoo
"izuku 1, izuko 2, toko 3, doko 4（何処）",岩手,doQko
"izuku 1, izuko 2, toko 3, doko 4（何処）",茨城,doQko
"izuku 1, izuko 2, toko 3, doko 4（何処）",八丈,doQko
"izuku 1, izuko 2, toko 3, doko 4（何処）",飛騨,dotsuko
"izuku 1, izuko 2, toko 3, doko 4（何処）",和歌山県,dotsuko
"izuku 1, izuko 2, toko 3, doko 4（何処）",八丈島末吉,"doko, dokii"
"izuku 1, izuko 2, toko 3, doko 4（何処）",八丈島三根,"doko, dokei, dokoŋee"
izuno*,浅間,dïn
izuno*,井之川,din
izuno*,伊仙,din
ikano*,今帰仁,canu
"izure 1, dore 2, izuro* 3（何）",播磨,doi
"izure 1, dore 2, izuro* 3（何）",和歌山,"doi, toe"
"izure 1, dore 2, izuro* 3（何）",島根,doi
"izure 1, dore 2, izuro* 3（何）",島原,"doi, dooru, doru, dori"
"izure 1, dore 2, izuro* 3（何）",鹿児島,doi
"izure 1, dore 2, izuro* 3（何）",肝属内之浦,doi
"izure 1, dore 2, izuro* 3（何）",甑島,doi
"izure 1, dore 2, izuro* 3（何）",八丈,doi
"izure 1, dore 2, izuro* 3（何）",津軽,"doe, dora"
"izure 1, dore 2, izuro* 3（何）",仙台,dora
"izure 1, dore 2, izuro* 3（何）",佐賀,dora
"izure 1, dore 2, izuro* 3（何）",富山県,dori
"izure 1, dore 2, izuro* 3（何）",熊本,doru
"izure 1, dore 2, izuro* 3（何）",埼玉,dorya
"izure 1, dore 2, izuro* 3（何）",八丈島末吉,"dorii, dore"
"izure 1, dore 2, izuro* 3（何）",八丈島三根,"doi, dore"
"izure 1, dore 2, izuro* 3（何）",福井県大野市上打波,doe
"izure 1, dore 2, izuro* 3（何）",甑島里,doi
"izure 1, dore 2, izuro* 3（何）",奈良田,dole
"izure 1, dore 2, izuro* 3（何）",那覇,"1 ziri, zuri"
"izure 1, dore 2, izuro* 3（何）",上江洲,1 duri
"izure 1, dore 2, izuro* 3（何）",平安座,1 zyuri
"izure 1, dore 2, izuro* 3（何）",大神,"1 idi, ndi"
"izure 1, dore 2, izuro* 3（何）",仲筋,"1 idi, ndi"
"izure 1, dore 2, izuro* 3（何）",平良,"1 izi, nzi"
"izure 1, dore 2, izuro* 3（何）",佐良浜,1 nzi
"izure 1, dore 2, izuro* 3（何）",大浦,"1 nzi, zuri, zyuri"
"izure 1, dore 2, izuro* 3（何）",狩俣,1 nzi
"izure 1, dore 2, izuro* 3（何）",東仲宗根,1 nzi
"izure 1, dore 2, izuro* 3（何）",与那覇,1 nzi
"izure 1, dore 2, izuro* 3（何）",宮古上地,1 nzi
"izure 1, dore 2, izuro* 3（何）",伊良部,1 nzi
"izure 1, dore 2, izuro* 3（何）",池間,1 idi
"izure 1, dore 2, izuro* 3（何）",仲里,1 izi
"izure 1, dore 2, izuro* 3（何）",長浜,1 izi
"izure 1, dore 2, izuro* 3（何）",多良間,1 ndi
"izure 1, dore 2, izuro* 3（何）",石垣,1 ziri
"izure 1, dore 2, izuro* 3（何）",登野城,1 ziri
"izure 1, dore 2, izuro* 3（何）",大浜,1 ziri
"izure 1, dore 2, izuro* 3（何）",鳩間,1 ziri
"izure 1, dore 2, izuro* 3（何）",川平,1 duri
"izure 1, dore 2, izuro* 3（何）",竹富,1 ziri
"izure 1, dore 2, izuro* 3（何）",小浜,1 zuri
"izure 1, dore 2, izuro* 3（何）",宮良,1 zuri
"izure 1, dore 2, izuro* 3（何）",西表祖納,1 duri
"izure 1, dore 2, izuro* 3（何）",伊平屋,1 duuri C
"izure 1, dore 2, izuro* 3（何）",田名,1 duurii
"izure 1, dore 2, izuro* 3（何）",砂川,1 nzi
"izure 1, dore 2, izuro* 3（何）",水納,"1 ndi, idi（复数 ndita）"
"izure 1, dore 2, izuro* 3（何）",与那国祖納,1 ndi C
"izure 1, dore 2, izuro* 3（何）",混効験集,1 dure
"izure 1, dore 2, izuro* 3（何）",おもろ,1 dure
"izure 1, dore 2, izuro* 3（何）",名瀬,"1 durï, 3 dïru"
"izure 1, dore 2, izuro* 3（何）",湯湾,1 dërï
"izure 1, dore 2, izuro* 3（何）",久松,1 nzi
"izure 1, dore 2, izuro* 3（何）",志戸桶,"3 diru, dir"
"izure 1, dore 2, izuro* 3（何）",大和浜,3 dïru
"izure 1, dore 2, izuro* 3（何）",古仁屋,3 dɪr
"izure 1, dore 2, izuro* 3（何）",諸鈍,3 dɪr
"izure 1, dore 2, izuro* 3（何）",手々知名,3 uduru
"izure 1, dore 2, izuro* 3（何）",瀬利覚,3 uduru
"izure 1, dore 2, izuro* 3（何）",和泊,3 uduru
"izure 1, dore 2, izuro* 3（何）",知名,3 uduru
"izure 1, dore 2, izuro* 3（何）",上城,3 uduru
"izure 1, dore 2, izuro* 3（何）",田皆,3 uduru
"izure 1, dore 2, izuro* 3（何）",国頭郡,3 uduru
"izure 1, dore 2, izuro* 3（何）",茶花,3 iduru
"izure 1, dore 2, izuro* 3（何）",麦屋東区,3 iduru
"izure 1, dore 2, izuro* 3（何）",具志堅,3 diru
"izure 1, dore 2, izuro* 3（何）",奥,3 ziru
"izure 1, dore 2, izuro* 3（何）",喜如嘉,3 ziru
"izure 1, dore 2, izuro* 3（何）",有銘,3 ziru
"izure 1, dore 2, izuro* 3（何）",並里,3 ziru
"izure 1, dore 2, izuro* 3（何）",渡久地,"3 ziru, diru"
"izure 1, dore 2, izuro* 3（何）",小湾,3 ziru
"izure 1, dore 2, izuro* 3（何）",前島,3 ziru
"izure 1, dore 2, izuro* 3（何）",豊見城,3 ziru
"izure 1, dore 2, izuro* 3（何）",渡嘉敷,3 ziru
"izure 1, dore 2, izuro* 3（何）",辺土名,3 ziru
"izure 1, dore 2, izuro* 3（何）",石川,3 ziru
"izure 1, dore 2, izuro* 3（何）",首里,3 ziru B
"izure 1, dore 2, izuro* 3（何）",伊江島,3 z̧iru
"izure 1, dore 2, izuro* 3（何）",済井出,3 diru
"izure 1, dore 2, izuro* 3（何）",伊是名,3 diru
"izure 1, dore 2, izuro* 3（何）",今帰仁,3 diru
"izure 1, dore 2, izuro* 3（何）",八重山新城,3 nzyuru
"izure 1, dore 2, izuro* 3（何）",沖永良部島国頭,3 uduru
"izure 1, dore 2, izuro* 3（何）",上平川,3 uduru
"izure 1, dore 2, izuro* 3（何）",荒木,3 diru
"izure 1, dore 2, izuro* 3（何）",上嘉鉄,3 diru
izuma*（何処）,古琉球朝鲜语对音,ᄌᆞ마
izuma*（何処）,おもろ,"iduma, zuma"
izuma*（何処）,名瀬,"dïma, dïman"
izuma*（何処）,首里,maa B
izuma*（何処）,鳩間,maa
izuma*（何処）,黒島,maa
izuma*（何処）,伊良部,zïma
izuma*（何処）,石垣,"zïma, zïn"
izuma*（何処）,登野城,zïma
izuma*（何処）,小浜,"zunga（旧）, zuma, zïngee（新）"
izuma*（何処）,船浮,zama
izuma*（何処）,金武,maa A
izuma*（何処）,伊平屋田名,maa B
izuma*（何処）,川平,"duma, duna（~に）"
izuma*（何処）,渡久地,maa
izuma*（何処）,混効験集,zuma
izura（何）,志戸桶,zyaa
izura（何）,中里,zyaani
izura（何）,大和浜,daa
izura（何）,浅間,daa
izura（何）,済井出,daa
izura（何）,奥,daa
izura（何）,今帰仁,daa
izura（何）,古仁屋,zyaa
izura（何）,喜如嘉,zyaa
izura（何）,知名,uda
izura（何）,正名,uda
izura（何）,和泊,uda
izura（何）,麦屋東区,"ida, idu, idui"
izura（何）,辺土名,"zaa, zyaa"
izura（何）,具志堅,raa
izura（何）,久高,raa
izura（何）,伊良部,"iza, nza"
izura（何）,平良,nza
izura（何）,狩俣,nza
izura（何）,東仲宗根,nza
izura（何）,与那覇,"nza, nzan"
izura（何）,大神,"nda, ida"
izura（何）,仲筋,"nda, ida"
izura（何）,池間,izya
izura（何）,長浜,iza
izura（何）,佐和田,izan
izura（何）,西表祖納,"zaa, daa, dana（~に）"
izura（何）,波照間,"tsaa, zaa, za"
izura（何）,船浮,zaa
izura（何）,久松,nzaa
izura（何）,沖永良部国頭,"uda, udaa"
izura（何）,伊平屋,daa
izura（何）,水納,"ida, nda"
izura（何）,与那国祖納,"nma C, nmi C（~に）"
izura（何）,砂川,nza
izura（何）,荒木,zyaa
izura（何）,上嘉鉄,zyaa
izura（何）,上平川,uda
izura（何）,田皆,uda
izura（何）,西表祖納,daa
izura（何）,国頭郡,zaangaci（-gati（去哪））
izura（何）,瀬底,raangati（-gati（去哪））
izura（何）,謝敷,zaaci（-gati（去哪））
izura（何）,大神,nta
"izurare* 1, izuraro* 2",竹富,1 nzari
"izurare* 1, izuraro* 2",波照間,"2 zaru, caru"
"izurare* 1, izuraro* 2",西表祖納,2 zaru
ika（如何）,古琉球朝鲜语对音,이갸
ika（如何）,おもろ,"ika, ikya, kya, kyaa, ita, itya, tya, tyaa"
ika（如何）,名瀬,iQcaa
ika（如何）,大和浜,xya
ika（如何）,諸鈍,yikhya-
ika（如何）,浅間,iQsïï
ika（如何）,古沖縄,ika
ika（如何）,喜如嘉,caa
ika（如何）,瀬底,caa
ika（如何）,並里,caa
ika（如何）,前島,caa
ika（如何）,渡嘉敷,caa
ika（如何）,久米,ica
ika（如何）,今帰仁,"caa A, ikaana（连体）"
ika（如何）,首里,"ica A（书面）, caa A（口语）, ikana A（连体）"
ika（如何）,伊良部,ikya
ika（如何）,船浮,ika
ika（如何）,沖永良部国頭,ica
ika（如何）,波照間,caaga（~か）
ika（如何）,田皆,ikya
ika（如何）,渡久地,ica
ika（如何）,伊平屋,"ican, can"
ika（如何）,麦屋東区,icaa
ikasi*,名瀬,kyasi
ikasi*,大和浜,xyasi
ikasi*,湯湾,ikyasi
ikasi*,古仁屋,ikyasi
ikasi*,麦屋東区,icasi
ikasi*,奥,"isaasi, caasi"
ikasi*,辺野喜,kaasi
ikasi*,豊見城,cansi
ikasi*,具志堅,caQci
ikasi*,渡久地,caQci
ikanokoto*,伊是名,icantu
ikanokoto*,有銘,cangutu
ikanokoto*,小湾,cantuu
ikanokoto*,今帰仁,cangutu
ikanokoto*,首里,canugutu
ikanokoto*,伊平屋田名,icantu C?
ikasa*（幾）,麦屋東区,"icasa, icaQsa"
ikasa*（幾）,伊江島,icaQtsa
ikasa*（幾）,今帰仁,caQsaa
ikasa*（幾）,首里,caQsa B
ikasa*（幾）,具志堅,caQsaa
ikasa*（幾）,上平川,ikyasa
ikasa*（幾）,田名,caQsa
ikasa*（幾）,荒木,sansa
ikasa*（幾）,上嘉鉄,sansa
ikasa*（幾）,小野津,kyansa
ikasa*（幾）,沖永良部国頭,icasaa
ikasa*（幾）,鳩間,gyuusa（价格几何）
ikasa*（幾）,古琉球汉语对音,亦加撒
ikasa*（幾）,田皆,ikyasa
ikasa*（幾）,渡久地,caQsaa
ikari（碇）,諸鈍,ikyaari
ikari（碇）,麦屋東区,icai
ikari（碇）,今帰仁,ikaari A
ikari（碇）,伊江島,ikai
ikari（碇）,首里,ikai A
ikari（碇）,水納,ikai
ikari（碇）,与那覇,ikaï
isi（石）,おもろ,isi
isi（石）,混効験集,isi
isi（石）,古琉球汉语对音,亦石 依石 一實
isi（石）,志戸桶,isi
isi（石）,阿伝,isi
isi（石）,名瀬,isi
isi（石）,大和浜,isi
isi（石）,湯湾,isi
isi（石）,与路,isi
isi（石）,手々知名,isi
isi（石）,上城,isi
isi（石）,正名,isi
isi（石）,麦屋東区,isi
isi（石）,茶花,isi
isi（石）,奥,isi
isi（石）,辺土名,isi
isi（石）,伊江島,isi
isi（石）,済井出,isi
isi（石）,那覇,isi
isi（石）,首里,isi A
isi（石）,多良間,isi
isi（石）,大浜,isi
isi（石）,小浜,isi
isi（石）,鳩間,isi
isi（石）,黒島,isi
isi（石）,八重山新城下地,isi
isi（石）,西表祖納,isi
isi（石）,波照間,isi
isi（石）,白保,isi
isi（石）,古仁屋,isy
isi（石）,諸鈍,"isy, isi"
isi（石）,山,ɪsɪ
isi（石）,浅間,isïï
isi（石）,井之川,isï
isi（石）,平良,isï
isi（石）,大浦,isï
isi（石）,狩俣,isï
isi（石）,皆愛,isï
isi（石）,砂川,isï
isi（石）,池間,isï
isi（石）,長浜,isï
isi（石）,佐良浜,isï
isi（石）,佐和田,isï
isi（石）,宮古上地,isï
isi（石）,仲筋,isï
isi（石）,亀津,"isɪ, ɪsɪ"
isi（石）,松原,isii
isi（石）,瀬利覚,isii
isi（石）,今帰仁,"isii, sii"
isi（石）,具志堅,"isi, pisi"
isi（石）,大神,"isï, ïsï, is"
isi（石）,石垣,isi A
isi（石）,川平,hisi
isi（石）,竹富,"isi A, isinaa BC（小石块）"
isi（石）,与那国,ic'i A
isi（石）,船浮,isi
isi（石）,久松,iQs
isi（石）,金武,isi A
isi（石）,沖永良部国頭,"isi, isii, sii"
isi（石）,伊平屋田名,isi A
isi（石）,水納,isi
isi（石）,上平川,isii
isi（石）,池間西原,isï
isi（石）,小野津,isi
isi（石）,荒木,"isi, isinkaa（~子）"
isi（石）,上嘉鉄,"isi, isinkaa（~子）"
isi（石）,田皆,isi
isi（石）,渡久地,iQsi
isi（石）,与那覇,isï
isi（石）,西表古見,isi
isi（石）,鳥取,"isu, isyu, esi"
isi（石）,埼玉,esi
isi（石）,富山県,esi
isi（石）,天草諸島本渡,iisi
isi（石）,甑島瀬上,iisi
isi（石）,肝属内之浦,ihi̥
isi（石）,石川県河原山,isina
isi（石）,福井県池田町西角間,"isi, isina"
isi（石）,福井県大野市上打波,"isi, isina"
isi（石）,鹿児島,isy
isi（石）,宮良,isi
isiboko*,与那国祖納,ic'ibugu A
isiboko*,西表古見,isibuku
isiboko*,大浜,isibugu
isizue（礎）,今帰仁,isizi
isizue（礎）,首里,isizi A
isizue（礎）,伊良部,isïdi
isizue（礎）,古沖縄,isizuwe
isizue（礎）,石垣,isizi
isiwara（石原）,静岡,isiara
isiwara（石原）,福島,"isyara, eQsyara"
isiwara（石原）,伊豆大島,isiyara
isiwara（石原）,金武,isera C
isiwara（石原）,与那覇,syaara
isiwara（石原）,皆愛,syaara
isiwara（石原）,砂川,syaara
isigaki（石垣）,古琉球朝鲜语对音,彜師加紀
isigaki（石垣）,大和浜,isigaki
isigaki（石垣）,麦屋東区,isizyaki
isigaki（石垣）,伊江島,isizyaaci
isigaki（石垣）,今帰仁,isigaci A
isigaki（石垣）,首里,isigaci A（石垣岛）/B（石墙）
isigaki（石垣）,伊良部,isïgatsï
isigaki（石垣）,石垣,isyanagï
isigaki（石垣）,小浜,isaki
isigaki（石垣）,八重山新城下地,isinkï
isigaki（石垣）,竹富,inasi
isigaki（石垣）,黒島,isanaki
isigaki（石垣）,鳩間,isanaki
isigaki（石垣）,波照間,"isaQsïma（~島）, isimaasi"
isigaki（石垣）,船浮,sinage
isigaki（石垣）,久松,isugaku
isigaki（石垣）,川平,sï̥nakï
isigaki（石垣）,水納,isigaki
isigaki（石垣）,荒木,isigaci
isigaki（石垣）,与那覇,isïkakï
isigaki（石垣）,西表祖納,isinage
isigaki（石垣）,上平川,isizyaki
isigaki（石垣）,皆愛,isïkakï
isigaki（石垣）,来間,isïkatsï
isigaki（石垣）,砂川,isïkakï
isigaki（石垣）,大浜,isinagi
isigaki（石垣）,宮良,isyanagi
"iso 1, isu 2, osu 3, osi 4（磯）",喜界,isu
"iso 1, isu 2, osu 3, osi 4（磯）",与那国,isu
"iso 1, isu 2, osu 3, osi 4（磯）",大和浜,isy o
"iso 1, isu 2, osu 3, osi 4（磯）",諸鈍,isy o（海滩）
"iso 1, isu 2, osu 3, osi 4（磯）",石垣,isyu
"iso 1, isu 2, osu 3, osi 4（磯）",竹富,isyu A
"iso 1, isu 2, osu 3, osi 4（磯）",水納,isyu（捕鱼）
"iso 1, isu 2, osu 3, osi 4（磯）",西表古見,isyu（捕鱼、拾潮）
iwa（岩）,今帰仁,iwaa
iwa（岩）,首里,iwa A（书面）
iwa（岩）,与論,qyoo
"isinago 1, inago* 2（石子）",千葉県山武郡,"2 inago, ina"
"isinago 1, inago* 2（石子）",埼玉県北葛飾郡,2 inago
"isinago 1, inago* 2（石子）",長生郡,2 inago
"isinago 1, inago* 2（石子）",小浜,"1 isinoo, 2 inoo"
"isinago 1, inago* 2（石子）",波照間,"1 isyon, isyoon"
"isinago 1, inago* 2（石子）",石垣,2 inoo A
"isinago 1, inago* 2（石子）",黒島,2 inoo
"isinago 1, inago* 2（石子）",竹富,"2 inno, innoo A"
"isinago 1, inago* 2（石子）",鳩間,"2 inon, inoon"
"isinago 1, inago* 2（石子）",西表古見,2 inun A
"isinago 1, inago* 2（石子）",八重山新城下地,2 inau
"isinago 1, inago* 2（石子）",久松,2 nnagu
"isinago 1, inago* 2（石子）",池間西原,2 nnagu
"isinago 1, inago* 2（石子）",砂川,2 n̩nagu
"isinago 1, inago* 2（石子）",水納,2 nnaguu
"isinago 1, inago* 2（石子）",与那覇,"2 mnaguu, nnaguu"
"isinago 1, inago* 2（石子）",西表古見,2 inun
"isinago 1, inago* 2（石子）",池間,2 nnagu
"isinago 1, inago* 2（石子）",国仲,2 m̩nagu
"isinago 1, inago* 2（石子）",伊良部,2 mnagu
"isinago 1, inago* 2（石子）",狩俣,2 nnagu
"isinago 1, inago* 2（石子）",島尻,2 nnagu
"isinago 1, inago* 2（石子）",大浦,2 nnagu
"isinago 1, inago* 2（石子）",久貝,2 mnagu
"isinago 1, inago* 2（石子）",宮古上地,2 m̩nagu
"isinago 1, inago* 2（石子）",来間,2 mmnagu
"isinago 1, inago* 2（石子）",保良,2 nnaguu
ira（刺）,岡山県津山市,iira
ira（刺）,長崎県南高来郡,iira
ira（刺）,群馬県多野郡,nira
ira（刺）,宮城県亘理郡,nira
ira（刺）,大分県大分市,yura
ira（刺）,大分郡,yura
ira（刺）,山口,ira（水母）
ira（刺）,上甑島,ira（水母）
ira（刺）,種子島,ira（水母）
ira（刺）,富山県,iira
ira（刺）,長崎県五島,irazyo
ira（刺）,島根県石見,ida
ira（刺）,鹿児島県屋久島,ida
ira（刺）,新潟県,nira
ira（刺）,新潟県佐渡,"nira, niira"
ira（刺）,愛知県碧海郡,niu
ira（刺）,喜界,iira
ira（刺）,名瀬,yëëra
ira（刺）,大和浜,yera
ira（刺）,湯湾,ïra
ira（刺）,諸鈍,ira
ira（刺）,麦屋東区,ira
ira（刺）,伊良部,ira
ira（刺）,平良,ira
ira（刺）,石垣,ira
ira（刺）,鳩間,ira
ira（刺）,水納,ira
ira（刺）,西表古見,ira
ira（刺）,首里,iiraa B
ira（刺）,竹富,"iran, irǝn BC"
ira（刺）,波照間,ira
ira（刺）,与那国祖納,ira C
ira（刺）,与那覇,ira
imaimasii（忌忌）,千葉,"imææmasu, imæmasi, emæmasuu, mæmasii"
imaimasii（忌忌）,福島,imamesii
imaimasii（忌忌）,栃木,"imeimesii, imeemasii"
imaimasii（忌忌）,埼玉,"imeimesii, imeemasii, imeemesii, emeemasii, meemasii"
imaimasii（忌忌）,静岡,"umaimasii, maimasii"
imaimasii（忌忌）,愛知,emaemasii
imaimasii（忌忌）,山形,emeemesi
imaimasii（忌忌）,神奈川,"meemasii, meemeesii"
imasimeru（戒）,伊江島,imasimiyun
imasimeru（戒）,今帰仁,imaasimirun B | imasime（名词）：imaasimii B
imasimeru（戒）,石垣,"imasimirun, imasimin"
imasimeru（戒）,波照間,"imasi̥mirun, imasi̥min"
imasimeru（戒）,鳩間,imasimun
imasimeru（戒）,首里,imasime（名词）：imasimi B
isameru（勇）,今帰仁,isaamin
isameru（勇）,首里,isamiyun (isamir-) A
isamu（勇）,伊予大三島,isomu
isamu（勇）,福島県南会津郡,isami（名词）：isami（酒）
isamu（勇）,首里,isamitacun (isamitat-) A（~立）
inabikari（稲光）,鹿児島,inabikai
inabikari（稲光）,岩手,inabikari
inabikari（稲光）,長崎,inarbikar
inabikari（稲光）,富山県,"enabekari, enapekari"
inabikari（稲光）,島根県仁多郡,enbabïkaa
inabikari（稲光）,肝属内之浦,inabikai
inabikari（稲光）,奈良田,inabikali
inabikari（稲光）,久松,inapkzas
inabikari（稲光）,伊平屋田名,inabicai C?
inabikari（稲光）,池間西原,nnabikai
inabikari（稲光）,砂川,nnapï̥kaï
inabikari（稲光）,水納,nnabikai
inabikari（稲光）,甑島里,inabikai
inabikari（稲光）,田皆,inyabikai
inabikari（稲光）,与那覇,nnapïkaï
inazuma（稲妻）,富山県,enazuma
"ine 1, ina- 2, -sine 3（稲）",宮崎,inye
"ine 1, ina- 2, -sine 3（稲）",石川,"ini, ene"
"ine 1, ina- 2, -sine 3（稲）",富山県,enu
"ine 1, ina- 2, -sine 3（稲）",栃木,ene
"ine 1, ina- 2, -sine 3（稲）",埼玉,ene
"ine 1, ina- 2, -sine 3（稲）",福井,ene
"ine 1, ina- 2, -sine 3（稲）",鳥取,ene
"ine 1, ina- 2, -sine 3（稲）",島根県仁多郡,ene
"ine 1, ina- 2, -sine 3（稲）",八丈島三根,"ine, nee"
"ine 1, ina- 2, -sine 3（稲）",上嘉鉄,inɪ
"ine 1, ina- 2, -sine 3（稲）",龍郷,nii
"ine 1, ina- 2, -sine 3（稲）",瀬留,nii
"ine 1, ina- 2, -sine 3（稲）",大和浜,nii
"ine 1, ina- 2, -sine 3（稲）",八重山新城下地,nii
"ine 1, ina- 2, -sine 3（稲）",湯湾,nï
"ine 1, ina- 2, -sine 3（稲）",名瀬,ni
"ine 1, ina- 2, -sine 3（稲）",瀬戸内町,ini
"ine 1, ina- 2, -sine 3（稲）",大浜,ini
"ine 1, ina- 2, -sine 3（稲）",小浜,"ini, ina-"
"ine 1, ina- 2, -sine 3（稲）",鳩間,ini
"ine 1, ina- 2, -sine 3（稲）",諸鈍,ini
"ine 1, ina- 2, -sine 3（稲）",徳之島町母間,inii
"ine 1, ina- 2, -sine 3（稲）",正名,inii B
"ine 1, ina- 2, -sine 3（稲）",浅間,inïï
"ine 1, ina- 2, -sine 3（稲）",麦屋東区,nee
"ine 1, ina- 2, -sine 3（稲）",那覇,"nni, nna-"
"ine 1, ina- 2, -sine 3（稲）",首里,"nni, nna- B"
"ine 1, ina- 2, -sine 3（稲）",平良,mna-
"ine 1, ina- 2, -sine 3（稲）",大神,ini
"ine 1, ina- 2, -sine 3（稲）",池間,nna-
"ine 1, ina- 2, -sine 3（稲）",長浜,nna-
"ine 1, ina- 2, -sine 3（稲）",多良間,nna-
"ine 1, ina- 2, -sine 3（稲）",石垣,"ini, ina-"
"ine 1, ina- 2, -sine 3（稲）",西表古見,"ini, ina-"
"ine 1, ina- 2, -sine 3（稲）",西表祖納,ina-
"ine 1, ina- 2, -sine 3（稲）",波照間,"ini, ina-"
"ine 1, ina- 2, -sine 3（稲）",竹富,inǝ-
"ine 1, ina- 2, -sine 3（稲）",黒島,sina-
"ine 1, ina- 2, -sine 3（稲）",沖永良部国頭,ini
"ine 1, ina- 2, -sine 3（稲）",伊平屋田名,inii B
"ine 1, ina- 2, -sine 3（稲）",後蘭,inii
"ine 1, ina- 2, -sine 3（稲）",芦清良,ini
"ine 1, ina- 2, -sine 3（稲）",仁志,inii
"ine 1, ina- 2, -sine 3（稲）",上平川,inii
"ine 1, ina- 2, -sine 3（稲）",田皆,inii
"ine 1, ina- 2, -sine 3（稲）",阿伝,"ĩĩ, yĩĩ"
"ine 1, ina- 2, -sine 3（稲）",荒木,ine
"ine 1, ina- 2, -sine 3（稲）",湾,ine
"ine 1, ina- 2, -sine 3（稲）",与那国祖納,nni B
isogasii（忙）,岩手,"isyoŋasi, esyoŋasi"
isogasii（忙）,信州,"isoasi, esoasi"
isogasii（忙）,栃木,isogawasii
isogasii（忙）,福島,isomasi
isogasii（忙）,秋田,esyoŋasi
isogasii（忙）,鳥取,"esogasi, esogasii, yosogasii"
isogasii（忙）,福井,yosogasii
isogasii（忙）,新潟頸城,yosokasii
isogasii（忙）,柳川,isogasika
isogasii（忙）,甑島里,isogaika
isogasii（忙）,奈良田,iθoŋasii
isogasii（忙）,伊良部,isugasïkam
isogasii（忙）,石垣,isugaQsaan
isogasii（忙）,船浮,isugaQsa
isogasii（忙）,赤嶺,isugasyan
isogasii（忙）,田皆,isyugasya
isogasii（忙）,水納,isyugaQsyadu ai
isogasii（忙）,与那国祖納,isugasan C
isogasii（忙）,西表祖納,isogaQsai
isogu（急）,飛騨,isaku
isogu（急）,津軽,esyoŋu
isogu（急）,新潟頸城,yosogu
isogu（急）,福井県大野市上打波,isoŋu
isogu（急）,奈良田,iθoŋu
isogu（急）,麦屋東区,isyugyun
isogu（急）,古沖縄,isogu
isogu（急）,伊江島,isuzyun
isogu（急）,今帰仁,isuuzyun B
isogu（急）,首里,isuzyun (isug-) B | isogi（名词）：isuzi B
isogu（急）,伊良部,isuv
isogu（急）,石垣,isugun
isogu（急）,登野城,isyungi
isogu（急）,宮良,isyugun
isogu（急）,波照間,isugun
isogu（急）,水納,isyugi
isogu（急）,与那国祖納,isuŋun (isuŋ-) B
isogu（急）,田皆,isyugai
isogu（急）,与那覇,isugï
isogu（急）,西表古見,isugun
isou（争）,おもろ,iso=i（连体形）：isoi
iraQsyaru,山形県,irasyaru（日落）
iraQsyaru,福島県北部,"irasyaru, iraharu（日落）"
iraQsyaru,会津,"irasyaru, iraharu（日落）"
ireru（入）,信州,inru
ireru（入）,播磨,eeru
ireru（入）,栃木,ereru
ireru（入）,埼玉,ereru
ireru（入）,福井,ereru
ireru（入）,岐阜,ereru
ireru（入）,静岡,ereru
ireru（入）,愛知,ereru
ireru（入）,愛媛周桑,ereru
ireru（入）,岩手,"syeru, syereru, suuru, seiru, seru, sereru, hereru"
ireru（入）,秋田,"syeru, seru, sereru, heru"
ireru（入）,仙台,seiru
ireru（入）,福島,seeru
ireru（入）,茨城,seeru
ireru（入）,秋田鹿角,sereru
ireru（入）,津軽,heru
ireru（入）,青森,hereru
ireru（入）,山形,hereru
ireru（入）,福井県大野市上打波,ereru
ireru（入）,甑島里,irui
ireru（入）,奈良田,ilelu
ireru（入）,おもろ,ire-
ireru（入）,大和浜,"iri, iriruri"
ireru（入）,伊江島,iriyun
ireru（入）,麦屋東区,"iryun, iiryun"
ireru（入）,今帰仁,inrun A
ireru（入）,首里,iriyun (irir-) A
ireru（入）,佐和田,Qlil
ireru（入）,石垣,"irirun, irin"
ireru（入）,船浮,iriru
ireru（入）,久松,iziz
ireru（入）,沖永良部国頭,"iriyun, iiyun"
ireru（入）,伊平屋田名,irin A
ireru（入）,波照間,irin
ireru（入）,水納,izi
ireru（入）,与那国祖納,irirun (irir-) A
ireru（入）,渡久地,"iiyun, irin"
ireru（入）,田皆,irin
ireru（入）,与那覇,Qzi
ireru（入）,西表祖納,iriru
ireru（入）,西表古見,iirun
ireru（入）,大神,ïri
irie*（西）,名瀬,iri
irie*（西）,伊良部,iri
irie*（西）,首里,iri A
irie*（西）,奥,iri
irie*（西）,済井出,iri
irie*（西）,西表祖納,iri
irie*（西）,浅間,irïï
irie*（西）,麦屋東区,ii
irie*（西）,池間,ii
irie*（西）,今帰仁,irii
irie*（西）,久米,"iri, irii"
irie*（西）,平良,iï
irie*（西）,大神,iï
irie*（西）,仲地,iï
irie*（西）,長浜,il
irie*（西）,多良間,"il, iri A"
irie*（西）,石垣,iirï A
irie*（西）,新川,irï
irie*（西）,小浜,irï
irie*（西）,宮良,"irï, iri"
irie*（西）,竹富,iru
irie*（西）,鳩間,"iiri, iira, iiru（西村）"
irie*（西）,黒島,iruma（~間）
irie*（西）,波照間,"irï, iri, ïrïkaci（~風）"
irie*（西）,船浮,iri
irie*（西）,金武,iri A
irie*（西）,沖永良部国頭,ii
irie*（西）,伊平屋田名,iri A
irie*（西）,与那国祖納,"iri A, iribat'a A"
irie*（西）,川平,irï
irie*（西）,上平川,ii
irie*（西）,池間西原,ii
irie*（西）,砂川,ïï
irie*（西）,荒木,iiri
irie*（西）,上嘉鉄,iirii
irie*（西）,田皆,ii
irie*（西）,渡久地,iri
irie*（西）,与那覇,ïï
irie*（西）,水納,iri
irie*（西）,西表古見,iiru
irimote*（西表）,大浜,irimuti
irimote*（西表）,船浮,irimuti
irimote*（西表）,波照間,irimuci
irimote*（西表）,川平,irïmuti
irimote*（西表）,西表古見,irimuti
irimote*（西表）,宮良,irimuti
irimote*（西表）,今帰仁,irimutii（家的西侧）
iru（入）,甑島里,ii
iru（入）,奈良田,ilu
iru（入）,おもろ,ir-
iru（入）,大和浜,"iri, iruri"
iru（入）,麦屋東区,yun
iru（入）,古沖縄,iru
iru（入）,今帰仁,in A
iru（入）,首里,"iyun, iin (ir-) A"
iru（入）,伊良部,iï
iru（入）,大神,ïrim
iru（入）,石垣,irun
iru（入）,金武,iin C
iru（入）,沖永良部国頭,"iiyun, yun"
iru（入）,伊平屋,iin A
iru（入）,波照間,irun
iru（入）,水納,ii
iru（入）,与那国祖納,irun (ir-) A
iru（入）,田皆,in
iru（入）,渡久地,"in（进入）, iriyuu（需要）"
imizii*（貴）,大隅,imisi
imu（忌）,麦屋東区,imyun (imi-)
imu（忌）,水納,imi
imi（忌）,鳥取,"emi, yumi"
imi（忌）,千葉,yumi
imi（忌）,島根,yumi
imi（忌）,大和浜,imi
imi（忌）,麦屋東区,imi（旧）
imi（忌）,首里,imi B
imi（忌）,伊江島,inii
imi（忌）,今帰仁,imii B
imi（忌）,石垣,"ïïmï, ïmï"
imi（忌）,金武,iimii B（服丧）
imi（忌）,水納,imi
imi（忌）,波照間,imi
isamu,福井県坂井郡,isamu
isamu,福井県丹生郡,isamu
isamu,島根県那賀郡,isamu
isamu,島根県浜田市,isamu
isamu,岡山県児島郡,isamu
isamu,香川県仲多度郡,isamu
isamu,愛媛県越智郡,isamu
isamu,愛媛県温泉郡,isamu
isamu,高知県鵜来島,isamu
isamu,大分県北海部郡,isamu
isamu,鹿児島県甑島,isamu
isamu,屋久島,isamu
isamu,山口県阿武郡,isameku
isamu,長崎県壱岐島,isanamu
"idasu 1, dasu 2（出）",奈良田,daθu
"idasu 1, dasu 2（出）",大和浜,"izyasi, izyasuri"
"idasu 1, dasu 2（出）",浅間,izyasyun
"idasu 1, dasu 2（出）",麦屋東区,"izyasyun, peezyasyun（這~）"
"idasu 1, dasu 2（出）",伊江島,izyasyun
"idasu 1, dasu 2（出）",今帰仁,izyaasun B
"idasu 1, dasu 2（出）",具志堅,izyasun
"idasu 1, dasu 2（出）",首里,qnzyaasyun (nzyaas-) B
"idasu 1, dasu 2（出）",伊良部,idasï
"idasu 1, dasu 2（出）",狩俣,idas-
"idasu 1, dasu 2（出）",石垣,idasïn
"idasu 1, dasu 2（出）",竹富,nzǝsun BC
"idasu 1, dasu 2（出）",船浮,idasu
"idasu 1, dasu 2（出）",金武,nzyasun C
"idasu 1, dasu 2（出）",沖永良部国頭,izyasyun
"idasu 1, dasu 2（出）",伊平屋田名,qnzyasun B
"idasu 1, dasu 2（出）",水納,"izyaasï, idaasï, idasï, ndasï"
"idasu 1, dasu 2（出）",波照間,ndasun
"idasu 1, dasu 2（出）",与那国祖納,"ndan (ndas-) B, tundan (tundas-) A（飛~）"
"idasu 1, dasu 2（出）",田皆,izyasin
"idasu 1, dasu 2（出）",渡久地,izyasun
"idasu 1, dasu 2（出）",与那覇,idasï
"idasu 1, dasu 2（出）",おもろ,itiyasu
"idekuru* 1, dekiru 2（出来）",豊後,zekuru
"idekuru* 1, dekiru 2（出来）",鹿児島,"dekui, dekuru"
"idekuru* 1, dekiru 2（出来）",秋田,dekeru
"idekuru* 1, dekiru 2（出来）",富山県,"dekeru, deQkiru, deQkeru"
"idekuru* 1, dekiru 2（出来）",伊賀,dekeru
"idekuru* 1, dekiru 2（出来）",南伊勢,dekeru
"idekuru* 1, dekiru 2（出来）",京言葉,dekeru
"idekuru* 1, dekiru 2（出来）",大阪,dekeru
"idekuru* 1, dekiru 2（出来）",神戸,dekeru
"idekuru* 1, dekiru 2（出来）",紀州,dekeru
"idekuru* 1, dekiru 2（出来）",和歌山,dekeru
"idekuru* 1, dekiru 2（出来）",島根,dekeru
"idekuru* 1, dekiru 2（出来）",NHK（徳島）,dekeru
"idekuru* 1, dekiru 2（出来）",NHK（長崎）,dekeru
"idekuru* 1, dekiru 2（出来）",愛媛周桑,dekeru
"idekuru* 1, dekiru 2（出来）",伊予,dekeru
"idekuru* 1, dekiru 2（出来）",対馬,dekeru
"idekuru* 1, dekiru 2（出来）",島原,dekeru
"idekuru* 1, dekiru 2（出来）",津軽,degeru
"idekuru* 1, dekiru 2（出来）",岩手,"degeru, deru"
"idekuru* 1, dekiru 2（出来）",仙台,deru
"idekuru* 1, dekiru 2（出来）",山形,deru
"idekuru* 1, dekiru 2（出来）",福島,deru
"idekuru* 1, dekiru 2（出来）",福井大飯,rekeru
"idekuru* 1, dekiru 2（出来）",NHK（京都）,deki（名词）：deke
"idekuru* 1, dekiru 2（出来）",NHK（大阪）,deki（名词）：deke
"idekuru* 1, dekiru 2（出来）",NHK（奈良）,deki（名词）：deke
"idekuru* 1, dekiru 2（出来）",NHK（愛媛）,deki（名词）：deke
"idekuru* 1, dekiru 2（出来）",NHK（福岡）,deki（名词）：deke
"idekuru* 1, dekiru 2（出来）",NHK（佐賀）,deki（名词）：deke
"idekuru* 1, dekiru 2（出来）",NHK（宮崎）,deki（名词）：deke
"idekuru* 1, dekiru 2（出来）",八丈,"dekuru（从靠山的一侧回）, iQte dekuru（到达靠山的一侧后从靠山的一侧回）, dete kuru（到达靠海的一侧后从靠海的一侧回） "
"idekuru* 1, dekiru 2（出来）",肝属内之浦,dekuQ
"idekuru* 1, dekiru 2（出来）",福井県大野市上打波,dekeru
"idekuru* 1, dekiru 2（出来）",奈良田,dekilu
"idekuru* 1, dekiru 2（出来）",麦屋東区,dikyun
"idekuru* 1, dekiru 2（出来）",伊江島,dikiyun
"idekuru* 1, dekiru 2（出来）",今帰仁,"dikirun B, rikirun B"
"idekuru* 1, dekiru 2（出来）",首里,dikiyun (dikir-) B
"idekuru* 1, dekiru 2（出来）",伊良部,dikiï
"idekuru* 1, dekiru 2（出来）",石垣,"dikiirun, dikiin"
"idekuru* 1, dekiru 2（出来）",八重山新城下地,dihirun
"idekuru* 1, dekiru 2（出来）",船浮,dikiru
"idekuru* 1, dekiru 2（出来）",沖永良部国頭,dekiyun
"idekuru* 1, dekiru 2（出来）",与那国祖納,digirun (digir-) B
"idekuru* 1, dekiru 2（出来）",田皆,dikin
"idekuru* 1, dekiru 2（出来）",水納,diki
"idekuru* 1, dekiru 2（出来）",与那覇,diki
"idekuru* 1, dekiru 2（出来）",西表古見,deki（名词）：diki
"ideru* 1, deru 2（出）",豊後,zyeru
"ideru* 1, deru 2（出）",鹿児島,"dei, deQ"
"ideru* 1, deru 2（出）",島原,"zuru, dzuru"
"ideru* 1, deru 2（出）",柳川,zuru
"ideru* 1, deru 2（出）",福岡,dzuru
"ideru* 1, deru 2（出）",島根県仁多郡,dyae
"ideru* 1, deru 2（出）",甑島里,zui
"ideru* 1, deru 2（出）",奈良田,delu
"ideru* 1, deru 2（出）",おもろ,itife-
"ideru* 1, deru 2（出）",志戸桶,iziyui
"ideru* 1, deru 2（出）",名瀬,iziryun
"ideru* 1, deru 2（出）",大和浜,"izi, iziruri"
"ideru* 1, deru 2（出）",湯湾,iziyun
"ideru* 1, deru 2（出）",瀬利覚,iziyun
"ideru* 1, deru 2（出）",伊江島,iziyun
"ideru* 1, deru 2（出）",古仁屋,iziyum
"ideru* 1, deru 2（出）",諸鈍,iziiyum
"ideru* 1, deru 2（出）",徳之島,izïrï
"ideru* 1, deru 2（出）",井之川,iziri
"ideru* 1, deru 2（出）",亀津,iziri
"ideru* 1, deru 2（出）",麦屋東区,izyun
"ideru* 1, deru 2（出）",茶花,izyun
"ideru* 1, deru 2（出）",古沖縄,ideru
"ideru* 1, deru 2（出）",辺土名,iziin
"ideru* 1, deru 2（出）",国頭郡,izirun
"ideru* 1, deru 2（出）",今帰仁,izirun B
"ideru* 1, deru 2（出）",済井出,izin
"ideru* 1, deru 2（出）",具志堅,izin
"ideru* 1, deru 2（出）",那覇,qnziyun
"ideru* 1, deru 2（出）",首里,qnziyun (nzir-) B
"ideru* 1, deru 2（出）",池間,idii
"ideru* 1, deru 2（出）",佐良浜,idii
"ideru* 1, deru 2（出）",大神,idiiï
"ideru* 1, deru 2（出）",伊良部,idiï
"ideru* 1, deru 2（出）",大浦,idiï
"ideru* 1, deru 2（出）",上地,idiï
"ideru* 1, deru 2（出）",仲筋,"idil, ndil"
"ideru* 1, deru 2（出）",多良間,ndil
"ideru* 1, deru 2（出）",石垣,"idirun, idin"
"ideru* 1, deru 2（出）",大浜,idirun
"ideru* 1, deru 2（出）",西表祖納,"idirun, idiru"
"ideru* 1, deru 2（出）",川平,ndirun
"ideru* 1, deru 2（出）",小浜,ndirun
"ideru* 1, deru 2（出）",竹富,nzirun
"ideru* 1, deru 2（出）",鳩間,nzirun
"ideru* 1, deru 2（出）",黒島,nzirun
"ideru* 1, deru 2（出）",波照間,"nzirun, nzin"
"ideru* 1, deru 2（出）",船浮,idiru
"ideru* 1, deru 2（出）",沖永良部国頭,iziyun
"ideru* 1, deru 2（出）",伊平屋田名,qnziin B
"ideru* 1, deru 2（出）",与那国祖納,"ndirun (ndir-) B, tundirun (tundir) A（飛~）"
"ideru* 1, deru 2（出）",水納,"idi, ndi"
"ideru* 1, deru 2（出）",田皆,izin
"ideru* 1, deru 2（出）",与那覇,idi
"ideru* 1, deru 2（出）",渡久地,izin
inisie（古）,岩手,insye
inu（往）,首里,nzi A（动词 icun（行）的连用形，?< *ini-te，一说 *igi-)
izumi（泉）,香川県三豊郡,iizomi
izumi（泉）,瀬戸内海,demi
izumi（泉）,大和浜,"izumi, izungo（~川）"
izumi（泉）,麦屋東区,izyungo（~川）
izumi（泉）,伊江島,izini
izumi（泉）,首里,izyun B
izumi（泉）,金武,izumii B
izumi（泉）,おもろ,itifemi
wakigawara*,石垣,bageena
wakigawara*,大浜,bageena
wakigawara*,鳩間,bakeera
"iraka 1, ireka* 2（甍）",加計呂麻,2 irika
"iraka 1, ireka* 2（甍）",大和浜,2 irixya
"iraka 1, ireka* 2（甍）",首里,2 irica B
"iraka 1, ireka* 2（甍）",小浜,1 iraga
"iraka 1, ireka* 2（甍）",鳩間,1 iraka
"iraka 1, ireka* 2（甍）",波照間,1 iraga
"iraka 1, ireka* 2（甍）",白保,1 inaga
"iraka 1, ireka* 2（甍）",水納,2 irika
iro（色）,埼玉,ero
iro（色）,富山県,ero
iro（色）,福井,ero
iro（色）,鳥取,ero
iro（色）,鹿児島,ero
iro（色）,奈良田,ilo
iro（色）,諸鈍,iryu
iro（色）,正名,iruu B
iro（色）,国頭郡,iruu
iro（色）,今帰仁,iruu
iro（色）,大和浜,iru
iro（色）,麦屋東区,iru
iro（色）,首里,iru B
iro（色）,久米謝名堂,iru B
iro（色）,平良,iru
iro（色）,池間,iru
iro（色）,長浜,iru
iro（色）,水納,"iru C, iru"
iro（色）,仲筋,iru B/C
iro（色）,石垣,iru
iro（色）,小浜,iru
iro（色）,鳩間,iru
iro（色）,黒島,iru
iro（色）,西表祖納,iru
iro（色）,波照間,iru
iro（色）,金武,iiruu B
iro（色）,船浮,iru
iro（色）,久松,iru
iro（色）,沖永良部国頭,"iru, iruu"
iro（色）,伊平屋田名,iruu B
iro（色）,川平,iru
iro（色）,上平川,iruu
iro（色）,砂川,iru
iro（色）,阿伝,iru
iro（色）,荒木,iru
iro（色）,上嘉鉄,iru
iro（色）,小野津,iru
iro（色）,与那国祖納,iru B
iro（色）,田皆,iru
iro（色）,渡久地,iruu
iro（色）,与那覇,iru
iro（色）,大神,iru
"irokuzu 1, urokuzu 2（鱗）",飛騨,orokuzu
"iroko 1, uroko 2, irike* 3, ireki* 4, irake* 5（鱗）",東京,uroko
"iroko 1, uroko 2, irike* 3, ireki* 4, irake* 5（鱗）",京都,uroko
"iroko 1, uroko 2, irike* 3, ireki* 4, irake* 5（鱗）",鹿児島,"uroko, iruko, iko"
"iroko 1, uroko 2, irike* 3, ireki* 4, irake* 5（鱗）",大分,ira
"iroko 1, uroko 2, irike* 3, ireki* 4, irake* 5（鱗）",大隅,irako
"iroko 1, uroko 2, irike* 3, ireki* 4, irake* 5（鱗）",山形県村山,irako
"iroko 1, uroko 2, irike* 3, ireki* 4, irake* 5（鱗）",鹿児島県肝属郡,irako
"iroko 1, uroko 2, irike* 3, ireki* 4, irake* 5（鱗）",島原,"iriko, iruko, uriko, uruko"
"iroko 1, uroko 2, irike* 3, ireki* 4, irake* 5（鱗）",薩摩,iruko
"iroko 1, uroko 2, irike* 3, ireki* 4, irake* 5（鱗）",長崎県南高来郡,"iruko, iriko"
"iroko 1, uroko 2, irike* 3, ireki* 4, irake* 5（鱗）",熊本県芦北郡,iriko
"iroko 1, uroko 2, irike* 3, ireki* 4, irake* 5（鱗）",鹿児島県種子島,iriko
"iroko 1, uroko 2, irike* 3, ireki* 4, irake* 5（鱗）",大隅熊毛,iriko
"iroko 1, uroko 2, irike* 3, ireki* 4, irake* 5（鱗）",大隅西之表,iriko
"iroko 1, uroko 2, irike* 3, ireki* 4, irake* 5（鱗）",諸県小林,iruko
"iroko 1, uroko 2, irike* 3, ireki* 4, irake* 5（鱗）",大隅肝属,iruko
"iroko 1, uroko 2, irike* 3, ireki* 4, irake* 5（鱗）",大隅曽於,iruko
"iroko 1, uroko 2, irike* 3, ireki* 4, irake* 5（鱗）",大隅姶良,iruko
"iroko 1, uroko 2, irike* 3, ireki* 4, irake* 5（鱗）",福島,irogo
"iroko 1, uroko 2, irike* 3, ireki* 4, irake* 5（鱗）",秋田,eroko
"iroko 1, uroko 2, irike* 3, ireki* 4, irake* 5（鱗）",佐賀県,"iiko, iko"
"iroko 1, uroko 2, irike* 3, ireki* 4, irake* 5（鱗）",上甑島,iQko
"iroko 1, uroko 2, irike* 3, ireki* 4, irake* 5（鱗）",上方,uroke
"iroko 1, uroko 2, irike* 3, ireki* 4, irake* 5（鱗）",山形県西田川郡,oroke
"iroko 1, uroko 2, irike* 3, ireki* 4, irake* 5（鱗）",岐阜県北部,oroke
"iroko 1, uroko 2, irike* 3, ireki* 4, irake* 5（鱗）",島根県出雲,oroke
"iroko 1, uroko 2, irike* 3, ireki* 4, irake* 5（鱗）",宮城県登米郡,oroko
"iroko 1, uroko 2, irike* 3, ireki* 4, irake* 5（鱗）",豊後,"uriko, uruko"
"iroko 1, uroko 2, irike* 3, ireki* 4, irake* 5（鱗）",富山県,oroko
"iroko 1, uroko 2, irike* 3, ireki* 4, irake* 5（鱗）",岐阜,"oroke, woroke"
"iroko 1, uroko 2, irike* 3, ireki* 4, irake* 5（鱗）",愛知,oroko
"iroko 1, uroko 2, irike* 3, ireki* 4, irake* 5（鱗）",鳥取,"oroke, oriko, oroko"
"iroko 1, uroko 2, irike* 3, ireki* 4, irake* 5（鱗）",飛騨,"oroke, oroko"
"iroko 1, uroko 2, irike* 3, ireki* 4, irake* 5（鱗）",岩手,"urugu, urugo, oroge, orogo"
"iroko 1, uroko 2, irike* 3, ireki* 4, irake* 5（鱗）",仙台,"urogu, oroko"
"iroko 1, uroko 2, irike* 3, ireki* 4, irake* 5（鱗）",島根,uruko
"iroko 1, uroko 2, irike* 3, ireki* 4, irake* 5（鱗）",周防大島,uruko
"iroko 1, uroko 2, irike* 3, ireki* 4, irake* 5（鱗）",愛媛周桑,uruko
"iroko 1, uroko 2, irike* 3, ireki* 4, irake* 5（鱗）",伊予,uruko
"iroko 1, uroko 2, irike* 3, ireki* 4, irake* 5（鱗）",福岡,uruko
"iroko 1, uroko 2, irike* 3, ireki* 4, irake* 5（鱗）",肝属内之浦,uroko
"iroko 1, uroko 2, irike* 3, ireki* 4, irake* 5（鱗）",八丈島末吉,"uroko, urokoo"
"iroko 1, uroko 2, irike* 3, ireki* 4, irake* 5（鱗）",八丈島三根,uroko
"iroko 1, uroko 2, irike* 3, ireki* 4, irake* 5（鱗）",福井県池田町西角間,uroko
"iroko 1, uroko 2, irike* 3, ireki* 4, irake* 5（鱗）",福井県大野市上打波,"uroko, urogo"
"iroko 1, uroko 2, irike* 3, ireki* 4, irake* 5（鱗）",奈良田,uloko
"iroko 1, uroko 2, irike* 3, ireki* 4, irake* 5（鱗）",志戸桶,3 iQki
"iroko 1, uroko 2, irike* 3, ireki* 4, irake* 5（鱗）",湯湾,3 iQki
"iroko 1, uroko 2, irike* 3, ireki* 4, irake* 5（鱗）",井之川,3 iQki
"iroko 1, uroko 2, irike* 3, ireki* 4, irake* 5（鱗）",名瀬,"3 irikhi, iQki"
"iroko 1, uroko 2, irike* 3, ireki* 4, irake* 5（鱗）",大和浜,3 irixi
"iroko 1, uroko 2, irike* 3, ireki* 4, irake* 5（鱗）",加計呂麻,3 iriki
"iroko 1, uroko 2, irike* 3, ireki* 4, irake* 5（鱗）",島尻郡,3 iriki
"iroko 1, uroko 2, irike* 3, ireki* 4, irake* 5（鱗）",川平,3 iriki
"iroko 1, uroko 2, irike* 3, ireki* 4, irake* 5（鱗）",八重山新城,3 iriki
"iroko 1, uroko 2, irike* 3, ireki* 4, irake* 5（鱗）",浅間,3 iQkïï
"iroko 1, uroko 2, irike* 3, ireki* 4, irake* 5（鱗）",亀津,3 ɪQkï
"iroko 1, uroko 2, irike* 3, ireki* 4, irake* 5（鱗）",和泊,3 iiQci
"iroko 1, uroko 2, irike* 3, ireki* 4, irake* 5（鱗）",知名,3 iiki
"iroko 1, uroko 2, irike* 3, ireki* 4, irake* 5（鱗）",麦屋東区,3 iiki
"iroko 1, uroko 2, irike* 3, ireki* 4, irake* 5（鱗）",茶花,3 iiki
"iroko 1, uroko 2, irike* 3, ireki* 4, irake* 5（鱗）",池間,3 iiki B
"iroko 1, uroko 2, irike* 3, ireki* 4, irake* 5（鱗）",奥,3 ici
"iroko 1, uroko 2, irike* 3, ireki* 4, irake* 5（鱗）",伊江島,3 icii
"iroko 1, uroko 2, irike* 3, ireki* 4, irake* 5（鱗）",瀬底,4 iriiki
"iroko 1, uroko 2, irike* 3, ireki* 4, irake* 5（鱗）",名護,4 iryeekii
"iroko 1, uroko 2, irike* 3, ireki* 4, irake* 5（鱗）",今帰仁,4 iricii
"iroko 1, uroko 2, irike* 3, ireki* 4, irake* 5（鱗）",首里,4 irici B
"iroko 1, uroko 2, irike* 3, ireki* 4, irake* 5（鱗）",嘉手納,4 iritsi
"iroko 1, uroko 2, irike* 3, ireki* 4, irake* 5（鱗）",平良,3 iïki
"iroko 1, uroko 2, irike* 3, ireki* 4, irake* 5（鱗）",伊良部,3 iïki
"iroko 1, uroko 2, irike* 3, ireki* 4, irake* 5（鱗）",宮古上地,3 iïki
"iroko 1, uroko 2, irike* 3, ireki* 4, irake* 5（鱗）",大神,"3 iïki, iuki"
"iroko 1, uroko 2, irike* 3, ireki* 4, irake* 5（鱗）",大浦,3 isïki
"iroko 1, uroko 2, irike* 3, ireki* 4, irake* 5（鱗）",長浜,3 irki
"iroko 1, uroko 2, irike* 3, ireki* 4, irake* 5（鱗）",多良間,"3 iiki, irki B"
"iroko 1, uroko 2, irike* 3, ireki* 4, irake* 5（鱗）",保良,3 irïki
"iroko 1, uroko 2, irike* 3, ireki* 4, irake* 5（鱗）",八重山新城下地,3 irïki
"iroko 1, uroko 2, irike* 3, ireki* 4, irake* 5（鱗）",仲筋,3 irki
"iroko 1, uroko 2, irike* 3, ireki* 4, irake* 5（鱗）",石垣,5 iragï
"iroko 1, uroko 2, irike* 3, ireki* 4, irake* 5（鱗）",宮良,5 iragï
"iroko 1, uroko 2, irike* 3, ireki* 4, irake* 5（鱗）",大浜,5 iragi
"iroko 1, uroko 2, irike* 3, ireki* 4, irake* 5（鱗）",小浜,"5 iragi, iraki"
"iroko 1, uroko 2, irike* 3, ireki* 4, irake* 5（鱗）",竹富,5 iru
"iroko 1, uroko 2, irike* 3, ireki* 4, irake* 5（鱗）",鳩間,5 iraki
"iroko 1, uroko 2, irike* 3, ireki* 4, irake* 5（鱗）",黒島,5 iraki
"iroko 1, uroko 2, irike* 3, ireki* 4, irake* 5（鱗）",波照間,"3 irigi, 5 iragï"
"iroko 1, uroko 2, irike* 3, ireki* 4, irake* 5（鱗）",白保,"3 irigi, 5 iragï"
"iroko 1, uroko 2, irike* 3, ireki* 4, irake* 5（鱗）",西表祖納,"5 iryã, iriru"
"iroko 1, uroko 2, irike* 3, ireki* 4, irake* 5（鱗）",与那国,1 ituo（旧）
"iroko 1, uroko 2, irike* 3, ireki* 4, irake* 5（鱗）",久松,3 isus
"iroko 1, uroko 2, irike* 3, ireki* 4, irake* 5（鱗）",金武,"4 iricii B, iricii B"
"iroko 1, uroko 2, irike* 3, ireki* 4, irake* 5（鱗）",沖永良部国頭,"2 uruku, 3 iicii, iici"
"iroko 1, uroko 2, irike* 3, ireki* 4, irake* 5（鱗）",伊平屋,"4 irici C, iricii B"
"iroko 1, uroko 2, irike* 3, ireki* 4, irake* 5（鱗）",伊平屋田名,4 iricii
"iroko 1, uroko 2, irike* 3, ireki* 4, irake* 5（鱗）",上平川,3 iikii
"iroko 1, uroko 2, irike* 3, ireki* 4, irake* 5（鱗）",池間西原,3 iiki
"iroko 1, uroko 2, irike* 3, ireki* 4, irake* 5（鱗）",砂川,3 ïïki
"iroko 1, uroko 2, irike* 3, ireki* 4, irake* 5（鱗）",水納,3 iriki
"iroko 1, uroko 2, irike* 3, ireki* 4, irake* 5（鱗）",阿伝,3 iQci
"iroko 1, uroko 2, irike* 3, ireki* 4, irake* 5（鱗）",荒木,3 iQci
"iroko 1, uroko 2, irike* 3, ireki* 4, irake* 5（鱗）",小野津,3 iQki
"iroko 1, uroko 2, irike* 3, ireki* 4, irake* 5（鱗）",与那国祖納,1 it'u C
"iroko 1, uroko 2, irike* 3, ireki* 4, irake* 5（鱗）",渡久地,4 iriQki
"iroko 1, uroko 2, irike* 3, ireki* 4, irake* 5（鱗）",与那覇,3 iïki
"iroko 1, uroko 2, irike* 3, ireki* 4, irake* 5（鱗）",西表古見,3 irïkï
ikusa（軍）,栃木,igusa
ikusa（軍）,鳥取,"igusa, ekusa, yukusa"
ikusa（軍）,岩手,ikusan
ikusa（軍）,鹿児島,iQsa
ikusa（軍）,飛騨,"ekusa, yukusa"
ikusa（軍）,福井大飯,yukusa
ikusa（軍）,岐阜,yukusa
ikusa（軍）,静岡,yukusa
ikusa（軍）,島根,yukusa
ikusa（軍）,佐賀,yukusa
ikusa（軍）,大隅,yuQsa
ikusa（軍）,大和浜,ikusa
ikusa（軍）,麦屋東区,ikusa
ikusa（軍）,伊江島,ikusa B
ikusa（軍）,首里,ikusa B
ikusa（軍）,石垣,ikusa BC
ikusa（軍）,小浜,ikusa
ikusa（軍）,浅間,ikusyaa B
ikusa（軍）,今帰仁,hikusaa B
ikusa（軍）,平良,ivsa
ikusa（軍）,大神,ivsa
ikusa（軍）,仲地,ivsa
ikusa（軍）,下里,ifsa
ikusa（軍）,池間,ifsa
ikusa（軍）,与那覇,ifsa
ikusa（軍）,佐和田,"ifsa, ifïsa"
ikusa（軍）,長浜,"ifsa, iva"
ikusa（軍）,多良間,"ifsya, ifusya, iQfa B"
ikusa（軍）,池間西原,iQsa B
ikusa（軍）,竹富,"iQsǝ, iQsëë"
ikusa（軍）,波照間,"ifutsa, ifu̥tsa"
ikusa（軍）,水納,ifusa
ikusa（軍）,与那国祖納,ik'uts'a B
iru（射）,鹿児島,iQ
iru（射）,津軽,yuru
iru（射）,千葉,yuru
iru（射）,神奈川,yuru
iru（射）,志摩,yuru
iru（射）,和歌山県,yuru
iru（射）,紀州,yuru
iru（射）,瀬戸内,yuru（铸）
iru（射）,おもろ,ir-
iru（射）,名瀬,iryun
iru（射）,大和浜,iruri
iru（射）,浅間,iyun
iru（射）,麦屋東区,iyun
iru（射）,古沖縄,iru
iru（射）,伊江島,iyun
iru（射）,今帰仁,in B
iru（射）,首里,iyun (ir-) B
iru（射）,平良,iiï
iru（射）,伊良部,iï
iru（射）,大浦,iï
iru（射）,多良間,il
iru（射）,石垣,iirun
iru（射）,鳩間,irun
iru（射）,波照間,irun
iru（射）,水納,iri
iru（射）,与那国祖納,irun (ir-) B
ya（矢）,福井県大野市上打波,yaa
ya（矢）,古琉球汉语对音,亞 牙
ya（矢）,古琉球朝鲜语对音,이야
ya（矢）,大和浜,"ya, yaa"
ya（矢）,浅間,yaa
ya（矢）,伊江島,yaa
ya（矢）,平良,yaa
ya（矢）,池間,yaa
ya（矢）,長浜,yaa
ya（矢）,大神,yaa
ya（矢）,多良間,yaa
ya（矢）,波照間,yaa
ya（矢）,鳩間,yaa
ya（矢）,西表祖納,yaa
ya（矢）,麦屋東区,yunnukwaa（~の子）
ya（矢）,今帰仁,"yaa, yumiinuyaa（弓の~）"
ya（矢）,首里,"yaa, qiya A"
ya（矢）,石垣,iya
ya（矢）,宮良,iya
ya（矢）,小浜,yunnufaa（~の子）
ya（矢）,竹富,yaasyan
ya（矢）,与那国,dunnupaa B+B（~の子）
ya（矢）,水納,yaa
ya（矢）,おもろ,yakoro
yabai（矢場）,波照間,yabahan（借词；熟练的、优秀的）
iraeru*（借）,神奈川県久良岐郡,irou
iraeru*（借）,山梨県,irou
iraeru*（借）,山梨県中巨摩郡,irou
iraeru*（借）,山梨県南巨摩郡,irou
iraeru*（借）,奈良田,iloo
iraeru*（借）,喜界,"irayui, iraui"
iraeru*（借）,今帰仁,iren A
iraeru*（借）,首里,irayun (ira-) A
iraeru*（借）,伊良部,"ïzaï, ïzoo"
iraeru*（借）,与那国祖納,irun (ira-) A
irame-*（借）,与那国祖納,iramirun (iramir-) A
irawas-*（借）,今帰仁,iraasun A
irawas-*（借）,首里,iraasyun (iraas-) A
irawas-*（借）,伊良部,ïzaasï
ito（暇）,長野県,eto
ito（暇）,群馬県吾妻郡,eto
"itoma 1, ituma 2（暇）",大和浜,iθomagoi（~乞，告辞）
"itoma 1, ituma 2（暇）",麦屋東区,ituma B
"itoma 1, ituma 2（暇）",伊江島,ituma B
"itoma 1, ituma 2（暇）",伊良部,ituma
"itoma 1, ituma 2（暇）",仲地,ituma
"itoma 1, ituma 2（暇）",石垣,ituma BC
"itoma 1, ituma 2（暇）",古沖縄,itoma
"itoma 1, ituma 2（暇）",今帰仁,"hicumaa B, hitumaa B"
"itoma 1, ituma 2（暇）",首里,itumagwii A（~乞，告辞）
"itoma 1, ituma 2（暇）",金武,itumaa B
itonai*（暇無）,大和浜,iconasyari
itonai*（暇無）,麦屋東区,"icunasyan, ikinasyan"
itonai*（暇無）,おもろ,itiyonasiya
itonai*（暇無）,混効験集,itiyonasiya
itonai*（暇無）,伊江島,icunaasya
itonai*（暇無）,今帰仁,hicuunasen
itonai*（暇無）,首里,icunasan B
itonai*（暇無）,金武,icunaan C
itonai*（暇無）,伊平屋田名,icunasan B
itonai*（暇無）,渡久地,icunasanu
ina（否）,柳川,nnya
"ie 1, iwa 2, ii 3（家）",古琉球汉语对音,亦葉（借词）
"ie 1, iwa 2, ii 3（家）",NHK（茨城）,ii
"ie 1, iwa 2, ii 3（家）",山梨,"ii, ee"
"ie 1, iwa 2, ii 3（家）",富山県,"iue, ibe, ebe"
"ie 1, iwa 2, ii 3（家）",瀬戸内,ye
"ie 1, iwa 2, ii 3（家）",甑島,ye
"ie 1, iwa 2, ii 3（家）",八丈,ye
"ie 1, iwa 2, ii 3（家）",NHK（兵庫）,"yee, ee"
"ie 1, iwa 2, ii 3（家）",長崎,iye
"ie 1, iwa 2, ii 3（家）",熊本,iye
"ie 1, iwa 2, ii 3（家）",鹿児島,"iye, e"
"ie 1, iwa 2, ii 3（家）",讚岐,ige
"ie 1, iwa 2, ii 3（家）",岐阜,"ue, e"
"ie 1, iwa 2, ii 3（家）",飛騨,"ue, e, ebe"
"ie 1, iwa 2, ii 3（家）",愛知,ue
"ie 1, iwa 2, ii 3（家）",青森,"e, ee"
"ie 1, iwa 2, ii 3（家）",岩手,"e, ei, ee"
"ie 1, iwa 2, ii 3（家）",福島,"e, zyee, zee"
"ie 1, iwa 2, ii 3（家）",栃木,"e, ee"
"ie 1, iwa 2, ii 3（家）",千葉,"e, ee"
"ie 1, iwa 2, ii 3（家）",淡路,"e, ee"
"ie 1, iwa 2, ii 3（家）",播磨,"e, ee"
"ie 1, iwa 2, ii 3（家）",NHK（鳥取）,e
"ie 1, iwa 2, ii 3（家）",島根,"e, ewe, ee, ebe"
"ie 1, iwa 2, ii 3（家）",広島県,e
"ie 1, iwa 2, ii 3（家）",佐賀,e
"ie 1, iwa 2, ii 3（家）",柳川,e
"ie 1, iwa 2, ii 3（家）",島原,e
"ie 1, iwa 2, ii 3（家）",仙台,ei
"ie 1, iwa 2, ii 3（家）",秋田,"eihe, eQko"
"ie 1, iwa 2, ii 3（家）",石川,ewe
"ie 1, iwa 2, ii 3（家）",NHK（滋賀）,ee
"ie 1, iwa 2, ii 3（家）",和歌山県,ee
"ie 1, iwa 2, ii 3（家）",紀州,ee
"ie 1, iwa 2, ii 3（家）",津軽,eQko
"ie 1, iwa 2, ii 3（家）",NHK（福島）,zyee
"ie 1, iwa 2, ii 3（家）",山形,yue
"ie 1, iwa 2, ii 3（家）",八丈島末吉,ie
"ie 1, iwa 2, ii 3（家）",八丈島三根,e
"ie 1, iwa 2, ii 3（家）",福井県大野市上打波,ie
"ie 1, iwa 2, ii 3（家）",甑島里,e
"ie 1, iwa 2, ii 3（家）",奈良田,yee
iya（否）,福井大飯,iiya
iya（否）,壱岐,"in.ye, innya"
iya（否）,静岡,"in.e, ingya, inni, innya, inne"
iya（否）,東京,"innya, innyaa, inwe, unnya, ya, yaa"
iya（否）,山梨奈良田,innya
iya（否）,岐阜,"innya, unniya, inne"
iya（否）,飛騨,inne
iya（否）,秋田,unnya
iya（否）,青森,"unnya, nnya"
iya（否）,愛知,unne
iya（否）,紀州,eie
iya（否）,信州上田,"ennya, enne"
iya（否）,埼玉,yaa
iya（否）,千葉,yaa
iya（否）,津軽,nnya
iya（否）,秋田鹿角,nnya
iyagaru（嫌）,千葉,yagaru
iyagaru（嫌）,島根,yagaru
iyagaru（嫌）,山梨,yaagaru
iyarasii（嫌）,和歌山,"kyarasi, kiyarasi"
iyarasii（嫌）,飛騨,"giyarasii, yaarasii, yarasii"
iyarasii（嫌）,岐阜,yaarasii
iyarasii（嫌）,南知多,yaarasii
iyarasii（嫌）,信州,yarasi
iyarasii（嫌）,島根,"yarasi, yarasii"
iyarasii（嫌）,愛知,yarasii
iyarasii（嫌）,伊賀,yarasii
iyarasii（嫌）,鳥取,yarasii
iyarasii（嫌）,岡山,yarasii
iyarasii（嫌）,徳島,yarasii
iyarasii（嫌）,対馬,yarasii
iyarasii（嫌）,富山礦波,yaraQsii
iyasii（賤）,秋田,"eyasi, yasi"
iyasii（賤）,島根,"yaasi, yaasii"
iyasii（賤）,津軽,yasi
iyasii（賤）,山形,yasi
iyasii（賤）,青森,yasii
iyasii（賤）,八丈,yasii
iyasii（賤）,神戸,yasinbo
iyasii（賤）,岩手,yuyasi
iyasii（賤）,大和浜,"yaQsyari, yaQsyamun"
iyasii（賤）,今帰仁,"iyaasen A, yaasen B"
iyasii（賤）,宮古,yaaïyaaï
iyasii（賤）,石垣,iyaQsaan
iyasii（賤）,与那国,daasa-
iyasii（賤）,沖永良部国頭,"yaasya, yaasan, yaasyan"
isaka-*（少）,喜界,isaa- B
isaka-*（少）,伊良部,sa'aham
isaka-*（少）,石垣,sigasaan
isaka-*（少）,小浜,"isyakahaan, isyakahan"
isaka-*（少）,鳩間,"isïkaan, isikaan"
isaka-*（少）,黒島,isikaha
isaka-*（少）,竹富,isyaasǝn
isaka-*（少）,波照間,isyagahan
isaka-*（少）,与那国祖納,sagan C
isaka-*（少）,西表祖納,"isikai, iisika"
isaka-*（少）,八重山新城,"ihyaQsaan, hyaaQsan"
isaka-*（少）,船浮,isikaru
isaka-*（少）,西表古見,"isyagahan, isyakahaa"
iru（坐）,八丈,irowa（坐）
iru（坐）,奈良田,ilu
iru（坐）,志戸桶,"yiyui, yiiyui"
iru（坐）,阿伝,yiui
iru（坐）,佐仁,yiryun
iru（坐）,名瀬,yiryun
iru（坐）,伊仙,yiryun
iru（坐）,大和浜,"yiruri, yicuri"
iru（坐）,湯湾,"yun, in"
iru（坐）,古仁屋,yiryum
iru（坐）,諸鈍,yiryum
iru（坐）,与路,yiryum
iru（坐）,井之川,yiri
iru（坐）,浅間,yicyui
iru（坐）,亀津,ɪrɪ
iru（坐）,山,iyun
iru（坐）,手々知名,yuumu
iru（坐）,瀬利覚,yun
iru（坐）,伊江島,yun
iru（坐）,麦屋東区,"byun, biQcyun"
iru（坐）,麦屋,byun
iru（坐）,立長,byun
iru（坐）,茶花,byun
iru（坐）,伊平屋,yin
iru（坐）,伊是名,yuun
iru（坐）,奥,biin
iru（坐）,辺土名,biin
iru（坐）,辺野喜,biin
iru（坐）,済井出,"in, yin"
iru（坐）,今帰仁,"yun A, yiQcui, yiQcun"
iru（坐）,名護,yiin
iru（坐）,崎本部,yiin
iru（坐）,石川,yiin
iru（坐）,那覇,yiin
iru（坐）,島尻郡,yiin
iru（坐）,具志堅,yun
iru（坐）,首里,"yiyun (yir-) A, yicoon"
iru（坐）,久高,giin
iru（坐）,池間,bii
iru（坐）,西原,bii
iru（坐）,平良,"bï, bïï"
iru（坐）,大浦,bïï
iru（坐）,上地,bïï
iru（坐）,友利,bïï
iru（坐）,栗間,bïï
iru（坐）,佐和田,bïï
iru（坐）,大神,pïï
iru（坐）,佐良浜,"vii, wii"
iru（坐）,長浜,bï
iru（坐）,伊良部,bïiï
iru（坐）,仲筋,"biil, bïïr A"
iru（坐）,石垣,"bïrun, bïrin"
iru（坐）,大浜,birun
iru（坐）,小浜,birun
iru（坐）,鳩間,birun
iru（坐）,西表祖納,"birun, biru"
iru（坐）,川平,biirun
iru（坐）,竹富,biirun
iru（坐）,黒島,"biru, birun"
iru（坐）,波照間,"bïrun, birun"
iru（坐）,新城,bïzun
iru（坐）,与那国,"bun (bi-), nturun"
iru（坐）,船浮,biru
iru（坐）,沖永良部国頭,yiiyun
iru（坐）,伊平屋田名,iin A
iru（坐）,水納,bii
iru（坐）,田皆,yin
iru（坐）,渡久地,in
iru（坐）,与那覇,bïï
iru（坐）,西表古見,"bizi, bizun"
ise-*（坐）,大和浜,"isi, isiruri"
ise-*（坐）,伊江島,yisiyun
ise-*（坐）,今帰仁,yisiirun
ise-*（坐）,首里,yisiyun (yisir-) A
ise-*（坐）,石垣,"bisirun, bisin"
ise-*（坐）,水納,"bisi, biisïmi (*wi-sime-)"
ise-*（坐）,波照間,bisirun
ise-*（坐）,麦屋東区,bisyun
ise-*（坐）,与那覇,bisi
ise-*（坐）,田皆,yisin
ise-*（坐）,西表祖納,bisiru
izaru（膝行）,与那覇,bizaï（腿不能行走）
izari（膝行）,鳥取,"izai, izaru"
izari（膝行）,福島,izyari
izari（膝行）,埼玉,izyari
izari（膝行）,島根,idari
izari（膝行）,NHK（広島）,idari
izari（膝行）,佐賀,ezai
izari（膝行）,飛騨,ezari
izari（膝行）,鹿児島,yezari
izari（膝行）,岩手,ezaru
izari（膝行）,津軽,ezyari
izari（膝行）,山形,ezyari
izari（膝行）,福島,ezyari
izari（膝行）,秋田,ezyari
izari（膝行）,肝属内之浦,yozui
izari（耒底）,伊平屋田名,iizyei B?
izari（耒底）,沖永良部国頭,yiizai
izari（耒底）,阿伝,yidai
izari（耒底）,上嘉鉄,yudari
izari（耒底）,田皆,"izai, yiizai"
izari（耒底）,渡久地,izyai
