hb,word,kz,wd_cl,ky,ac,ac_c,mn,uc,da,pr,pjr,pf,if,sf,if_o,rd_o,cp,wd_f,wd_f_2,alt,wd_cg,class2,class5,class6,pij,yyj,kfj,skj,woj,woj_2,aoj,izj,ksj,emj,lmj,mdj,hkz,mkz,lg_c,ai,ko,st,as,kt,ie,te,ol
a,a,,感叹,,1.3b; 去,1.3b,声：吃惊、感动、打招呼、回应、失望、对对方的话感到安心、把突然想到的事情说出口。,,,,,,,,,,,a,,,,2,1,0,,,,,,,,,,a 阿 (噫),,,,ア,日,,,,,,,,
a,a（彼）,彼,代,,1.2; 江户 F (= HL),1.2,那（远指）。,3 | 左様.a.o | *a,,北 *a,*a,,,,,,,彼.a,,,,2,1,0,,,,,,,,,,a,,,,ア,日|北琉,,,,,,,,
a,a（畔）,畔 畦,名,,镰仓 LL,,田间土堤、田界、田埂。,,a,,,,,,,,,畔.a,,,地形,2,1,0,,,,,a 阿,,,,,,,,,ア,日,,,,,,,,
a,a（吾）,吾 我,代,,"镰仓 a LL, a=ga LH",,"我。（上代时 a 无复数含义，与 are 的主要区别在于属格 -ga 只接在 a 后，与格 -ni 只接在 are 后。EOJ, 中古可用作第二人称反身代词，中古时已不用于第一人称；琉球语中，此短式接属格 *=ga；书面冲绳语中，带有 a- 的形式被用来表示对听者的尊重）",4 | 吾.a.n | *a | 3 M(B),,*a,*a,,,,,,,吾.a,,,,4,1,2,新羅 阿,,,,a 安 阿 (吾),,上野 常陸 不明 a 阿 安,,,,,,,ア,日|琉,,,吾 OC *ŋˤa；我 OC *ŋˤajʔ,第一人称单数主格：PAN *aku,,,,
a,a（足）,足,名,,,,下肢、脚（用于构成复合词，EOJ 中可独用）。,,,,,,,,,,,足.a,,,器官,3,1,0,,,,,3 a- 安 阿,,3 下総 a,,,,,,,ア,日,,,,,,,,
aa,aa（彼）,彼,副,,2.1; x - [0/1]-[0]-A,2.1,像那样（远指）。,,,,,,,,,,,彼.a,,,,2,1,0,,,,,,,,,,,,aa,,アア,日,,,,,,,,
aa,aa（嗚呼）,嗚呼 唖唖,感叹,,"[1]-[1]-A x-A-x. 镰仓 LH, LL. 室町, 江户 HL",,声：因胜利骄傲自满、嘲笑、吃惊、悲伤、喜悦、疑问、打招呼、同意。,,a+a,,,,,,,,a+a,a,,,,3,1,0,,,,,(嗟乎),,,,,aa,,,,アア,日,,,,,,,,
aaa,aaa,,感叹,,,,声：哈欠、叹气、惊讶。,,a+a+a,,,,,,,,a+a+a,a,,,,2,1,0,,,,,,,,,,,,aaa,,アアア,日,,,,,,,,
aaaa,aaaa,,感叹,,,,声：非常失望、赞同。,,a+a+a+a,,,,,,,,a+a+a+a,a,,,,2,1,0,,,,,,,,,,,,aaaa,,アアアア,日,,,,,,,,
aae,aae,,感叹,,,,声：不同意（= iee）。,6 | いいえ.a.o | *aae,a+a+e,*a+a+e,*a+a+e,,,,,,a+a+e,a|e,,,,1,1,0,,,,,,,,,,,,,,アアエ,出|琉,,,,,,,,
aan,aan,,感叹・副,,,,声：（江户时代）孩子或女性行礼；趾高气扬地向下级询问；撒娇；孩童大哭；态：大口张开的样子。,,a+a-n,,,,,*-n,,,a+a,a,,,,2,1,0,,,,,,,,,,,,aan,,アアン,日,,,,,,,,
ababa,ababa（唖）,唖,名,,,,（方言、南琉球八重山）哑。,7 | 唖.a.n | *ababa,,八重山 *ab(a)+aba,*ab(a)+aba,,,,,,哑+哑,哑.a,,,疾,1,1,0,,,,,,,,,,,,,,アババ,日|南琉八,,,,,,,,
abadare*,abadare*（裸）,裸,名,,,,（南琉球八重山）裸。,6330 | 裸.a.n | *abadar[e],,八重山 *aba+dare,,,,*-(i)-i,,,荒+垂,粗.p|垂.t,荒,,状态,0,1,0,,,,,,,,,,,,,,,南琉八,,,,,,,,
abakeru,abakeru,,自动,,,,（东日本）开玩笑、撒娇嬉戏、恶作剧、逗乐、胡闹。,,abake-,,,,,*-i-,,,,粗.a,荒,,,1,1,0,,,,,,,,,,,,,,アバケル,东日,,,,,,,,
abakeru,abakeru（褫）,褫,自动,,,,肿疮、灸痕等化脓溃烂。,,aba-ke-,,,,,*-ka-i-,,,,粗.a,荒,,,3,1,0,,,,,,,,,,,abake-,,アバク,アバケル,日,,,,,,,,
abaku,abaku（褫）,褫,自动,,B-A-x,,脱落、倒塌、崩溃、松懈。,,aba-k-,,,,,*-k-,,,,粗.a,荒,,,4,1,0,,,,,,,,,,afak- (阿波計),abak-,,アハク,アバク,日,,,,,,,,
abaku,abaku（発）,発 訐 摘 暴,他动,五段（四段）,B; B - B-A,B,揭发、拨开、暴露。,,aba-k-,,,,,*-k-,,,,粗.a,荒,,,5,1,0,,,,,(発堀),,,,,afak-,abak-,,アハク,アバク,日,,,,,,,,
abara,abara（荒）,荒 疎 肋,形动,,多空隙: 上上上 - [0]-[0]-x；肋骨: x - [0]-[0]-(A),,多空隙、破屋、无门屋、态度粗暴、肋骨（来自 abarabone 的缩略，也做 horo）。,,aba-ra,*aba-ra,*aba-ra,,,*-ra,,,,粗.a,荒,,抽象|器官,2,1,0,,,,,,,,,,abara 阿波良,,,,アバラ,日,,,,,,,,
abarabone,abarabone（肋骨）,肋骨,名,,[0]-[0]-x,,肋骨。,,aba-ra+bone,*aba-ra+bone,*aba-ra+N+pǝne,,,,,形=の+名,荒+骨,粗.a|骨.p,荒,,器官,2,1,0,,,,,,,,,,,abarabone,,,アバラボネ,日|琉,,,,,,,,
abareru,abareru（荒）,荒 暴,自动,下一段（下二段）,A; (x) - A-A-A | abare: [0]-x-x,A,荒废、施暴、胡闹、激烈地活动、闯荡。,5573 | 暴.a.v | *abare- || 7572 | 暴.a.n | *abare,abare- ?< ara-be- ?< ara-bi-,*abare-,*abara-i-,,,*-i-,,,,粗.a,荒,音节调换,,2,1,0,,,,,,,,,,abare-,,,,アバル,日|琉,,,,,,,,
abasu*,abasu*（河豚）,河豚,名,,x-x-x x-B-x,,（北琉球）河豚。,8 | 河豚.a.n | *abasi | nC,,北 *abas[u],,,,,,,,河豚.a,,,鱼,0,1,0,,,,,,,,,,,,,,,北琉,,,,,,,,
abasua*,abasua*（河豚）,河豚,名,,,,（琉球）河豚。,9 | 河豚屋.a.n | *abasi-ja | nC,,*abas[u]-a,,,,*-a,,,,河豚.a,,,鱼,0,1,0,,,,,,,,,,,,,,,琉,,,,,,,,
abata,abata（痘痕）,痘痕,名,,[0]-(0)/[0]-x,,天花痊愈后脸上留下的斑疹痕迹。,,,,,,,,,,,痘痕.a,,,疾,2,1,1,,,,,,,,,,,,abata,,アバタ,日,,,,,,遏部昙、阿部昙、阿浮陀、頞浮陀、安浮陀，疱、肿物：梵 arbuda；巴利 abbuda,,
abek-*,abek-*（喘）,喘,自动,,,,（南琉球宫古）喘气。,11 | 喘.a.v | *abik- || 6113 | 喘.a.n | *abik-i,,宮古 *ab[e]k-,,,,,,,,喘.a,,,,0,1,0,,,,,,,,,,,,,,,南琉宫,,,,,,,,
aberu,aberu（叫）,叫,自动,,x-x-x x-B-x,,（四国）痛苦地喊叫、（琉球）大声叫唤、大吼。,10 | 叫.a.v | *aber- | 非A,abe-r-,*abe-r-,*abe-r-,,,*-r-,,,,叫.a,,,,1,1,0,,,,,,,,,,,,,,アベル,央日|琉,,,,,,,,
abeyas-*,abeyas-*（叫）,叫,自动,,,,（北琉球冲绳）大声叫唤、大吼。,,,沖縄 *abe-ya-s-,,,,*-ya-s-,,,,叫.a,,,,0,1,0,,,,,,,,,,,,,,,北琉冲,,,,,,,,
abi,abi,,名,,,,（伊豆、八丈）覆盆子、草莓。,,,,,,,,,,,莓.a,,,草,2,1,0,,,,,,,,,,,,abi,,アビ,八,,,,,,,,
abo,abo（穴）,穴,名,,,,（九州）断崖、（琉球）洞穴等。,13 | 穴.a.n.2 | *abo | xA,,*abo,*ab[o] ?< *ana=nǝ+p[o]?,,,,,,穴=の+?,穴.a,,,地形,0,1,0,,,,,,,,,,,,,,,九|琉,,,,,,,,
abo*,abo*（母）,母,名,,,,（南琉球八重山）母亲。,14 | 母.a.n.2 | *abo,,八重山 *ab[o],,,,,,,,母.a.6,,,亲,0,1,1,,,,,,,,,,,,,,,南琉八,,,阿 吴音/汉音 a；母 汉音 bou,,,,,
aboa*,aboa*（母）,母,名,,,,（南琉球八重山）母亲。,,,八重山 *ab[o]-a,,,,*-a,,,,母.a.6,,,亲,0,1,1,,,,,,,,,,,,,,,南琉八,,,阿 吴音/汉音 a；母 汉音 bou,,,,,
abosi,abosi（畔）,畔 畦,名,,x-x-x x-B-x,,（九州、琉球）田梗、田界、堤。,30 | 畦.a.n | *abusi | oC,a+bosi,*a+b[o]si,*a+b[o]si,,,,,,畦+?,畔.a,畔,,地形,0,1,0,,,,,,,,,,,,,,,九|琉,,,,,,,,
abota*,abota*（母）,母,名,,,,（南琉球八重山与那国）母亲。,,,与那国 *ab[o]-ta,,,,*-ta,,,,母.a.6,,,亲,0,1,1,,,,,,,,,,,,,,,南琉八,,,阿 吴音/汉音 a；母 汉音 bou,,,,,
aboci*,aboti*（叔父）,叔父,名,,,,（南琉球八重山）叔父。,15 | 叔父.a.n | *abo[d][u],,八重山 *ab[o]+ti,,,,,,,?+父,父.t,,,亲,0,1,0,,,,,,,,,,,,,,,南琉八,,,,,,,,
abuk-*,abuk-*（湧）,,自动,,x-x-x x-B-x,,（北琉球冲绳）（饭等）喷出、沸腾涌出。,,,沖縄 *abuk- ?< *a(tu)+buk-,,,,,,形=に+动,熱+吹?,熱.a|吹.p,湧,,,0,1,0,,,,,,,,,,,,,,,北琉冲,,,,,,,,
abuk-*,abuk-*（蒸）,,自动,,x-x-x x-A-x,,（北琉球冲绳）闷热。,,,沖縄 *abuk- ?< *a(tu)+buk-,,,,,,形=に+动,熱+吹?,熱.a|吹.p,蒸,,,0,1,0,,,,,,,,,,,,,,,北琉冲,,,,,,,,
abuki,abuki,,名,,,,（八丈、九州）鲍鱼。,,,,,,,,,,,鮑.a,,,鱼,0,1,0,,,,,,,,,,,,,,,日,,,,,,,,
abumi,abumi（鐙）,鐙,名,,3.4; 平平平 - [0]-[0]-x. 江户 HHL,3.4,马镫。,16 | 鐙.a.n | *abumi | 4C,a+bum-i,*a+bum-i,*a+N+pum(a)-i,,,*-i,,名=が+动,足+踏,足.a|踏.p,,,具,2,1,0,,,,,abumi1 安夫美,,,,,,,,,アブミ,日|琉,,,,,,,,
abunai,abunai（危）,危,形,イ（ク）,?A; x - B-B-A B-A-x,?A,危险的、令人不安的、不稳定的、行将就木的、难以实现的。,17 | 危.a.a | *abuna- | 1,abu-na-,北 *abu-na-,*abu-na- ?< *a(ya)+N+(ǝ)pǝ-na-,,,*-na-,,拟=に+形,怪+大?,怪.a|大.ǝ,危,,,3,1,0,,,,,,,,,,,abuna-,,アブナシ,アブナイ,日|北琉,,,,,,,,
abura,abura（油）,油 脂 膏,名,,3.5a/b; 平平上 - 0-2-B B-B-B. 江户 HLL,3.5a/b,油、脂、（方言中指某些动植物；琉球语中，「脑髓」用「頭（の）油」（*du(=no)+abura）表达）。,19 | 油.a.n | *abura | 5B || 5131 | 脳.z.n | *zui+abura,abur-a,*abur-a,*abur(a)-a,,,*-a,,,,熱.a|触.p,炙,,分泌物,2,1,0,,,,,abura 阿夫良 (膏),,,,,,,,,アブラ,日|琉,,,,,,,,
aburaage,aburaage（油揚）,油揚,名,,[0（油炸食品）/3（油炸豆腐片）]-[3]-x,,油炸食品（鱼、野菜等）、油炸豆腐片。,,abur-a+age,*abur-a+age,*abur(a)-a+aga-(i)-i,,,*-a+CP-(i)-i,,,炙+上,熱.a|触.p|上.a,炙,,肴,2,1,0,,,,,,,,,,,aburaage,,,アブラアゲ,日|琉,,,,,,,,
aburas-*（溢）,aburas-*（溢）,溢,他动,,,,（琉球）使溢出。,,,*abura-s-,,,,*-s-,,,,溢.a,,,,0,1,0,,,,,,,,,,,,,,,琉,,,,,,,,
aburas-*（炙）,aburas-*（炙）,炙,他动,,,,（南琉球宫古）使烤、使加热。,7496 | 炙.a.v.2 | *abur-as-,,宮古 *abura-s-,,,,*-s-,,,,熱.a|触.p,炙,,,0,1,0,,,,,,,,,,,,,,,南琉宫,,,,,,,,
"abureru 1, afureru 2","abureru 1, ahureru 2（溢）",溢,自动,下一段（下二段）,?A/B; A - B-A-A x-A-x | a{b/h}ure（名词）: [3]-[0]-x,?A/B,（多用 ahureru）溢出、充满、（多用 abureru）失业、一无所获、（方言：沉溺、卖剩下、失败、怠慢、浪费）。,,1 abu-re- | 2 ahu-re-,1 *abu-re-,*abu-ra-i-,,,*-ra-i-,,,,溢.a,,o/a 方言 k/{p} 交替 h / __ (VC)u > k,,4,1,0,,,,,(溢),,,,,1 abure- | 2 afure-,,,1 アブル | 2 アフル,1 アブレル | 2 アフレル,日|琉,,,,,,,,
aburu,aburu（炙）,炙 焙,他动,五段（四段）,B'; B' - B-A-B x-B-x. 江户 HLL,B',烤、加热、烘干。,18 | 炙.a.v | *abur- | 2 || 28 | 炙.a.n | *abur-i,abur-,*abur-,*abur- ?< *a(tu)+bur-,,,,,,熱+触?,熱.a|触.p,炙,,,2,1,0,,,,,,,,,,abur- (阿夫留),,,,アブル,日|琉,,,,,,,,
abusu,abusu（余）,余 溢,他动,五段（四段）,A-x-x,,剩下、留下、丢弃。,,abu-s-,,,,,*-s-,,,,溢.a,,,,2,1,0,,,,,abus- (安夫左),,,,,,,,,アブス,日,,,,,,,,
ada,ada（他）,他 異 仇,名,,2.2a; 上上 - [2]-[1]-A x-A-x. 1700 大阪 HL. 倭語類解 (?1700) anta,2.2a,敌（北琉球用此义）、仇、害、恨、其他、不同；（ada）（岡山県、広島県）外部、（広島県）外庭、（岡山県）外海、山麓、（岡山県吉備郡）光照好的土地、（岡山県真庭郡）山谷的下游、（兵庫県加古郡）有台子和地毯的房间中没有台子和地毯的部分、（静岡県、岡山県真庭郡、苫田郡）大厅。,31 | 仇.a.n | *ada | 2A,,北 *ada,*ata,,,,,,,他.a,,,人,4,1,0,,,,,ata 安多,,,,,,ada,,アタ,アダ,日|北琉,,,,,,,,
ada,ada（徒）,徒,形动,,2.2a; 上上 ?< 上平) - [2]-[1]-A x-A-x,2.2a,空虚的样子、徒劳的样子、粗略的样子、轻浮的样子、暂时的样子。,32 | 徒.a.n | *ada,,*ada,*ada,,,,,,,徒.a,,,,2,1,0,,,,,,,,,,ada,,,,アダ,日|琉,,,,,,,,
adaeru*,adaeru*（徒）,徒,自动,下一段（下二段）,,,开玩笑、恶作剧。,,ada-e-,,,,,*-pa-i-,,,,徒.a,,,,3,1,0,,,,,,,,,,adawe-,,,アダフ,アダエル*,日,,,,,,,,
adan,adan（阿檀）,阿檀 阿旦 栄蘭,名,,x-x-x x-B-x,,（琉球）露兜树、林投，在琉球、台湾等地自生（别名 eran）。,33 | 阿旦.a.n | *adani | nC,,*adani,,,,,,,,阿檀.a,,,木,2,1,0,,,,,,,,,,,,adan,,アダン,琉,,,,,,,,
adasii,adasii（他）,他 異,形,シイ（シク）,A - B-A/B-x,A,其他的、不同的。,,ada-si-,,,,,*-si-,,,,他.a,,,,5,1,0,,,,,(佗),,,,,atasi-,adasi-,,アタシ,アダシイ,日,,,,,,,,
adasii,adasii（徒）,徒 空,形,シイ（シク）,A; 上平平 - [2]-[0/2]-x,A,空的、徒劳的。,,ada-si-,,,,,*-si-,,,,徒.a,,,,3,1,0,,,,,,,,,,,adasi-,,アダシ,アダシイ,日,,,,,,,,
adate-*,adate-*（尋）,尋,他动,,x-x-x x-B-x,,（北琉球）寻求、探寻。,34 | 尋.a.v | *adate-,,北 *adate-,,,,*-i-,,,,尋.a,,,,0,1,0,,,,,,,,,,,,,,,北琉,,,,,,,,
adeku*,adeku*（蛸家）,蛸家,名,,,,（北琉球奄美与论）章鱼的家、秘密场所。,35 | 蛸の家.a.n | *adeku,,与論 *adeku,,,,,,,,蛸家.a,,,地形,0,1,0,,,,,,,,,,,,,,,北琉奄,,,,,,,,
adokenai,adokenai,,形,イ（ク）,B-B-A,,纯真的、天真无邪的、孩子气的、幼稚的。,,ado+ke-na-,,,,,*-na-,,,無邪気+気,無邪気.a|気.k,,,,2,1,0,,,,,,,,,,,,adokena-,,アドケナイ,日,,,,,,,,
adonai,adonai,,形,イ（ク）,B-B-A,,纯真的、天真无邪的、孩子气的、幼稚的。,,ado-na-,,,,,*-na-,,,,無邪気.a,,,,3,1,0,,,,,,,,,,,adona-,,アドナシ,アドナイ,日,,,,,,,,
aegu,aegu（喘）,喘,自动,五段（四段）,?A/B; A - B-A-B. 室町 HLL | aegi（名词）: A - [3]-[0]-x x-(B)-x,?A/B,喘气、拮据。,,aeg- ?< *apa+ik-,,,,,,,,喘+生,喘.a|生.i,,,,4,1,0,,,,,ape2k- (阿倍寸),,,,,,aegu,,アヘク,アエグ,日,,,,,,,,
aeru,aeru（淡）,,自动,下一段（下二段）,?A; x - x-x-x A-A-x,?A,食物无味或变味。,,ae-,北 *ape-,*apa-i-,,,*-i-,,,,淡.a,,,,3,1,0,,,,,,,,,,awe-,,,アフ,アエル,日|北琉,,,,,,,,
aeru,aeru（合）,合 和 韲 敢 饗,自动・他动,下一段（下二段）,B; (B) - B-B-B x-B-x,B,（自动）敢、勉强；（他动）混合、重合、调和、中和、设宴、请客。,224 | 和.a.v | *ape- || 223 | 和.a.n | *ape | 3,a-e-,*ap-e-,*ap-ai-,,,*-ai-,,,,合.a,,,,4,1,0,,,,,ape2- (阿閇),,下野 不明 ape1- (阿敝 -a弁),,,,,,アフ,アエル,日|琉,,,,,,,,
aeru,aeru（零）,零,自动,下一段（下二段）,A,A,（果实、花成熟）掉落、（汗、血、乳）流落。,74 | 零.a.v | *aje- | iA,ae-,*aye-,*aya-i-,,,*-i-,,,,零.a,,,,3,1,0,,,,,aye- (安由流),,,,,,,,アユ,アエル,日|琉,,,,,,,,
aeru,aeru（肖）,肖 似,自动,下一段（下二段）,B; B - B-B-x,B,相似、效仿。（与论语或为借词）,,ae-,与論 *aye-,*aya-i-,,,*-i-,,,,紋.a,肖,,,3,1,0,,,,,aye- (阿叡),,,,,,,,アユ,アエル,日|北琉奄,,,,,,,,
"aesirau 1, asirau 2","aesirau 1, asirau 2",,自动・他动,五段（四段）,?A/B; x - B-A-B x-A-x | aesirai（名词）: x - [0]-x-B. asirai: x - [3/0]-[0]-B,?A/B,（自动）配合、应对；（他动）招待、接待、配合。,,1 a-e+si-r+ap- | 2 a+si-r+aw-,,,,*-ra-,1 *-a(i)=i+CP,元音连续阻止,,合+為+合,合.a|為.s,,i/e,,4,1,0,,,,,,,,,,1 awesiraw-,2 asiraw-,,1 アヘシラフ | 2 アシラフ,1 アエシラウ | 2 アシラウ,日,,,,,,,,
agaku,agaku（足掻）,足掻,自动,五段（四段）,B; B - B-A-A x-B-x | agaki（名词）: x - [1/3]-[0]-A,B,刨地前进、挣扎、着急、（方言）焦虑、（琉球）努力工作。,,a+gak-,北 *a+gak-,*a+N+kak-,,,,,名=が+动,足+掻,足.a|掻.k,,,,3,1,0,,,,,agak- (足何久),,不明 agak- (安我伎),,,,,,,アガク,日|北琉,,,,,,,,
agameru,agameru（崇）,崇,他动,下一段（下二段）,?B; B - B-A-A x-B-x. 镰仓 agamuru LLLH. 江户 agamuru HHLL,?B,尊崇、宠爱。,45 | 崇.a.v | *agame-,aga-m-e-,*aga-m-e-,*aga-m-ai-,,,*-m-ai-,,,,上.a,,,,4,1,0,,,,,(重 寵),,,,,agame-,,,アガム,アガメル,日|琉,,,,,,,,
aganau,aganau（贖）,贖 購,他动,五段（四段）,?B; x - B-A-A x-(B)-x | aganai（名词）: x - [3/0]-[0]-A x-B-x,?B,购买、赎罪。,,aga-na-w-,,,,,*-na-p-,,,,商.a,購,,,4,1,0,,,,,,,,,,,akanaw-,aganaw-,アカナフ,アガナウ,日,,,,,,,,
agaras-*,agaras-*（上）,上,他动,,,,（琉球）提高。,5571 | 上.a.v.3 | *agar-as-,,*aga-ra-s-,,,,*-ra-s-,,,,上.a,,,,0,1,0,,,,,,,,,,,,,,,琉,,,,,,,,
agaroe*,agaroe*（東）,東,名,,x-x-x x-A-x,,（琉球）东。,52 | 東辺.a.n | *agaro pe,,*aga-r=o+pe,,,,*-r-,,,上+辺,上.a|辺.p,,,方,0,1,0,,,,,,,,,,,,,,,琉,,,,,,,,
agaru,agaru（上）,上 揚 挙 騰,自动・他动,五段（四段）,A; A - A-A-A x-A-x. 镰仓 HHH | agari（名词）: x - [0]-[0]-A x-A-x,A,（自动）上升、出现、完成、提升、上学；（他动，后起的）吃喝。做助动词时表示动作向上移动。（与 noboru（登）的不同在于，agaru 强调上升的结果，noboru 强调上升的过程）,46 | 上.a.v | *agar- | i || 47 | 上.a.n | *agar-i | 1A,aga-r-,*aga-r-,*aga-r-,,,*-r-,,,,上.a,,,,2,1,0,,,,,agar- (安我里 阿加良),,,,,,,,,アガル,日|琉,,,,,,,,
agata,agata（県）,県,名,,3.4; 平平平 - 1-2-x. 镰仓 LLL,3.4,县（行政组织）。,,,,,,,,,,,県.a,,,,3,1,0,,,,,(県),,,,,agata 阿賀多,,,,アガタ,日,,,,,,,,
agata*,agata*（遠）,遠,名,,,,（南琉球宫古）远处。,53 | 遠.a.n | *agata,,宮古 *a+gata,,,,,,名=の+名,彼+方,彼.a|方.k,,,,0,1,0,,,,,,,,,,,,,,,南琉宫,,,,,,,,
agau,agau（贖）,贖 購,他动,五段（四段）,B; B - B-A-x,B,购买、赎罪。,,aga-w-,,,,,*-p-,,,,商.a,購,,,4,1,0,,,,,akap- (安賀布 阿可布),,,,,,,agau,アカフ,アガウ,日,,,,,,,,
age,age（陸）,陸,名,,,,（西日本、琉球）陆地。（其他方言中还存在其他含义）,54 | 陸.a.n | *age | 2A,age,*age,*aga-(i)-i,,,*-(i)-i,,,,上.a,,,地形,2,1,0,,,,,,,,,,,,age,,アゲ,西日|琉,,,,,,,,
agemawas-*,agemawas-*（励）,励,他动,,,,（琉球）振作精神做、催促。,5572 | 励.a.v | *age+mapas-,,*age+ma-pa-s-,,,,*-(i)=i+CP-pa-s-,,,上+回,上.a|円.m,,,,0,1,0,,,,,,,,,,,,,,,琉,,,,,,,,
ageru,ageru（上）,上 揚 挙,他动,下一段（下二段）,"A; A - A-A-A x-A-x. 镰仓, 江户 aguru HHH | age（名词）: [0]-[0]-x",A,抬举、提高、提出、完成、送、呕吐。做助动词时表示动作向上移动。,56 | 上.a.v.2 | *age- | i || 55 | 上.a.n.2 | *age | A,age-,*age-,*aga-i-,,,*-i-,,,,上.a,,,,3,1,0,,,,,age2- (阿宜 安宜 阿義 安氣),,,,,,,,アグ,アゲル,日|琉,,,,,,,,
agetsurau,ageturau（論）,論,他动,五段（四段）,A; A - B-A-A | ageturai（名词）: [0]-[0]-x,A,议论、辩论、挑毛病。,,age+tura-w-,,,,,*-(i)=i+CP-p-,,,上+連,上.a|連.t,,,,4,1,0,,,,,(論),,,,,ageturaw-,,,アゲツラフ,アゲツラウ,日,,,,,,,,
agezabeyo*,agezabeyo*,,感叹・副,,x-x-x x-A/B-x,,（琉球）天啊！,,,"*a{k,g}e+{s,z}a+{m,b}[e]yo",,,,,,,,a,,b/m|清浊,,0,1,0,,,,,,,,,,,,,,,琉,,,,,,,,
agi,agi（腭）,腭 顎,名,,2.2a; 上平 - x-[1]-x x-A-x,2.2a,腭、下巴、腮（琉球用此义）。,58 | 上顎.a.n | *agi | 2A,,*agi,*agi,,,,,,,腭.a,,,器官,2,1,2,,,,,,,,,,agi 阿岐 安支,,,,アギ,日|琉,,"（贬义）口：NK、中国 아구리 (aguri)；SK 아가리 (agari), 가리 (gari)；嶺東（江原） 아갈통 (agaltong)；慶尙 아가빠리 (agappari), 아감지 (agamji), 아구 (agu), 아구빠리 (aguppari), 아구지 (aguji), 아구투이 (agutu'i), 아구팅이 (aguting'i), 악빠리 (akppari), 알 (al), 입아가리 (ibagari)；全羅 아가지 (agaji), 아갈채이 (agalchaei), 아겡이 (ageng'i), 아고지 (agoji), 아구딱 (aguttak), 아구지 (aguji), 아구창 (aguchang), 아구탱이 (agutaeng'i), 아구통 (agutong), 아굴채기 (agulchaegi), 아굴채이 (agulchaei), 아굴태기 (agultaegi), 아그딱 (ageuttak), 악발 (akbal), 입아가리 (ibagari)；忠淸 아가지 (agaji)；西北（平安） 아지가리 (ajigari), 악제기 (akjegi), 악젱이 (akjeng'i), 악퉁이 (aktung'i)；東北（咸鏡） 당내기 (dangnaegi), 덕뭉이 (deongmung'i), 덕슁이 (deokswing'i), 아우리 (auri), 악제기 (akjegi), 악지 (akji), 악쉬 (akswi) | （淘汰）口、（比喻）雄辩、鮟鱇：K 아귀 (akwuy) | 灶、灶孔：아궁이 (agung'i) | 鱼鳃：아가미 (agami)",,,,,洞：WMo. агуй (ᠠᠭᠤᠢ aɣui),
agi,agi（吾君）,吾君 我君,代,,,,你（对低地位男性的亲近称呼，因此 -gi 与原本表示尊敬的 kimi（君）可能不同源）。,,,,,,,,,,,吾君.a,,,,2,1,1,,,,,agi1 阿芸,,,,,,,,,アギ,日,,婴孩、儿童：MK 아〮기 (ákí)；K 아기 (agi),,,,,,
agito,agito（腭門）,腭門 顎 顋 鰓,名,,"3.1; 上上上 - [0]-[0]-A. 镰仓 HHH. 室町 HHH, HHL. 1700 大阪 LHL",3.1,腭、下巴、腮。（疑似 agitou 逆构词）,,agi+to,,,,,,,,腭+問,腭.a|問.t,,,器官,2,1,0,,,,,,,,,,agito 阿岐度,,,,アギト,日,,,,,,,,
agitou,agitou,,自动,五段（四段）,A; A - B-A-x. 镰仓 HHHH,A,（小孩）口一张一合说话、（鱼）在水面一张一合呼吸。,,agi+to-w-,,,,,*-p-,,,腭+問,腭.a|問.t,,,,3,1,0,,,,,agi1to2p- (阿芸登比 言 傾浮),,,,,,,,アギトフ,アギトウ,日,,,,,,,,
ago,ago（顎）,顎 腭 頤,名,,2.2b; x - [2]-[2]-A A-x-x,2.2b,腭、下巴、腮。,60 | 顎.a.n | *ago | xB,ago,*ago,*ago,,,,,,,腭.a,,,器官,2,1,0,,,,,,,,,,,ago,,,アゴ,日|琉,,,,,,,,
ago*,ago*（友）,友,名,,,,（琉球）朋友、同年级同学、幼时朋友。,61 | 友.a.n | *ago | nC,A：*a+go「吾伍」の説ある。／B：「吾子」と関係があるかもしれない,*agu,,,,,,,,友.a,,,人,0,1,1,,,,,,,,,,,,,,,琉,,,伍 吴音/汉音 go,,,,,
"agoe 1, ago 2","agoe 1, ago 2（距）",距,名,,3.4; 平平平,3.4,鸟类的爪、蹼。,,a+go+e?,,,,,,,名=が+动,足+越+肢,足.a|越.k|支.y,,音节缩减,器官,3,1,0,,,,,1 ago1e1 安後延 (距),,,,,,2 ago,,,1 アゴエ | 2 アゴ,日,,,,,,,,
agomu,agomu,,他动,五段（四段）,,,跨越。,,a+go-m-,,,,,*-m-,,名=が+动,足+越,足.a|越.k,,,,2,1,0,,,,,,,,,,,,agom-,,アゴム,日,,,,,,,,
"agora 1, agura 2","agora 1, agura 2（胡床）",胡床 胡坐,名,,3.5a; 平平上 - [0]-[0]/(0)-A x-(B)-x,3.5a,古代贵族坐的高床、凳子、两腿交叉坐；把木材搭在一起，作为通往高处的跳板。,,1 a+gora | 2 a+gura,,,,,,,名=の+名,足+座,足.a|座.k,,u/o,具,2,1,0,,,,,1 ago1ra 阿娯羅 | 2 agura 阿具良,,,,,,,,,1 アゴラ | 2 アグラ,日,,,,,,,,
agumasi-*,agumasi-*（倦）,倦,形,,,,（琉球）感到不舒服的、麻烦的。,63 | 倦.a.a | *agum-asi-,,*aguma-si- ?< *ag=u-ma-si-,,,,*-si-,,,,飽.a,倦,,,0,1,0,,,,,,,,,,,,,,,琉,,,,,,,,
agumu,agumu（倦）,倦,自动,五段（四段）,B-A-x,,因为难以完成某事而感到困扰或厌烦。,62 | 倦.a.v | *agum-,agum-,沖縄 *agum-,*agum- ?< *ag=u-m-,,,,,,,飽.a,倦,,,2,1,0,,,,,,,,,,,agum-,,,アグム,日,,,,,,,,
"aguri 1, anguri 2","aguri 1, anguri 2",,副,,,,态：（因惊讶等不禁）张大嘴的样子。,,1 agu-ri | 2 angu-ri,,,,,*-ri,,,,腭.a,,辅音延长,,2,1,0,,,,,,,,,,,,1 aguri | 2 anguri,,1 アグリ | 2 アングリ,日,,,,,,,,
"ahaaha 1, ahaha 2, aQhaQha 3","ahaaha 1, ahaha 2, aQhaQha 3",,感叹,,2 [3]-x-x | 3 [5]-x-x,,声：开口大笑。,,1 aha+aha | 2 ah(a)+aha | 3 aQh(a)+aQha,,,,,,,,aha+aha,aha,,辅音延长|音节缩减,,2,1,0,,,,,,,,,,,,1 ahaaha | 2ahaha | 3 aQhaQha,,1 アハアハ | 2 アハハ | 3 アッハッハ,日,,,,,,,,
ahi,ahi,,名,,,,（九州）母亲。,,,,,,,,,,,母.a.4,,,亲,2,1,0,,,,,,,,,,,,長崎 ahii,,アヒイ,九,,,,,,,,
ahi,ahi（家鴨）,家鴨,名,,,,（方言、南琉球八重山与那国）鸭。（疑似对应日语 ahiru 的音节缩减形式）,,,与那国 *api,*api,,,,,,,家鴨.a,,,鸟,0,1,0,,,,,,,,,,,,,,,日|南琉八,,,,,,,,
ahi*,ahi*（兄）,兄,名,,x-x-x x-B-x,,（北琉球冲绳）哥哥、年轻人。,,,沖縄 *ap[i],,,,,,,,兄.a.2,,,亲,0,1,0,,,,,,,,,,,,,,,北琉冲,,,,,,,,
ahia*,ahia*（母体）,母体,名,,,,（琉球）母体（不用于表示人）、母猪。,239 | 母体.a.n | *apjaa,,*api-a,,,,*-a,,,,母.a.4,母体,,材,0,1,0,,,,,,,,,,,,,,,琉,,,,,,,,
ahiaia*,ahiaia*（母体豚）,母体豚,名,,,,（北琉球冲绳）母猪、（南琉球）繁殖用母猪。,240 | 母体豚.a.n | *apjaa+uwa(a) ,,*api-a+wi-a,,,,*-a,,,母体+猪,母.a.4|猪.w,母体,,材,0,1,0,,,,,,,,,,,,,,,琉,,,,,,,,
ahiroa*,ahiroa*（家鴨）,家鴨,名,,,,（琉球）鸭。,237 | 家鴨屋.a.n | *apiru-ja | xC,,*apir[o]-a,,,,*-a,,,,家鴨.a,,,鸟,0,1,0,,,,,,,,,,,,,,,琉,,,,,,,,
ahiru,ahiru（家鴨）,家鴨 鶩,名,,?3.4; x - [0]-[0]-B x-B-x,?3.4,鸭。,236 | 家鴨.a.n | *apiru | xC,,北 *apir[o],*apir[o],,,,,,,家鴨.a,,,鸟,2,1,0,,,,,,,,,,,afiru,,,アヒル,日|北琉,,,,,,,,
"ahou 1, aho 2","ahou 1, aho 2（阿呆）",阿呆 阿房,名,,[1/2]-(2)-x,,傻瓜、笨蛋。（多用于关西，关东多用 baka。词源不明，似为汉语）,,,,,,,,,,,阿呆.a,,元音缩减,詈语,4,1,2,,,,,,,,,,,1 afau,2 aho,1 アハウ,1 アホウ | 2 アホ,日,,傻瓜：K 바보 (papo),"阿 吴音/汉音 a；保 吴音/汉音 po, pou；房 汉音 paũ",,,,,
"afudokobu 1, afudokomiru* 2, afuzukumu 3, afudofumu 4, amudokobiru* 5, adokobu 6, atsudokobiru* 7","ahudokobu 1, ahudokomiru* 2, ahuzukumu 3, ahudohumu 4, amudokobiru* 5, adokobu 6, atudokobiru* 7（跨）",跨 距,自动,1 3 5 五段（四段） | 2 4 6 上一段（上二段）,A,A,跨越。,,1 ahudo+ko-b- | 2 ahudo+ko-mi- | 3 ahuzu+ku-m- | 4 ahudo+hu-m- | 5 amudo+ko-bi- | 6 ado+ko-b- | 7 atudo+ko-bi-,,,,,1 6 *-b- | 2 *-m[o]-i- | 3 4 *-m- | 5 7 *-b[o]-i-,,,踵+越,足.a|越.k,踵,u/o|k/p,,5,1,0,,,,,(跨),,,,,1 afudokob- | 2 afudokomi- (阿不止己牟) | 3 afudukum- | 4 afudofum- | 5 amudokobi- | 6 adokob-,7 atudokobi-,,2 アフドコム | 5 アムドコブ | 7 アツドコブ,1 アフドコブ | 2 アフドコミル* | 3 アフズクム | 4 アフドフム | 5 アムドコビル* | 6 アドコブ | 7 アツドコビル*,日,,,,,,,,
afuraseru,ahuraseru（溢）,溢,他动,下一段（下二段）,?A/B; B -x-x,?A/B,使洋溢。,,ahu-ra-s-e-,,,,,*-ra-sa-i-,,,,溢.a,,,,3,1,0,,,,,,,,,,,,ahurase-,アフラス,アフラセル,日,,,,,,,,
ai,ai（藍）,藍,名,,2.5; x - [1]-(2)-B B-B-B,2.5,蓼蓝、靛蓝、蓝（方言中也指叫「藍子（aigo）」的鱼）。,370 | 藍.a.n | *awi | 5B || 369 | 藍子.a.n | *a(w)i | oX || 6811 | アイゴ.a.n.2 | *awi+iwo,ai,*awi,*aw[o]-i,,,*-i,,,,青.a,,,色|草|鱼,3,1,0,,,,,,,,,,awi (阿井),,,アヰ,アイ,日|琉,,,,,,,,
aia*,aia*（喧嘩）,喧嘩,名,,,,（琉球）格斗、战斗、打架、争论。,231 | 喧嘩遊.a.n | *api+ja,,*ap-i-a,,,,*-i-a,,,,合.a,喧嘩,,行为,0,1,0,,,,,,,,,,,,,,,琉,,,,,,,,
aida,aida（間）,間,名,,3.2b; 上上平 - [0]-[0]-A B-A/B-x. L[L/H]H. 镰仓 HHL. 江户 HHL,3.2b,空间、中间、期间、间隙、关系、原因。（同义词 aima?< 合-間））,235 | 間.a.n | *apida | xX,a-i-da,北 *ap-i-da,*ap-i-da,,,*-i-da,,,,合.a,,,抽象,4,1,0,,,,,api1da 安比太 阿比陁 (間),,常陸 api1da 安比太,,,,,,アヒダ,アイダ,日|北琉,,,,,,,,
aidamu,aidamu（間）,間,自动,五段（四段）,?A,?A,休息。,,a-i-da-m-,,,,,*-i-da-m-,,,,合.a,,,,3,1,0,,,,,,,,,,awidam-,,,アヒダム,アイダム,日,,,,,,,,
aidare-*,aidare-*（喧嘩）,喧嘩,自动,,,,（南琉球八重山）争斗、打架。,,,八重山 *ap=i-dare-,,,,*-i-,,,合+垂,合.a|垂.t,喧嘩,,,0,1,0,,,,,,,,,,,,,,,南琉八,,,,,,,,
ain-*,ain-*,,自动,,,,（北琉球冲绳）嫉妒。,,,沖縄 *[a](C)[i]n-,,,,,,,,嫉.a,,,,0,1,0,,,,,,,,,,,,,,,北琉冲,,,,,,,,
"ainbe 1, ainame 2","ainbe 1, ainame 2（相嘗）",相嘗,名,,,,相尝祭（古代在新尝祭之前，阴历十一月第一个卯日举行的神道祭祀）。,,1 a-i=n(o)+(a)be | 2 a-i=n(o)+ame,,,,,*-i+CP-(i)-i,,,合=の+合,合.a,,音节缩减,节日,4,1,0,,,,,(相甞),,,,,1 awinbe,2 ainame,,,1 アインベ | 2 アイナメ,日,,,,,,,,
aiw-*,aiw-*（言）,言,他动,,,,（南琉球）说。,64 | 言.a.v | *a-ip-,,南 *a+ip- ?< *a=(i)+ip-,,,,,,,相+言?,合.a|言.i,,,,0,1,0,,,,,,,,,,,,,,,南琉,,,,,,,,
aizu,aizu（会津）,会津,名,,[0]-[0]-x,,福岛县西部地区名。（据称地名来自《古事记》中大毘古命与其子建沼河別命相会处）,,a-i+zu,,,,,*-i,,名=の+名,合+津,合.a|津.t,,,地名,4,1,0,,,,,(相津),,陸奥 api1du 安比豆,,,,,,アヒヅ,アイヅ,日,,,,,,,,
aka,aka（赤）,赤 紅 朱 緋,名,,?2.5 ?< 2.1; x - [1]-(0/2)-A A-A-A,?2.5,红色、（前缀）全、表示强调。,78 | 赤.a.n | *aka | xA || 81 | 強調.a.o | *aka-,,*aka,*aka,,,,,,,明.a,赤,,色,3,1,1,,,,,aka 安可,,武蔵 不明 aka 阿加 安加 安可,,,,,,,アカ,日|琉,,,赤 OC *[t-qʰ](r)Ak,,,,,
aka,aka（淦）,淦 浛 垢,名,,2.3; 上平/平平 - [2]-[1]-B x-B-x,2.3,污垢、水垢。,77 | 垢.a.n | *aka | 3B,,*aka,*aka,,,,,,,垢.a,,,,3,1,0,,,,,,,下総 aka 阿加,,,,aka,,,アカ,日|琉,,,,,,,,
aka*,aka*（髪）,髪,名,,,,（南琉球）头、头发。,79 | 髪.a.n | *aka | nC,,南 *aka,,,,,,,,髪.a,,,,0,1,0,,,,,,,,,,,,,,,南琉,,,,,,,,
akaari,akaari（赤蟻）,赤蟻,名,,[0]-(2)-x,,红蚁、（南琉球宫古）蚂蚁。,,aka+ari,宮古 *aka+ari,*aka+ari,,,,,,赤+蟻,明.a|蟻.a,,,节肢,2,1,0,,,,,,,,,,,,akaari,,アカアリ,日|南琉宫,,,,,,,,
akagam-*,akagam-*（明）,明,自动,,,,（南琉球宫古）变明亮。,7337 | 明.a.v.8 | *aka-gam-,,宮古 *aka-ga-m-,,,,*-ga-m-,,,,明.a,,,,0,1,0,,,,,,,,,,,,,,,南琉宫,,,,,,,,
akagane,akagane（銅）,銅,名,,4.1 (= 2.1|2.1); 上上(|)上上 - [0]-[0]-A x-A-x,4.1,铜。,85 | 赤金.a.n | *aka+kane | oA,aka+gane,*aka+gane,*aka+N+kanay,,,,,形=の+名,赤+金,明.a|金.k,赤,,金属,3,1,0,,,,,(銅),,,,,akagane 阿加々禰,,,,アカガネ,日|琉,,,,,,,,
akagar-*,akagar-*（明）,明,自动,,,,（琉球）变明亮。,5632 | 明.a.v.5 | *aka-gar-,,*aka-ga-r-,,,,*-ga-r-,,,,明.a,,,,0,1,0,,,,,,,,,,,,,,,琉,,,,,,,,
akagaras-*,akagaras-*（明）,明,自动,,,,（琉球）使变明亮。,5633 | 明.a.v.6 | *aka-gar-as-,,*aka-ga-ra-s-,,,,*-ga-ra-s-,,,,明.a,,,,0,1,0,,,,,,,,,,,,,,,琉,,,,,,,,
akagari*,akagari*（明）,明,名,,,,（琉球）光亮、灯光。（*akagar- 的名词形）,98 | 明.a.n.4 | *aka-gar-i,,*aka-ga-r-i,,,,*-ga-r-i,,,,明.a,,,抽象,0,1,0,,,,,,,,,,,,,,,琉,,,,,,,,
"akago 1, akaga* 2","akago 1, akaga* 2（赤子）",赤子 赤児,名,,1 [0]-(2)-x 2 x-x-x x-x-B,,刚出生的婴儿、一种蚯蚓（方言中指雏鸟、某种小虫、鱼、小蟹、植物等）。,87 | 赤子.a.n | *aka+kuCa | xA,1 aka+go,2 *aka+ga,*aka+N+ko,,,,,形=の+名,赤+子,明.a|小.k,赤,a/o,人,2,1,0,,,,,,,,,,1 akago,,,,1 アカゴ,日|琉,,,,,,,,
akagura,akagura（明暗）,明暗,名,,,,（出云）黄昏。,,aka+gura,,,,,,,形=に+形,明+暗,明.a|暗.k,,,时,1,1,0,,,,,,,,,,,,,,アカグラ,出,,,,,,,,
akagura*,akagura*（赤子）,赤子,名,,x-x-x x-A-x,,（南琉球）婴儿。,,,南 *aka+gu-ra,,,,*-ra,,形=の+名,赤+子,明.a|小.k,赤,,人,0,1,0,,,,,,,,,,,,,,,琉,,,,,,,,
akaguragama*,akaguragama*（赤子）,赤子,名,,,,（南琉球八重山）婴儿。,,,八重山 *aka+gu-ra-gama,,,,*-ra-gama,,形=の+名,赤+子,明.a|小.k,赤,,人,0,1,0,,,,,,,,,,,,,,,南琉八,,,,,,,,
akafuku,akahuku（赤肺）,赤肺,名,,,,（方言）被狩猎的兽类（熊等）的肺。,,aka+huku,,,,,,,,赤+肺,明.a|肺.p,赤,,器官,0,1,0,,,,,,,,,,,,,,,日,,,,,,,,
akai,akai（赤）,赤 明,形,イ（ク）,A; A - A-B-A A-A-A; 镰仓 akaki HHF. 江户 akaki HHL,A,明亮的、红色的。,80 | 赤.a.a | *aka- | iA,aka-,*aka-,*aka-,,,,,,,明.a,赤,,,3,1,0,,,,,aka- (安可之),,,,,,,,アカシ,アカイ,日|琉,,,,,,,,
akaia*,akaia*（貝）,貝,名,,,,（南琉球八重山与那国）贝、双壳贝。,104 | 貝屋.a.n | *a-kapi-ja,,与那国 *a+kapi-a,,,,*-a,,,?+貝,貝.k,,,软体,0,1,0,,,,,,,,,,,,,,,南琉八,,,,,,,,
"akaimo 1, akaumo* 2","akaimo 1, akaumo* 2（赤芋）",赤芋,名,,1 [0]-(0)-x,,（長崎、大阪府一部、和歌山県一部、山口県大島、徳島県一部、琉球）番薯、（大和吉野郡、宮城県一部、山形県一部、福島県、長野県佐久、岐阜県揖斐郡、恵那郡、京都府、奈良県）马铃薯、（山口県玖珂郡、長崎県北松浦郡）芋头、（筑前、富山県砺波）唐芋。,97 | 芋.a.n | *aka+umu,1 aka+imo,2 *aka+umo,*aka+[i]mo,,,,,,赤+芋,明.a|芋.e,,u/i,草,2,1,0,,,,,,,,,,,,1 akaimo,,1 アカイモ,日|琉,,,,,,,,
akamame,akamame（赤豆）,赤豆,名,,[0]-x-x,,大豆的一个像红豆一样带有暗褐色的品种、（方言、琉球）小豆。,90 | 赤豆.a.n | *aka+mame | oX,aka+mame,*aka+mame,*aka+mamay,,,,,,赤+豆,明.a|豆.m,赤,,草,2,1,0,,,,,,,,,,akamame,,,,アカマメ,日|琉,,,,,,,,
akamataa*,akamataa*（赤楝蛇）,赤楝蛇,名,,,,（北琉球）赤栋蛇（= yamakagasi）,,,北 aka+mata-a*,,,,,,,赤+叉,明.a|叉.m,,,爬行,0,1,0,,,,,,,,,,,,,,,北琉,,,,,,,,
"akamatahabu* 1, akamatababu* 2","akamatahabu* 1, akamatababu* 2（赤楝蛇）",赤楝蛇,名,,,,（北琉球奄美）赤栋蛇（= yamakagasi）,,,1 喜界 *aka+mata+pabu | 2 奄美 *aka+mata+babu,,,,,,2 名=の+名,赤+叉+蛇,明.a|叉.m|蛇.p,,清浊,爬行,0,1,0,,,,,,,,,,,,,,,北琉奄,,,,,,,,
akamatahebia*,akamatahebia*（赤楝蛇）,赤楝蛇,名,,,,（北琉球冲绳）赤栋蛇（= yamakagasi）,,,沖縄 aka+mata+pebi-a*,,,,,,,赤+叉+蛇,明.a|叉.m|蛇.p,,,爬行,0,1,0,,,,,,,,,,,,,,,北琉冲,,,,,,,,
"akamazi* 1, amazi* 2","akamazi* 1, amazi* 2（髪）",髪,名,,,,（南琉球八重山）头发。,5733 | 髪.a.n.3 | *akama[d][u] || 164 | 髪.a.n.2 | *ama[d][u],,八重山 1 *akamadi ?< *a(ka)+kamadi | 2 *amadi ?< *a(ka)+(ka)madi,,,,,,,髪+䩉?,髪.a|䩉.k,,,器官,0,1,0,,,,,,,,,,,,,,,南琉八,,,,,,,,
akame*,akame*（子）,子,名,,,,（南琉球八重山与那国）小孩。,101 | 子.a.n | *akame,,与那国 *aka+me,,,,,,,赤+女?,明.a|女.m,赤,,人,0,1,0,,,,,,,,,,,,,,,南琉八,,,,,,,,
akameru,akameru（赤）,赤,他动,下一段（下二段）,A/B-A-x,,使（脸等、金属加热）变红、充血。,,aka-m-e-,,,,,*-m-ai-,,,,明.a,赤,,,3,1,0,,,,,,,,,,akame-,,,アカム,アカメル,日,,,,,,,,
akamete*,akameti*（子）,子,名,,,,（南琉球八重山与那国）小孩。,7230 | 子.a.n.2 | *akame-t[e],,与那国 *aka+me-ti,,,,*-ti,,,赤+女?,明.a|女.m,赤,,人,0,1,0,,,,,,,,,,,,,,,南琉八,,,,,,,,
akamu,akamu（赤）,赤,自动,五段（四段）,,,变红、带有红色。,100 | 赤.a.v | *aka-m- | A,aka-m-,*aka-m-,*aka-m-,,,*-m-,,,,明.a,赤,,,2,1,0,,,,,,,,,,akam-,,,,アカム,日|琉,,,,,,,,
akana,akana（赤菜）,赤菜,名,,[0]-x-x,,（日语）芜菁的栽培品种、（琉球）紫苏。,92 | 紫蘇.a.n | *aka+na,aka+na,*aka+na,*aka+na,,,,,,赤+菜,明.a|肴.n,赤,,,2,1,0,,,,,,,,,,,,akana,,アカナ,日|琉,,,,,,,,
akana*,akana*,,名,,,,（琉球）蔷薇笛鲷（= barahuedai）。,102 | 毒魚.a.n | *akana,,*aka+na,,,,,,,赤+魚?,明.a|肴.n,,,鱼,0,1,0,,,,,,,,,,,,,,,琉,,,,,,,,
akane,akane（茜）,茜,名,,[0]-[0]/(0)-x,,茜（根能制暗红色颜料）、茜色。,,aka+ne,,,,,,,,赤+根,明.a|根.n,赤,,草,2,1,0,,,,,,,,,,akane 阿加禰,,,,アカネ,日,,,,,,,,
akao*,akao*（赤秀）,赤秀,名,,,,（南琉球）一种榕树（アコウ）。,119 | 榕.a.n | *akaC[o],,南 *aka+po?,,,,,,,赤+秀?,明.a|秀.p,赤,,,0,1,0,,,,,,,,,,,,,,,南琉,,,,,,,,
akaogi*,akaogi*（赤秀）,赤秀木,名,,,,（南琉球）一种榕树（アコウ）。,,,南 *aka+po?+ge,,,,,,形=の+名,赤+秀?+木,明.a|秀.p|木.k,赤,,,0,1,0,,,,,,,,,,,,,,,南琉,,,,,,,,
akara,akara（赤）,赤,形动,,"?3.1, ?3.2x; 上上x - [0]-[0]-(A)","?3.1, ?3.2x",带有红色的美丽的样子。,,aka-ra,,,,,*-ra,,,,明.a,赤,,,2,1,0,,,,,akara 阿迦良,,,,,,,,,アカラ,日,,,,,,,,
akaraka,akaraka（赤）,赤 明,形动,,4.11; 平平xx,4.11,泛红、明显。,,aka-ra-ka,,,,,*-ra-ka,,,,明.a,赤,,,3,1,0,,,,,(嘩),,,,,akaraka,,,,アカラカ,日,,,,,,,,
akarameru,akarameru（赤）,赤,他动,下一段（下二段）,A/B-B-x,,使（脸等）变红。,,aka-ra-m-e-,,,,,*-ra-m-ai-,,,,明.a,赤,,,3,1,0,,,,,,,,,,,,akarame-,アカラム,アカラメル,日,,,,,,,,
akaramu,akaramu（赤）,赤 明,自动,五段（四段）,A/B-B-x | akarami（名词）: [0]-x-x,,发红、天亮。,,aka-ra-m-,,,,,*-ra-m-,,,,明.a,赤,,,3,1,0,,,,,(熟),,,,,akaram-,,,,アカラム,日,,,,,,,,
akaras-*,akaras-*（赤）,赤 明,他动,,,,（琉球）使变红、照亮。,106 | 明.a.v.4 | *aka-r-as-,,*aka-ra-s-,,,,*-ra-s-,,,,明.a,赤,,,0,1,0,,,,,,,,,,,,,,,琉,,,,,,,,
"akarasama 1, akarasima 2","akarasama 1, akarasima 2",,名,,"1 [0/3]-[0/3]-x. 镰仓, 江户 HHHHH",,突然、暂时、就差一点、一点也（不）。（比较：同音词 akarasama 意为「真实的样子、公开的样子」?< aka-ra+sama）,,1 a+kara+sama | 2 a+kara+sima,,,,,,,,a+柄+様,a|柄.k|様.s,,a/i,,4,1,0,,,,,(暴 急須),,,,,1 akarasama,2 akarasima,,,1 アカラサマ | 2 アカラシマ,日,,,,,,,,
akarasibu,akarasibiru*,,自动,上一段（上二段）?,,,感到痛切。,,a+kara-si-bi-,,,,,*-si-mpǝi-,,,a+柄,a|柄.k,,,,3,1,0,,,,,,,,,,akarasibi- (阿可良之比),,,アカラシブ,アカラシビル*,日,,,,,,,,
akarasii,akarasii,,形,シイ（シク）,A,A,感到痛切的。（由「就差一点（距离）」含义引申）,,a+kara-si-,,,,,*-si-,,,a+柄,a|柄.k,,,,3,1,0,,,,,,,,,,akarasi,,,アカラシ,アカラシイ,日,,,,,,,,
akareru,akareru（散）,散 別,自动,下一段（下二段）,B; x - B-x-x x-xB-x | akare（名词）: [3]-x-x,B,四散、（琉球）分离。,108 | 離.a.v | *akare- || 107 | 離.a.n | *akare,aka-re-,*aka-re-,*aka-ra-i-,,,*-ra-i-,,,,分.a,,,,3,1,0,,,,,,,,,,akare-,,,アカル,アカレル,日|琉,,,,,,,,
akari,akari（明）,明,名,,3.1; x - [0]-[0]-A,3.1,光线、灯火、亮处、光明、证据、事情或时期结束、（琉球也表示）纸拉门。,111 | 襖.a.n | *akari,aka-r-i,*aka-r-i,*aka-r-i,,,*-r-i,,,,明.a,,,,2,1,0,,,,,,,,,,akari,,,,アカリ,日|琉,,,,,,,,
akaru,akaru（赤）,赤 明,自动,五段（四段）,A-x-x | akari（名词）: 3.1; x - [0]-[0]-A,,变红、泛红、变清润、变亮、放晴、（方言）点燃。,105 | 明.a.v | *aka-r- | A || 110 | 明.a.n | *aka-r-i | 1A,aka-r-,*aka-r-,*aka-r-,,,*-r-,,,,明.a,赤,,色,2,1,0,,,,,akar- (安可流 阿加流),,,,,,,,,アカル,日|琉,,,,,,,,
akaru,akaru（開）,開,自动,五段（四段）,A-x-x,,开。,,aka-r-,,,,,*-r-,,,,明.a,開,,,2,1,0,,,,,,,,,,,,akar-,,アカル,日,,,,,,,,
akarui,akarui（明）,明,形,イ（ク）,A-B-A,,明亮的、艳丽的、开朗的、开明的、明确的、精通。,,aka-r=u-,*aka-r=u-,*aka-r=u-,,,*-r-,,,,明.a,,,,3,1,0,,,,,,,,,,,,akaru-,アカルシ,アカルイ,日|琉,,,,,,,,
akas-*,akas-*（離）,離,他动,,x-x-x x-B-x,,（琉球）拉开、使断奶。,113 | 離.a.v.2 | *akas-,,*aka-s-,,,,*-s-,,,,分.a,,,,0,1,0,,,,,,,,,,,,,,,琉,,,,,,,,
akasa*,akasa*（私生児）,私生児,名,,,,（南琉球宫古）私生子。,114 | 私生児.a.n | *akasa,,宮古 *akasa,,,,,,,,私生児.a,,,亲,0,1,0,,,,,,,,,,,,,,,南琉宫,,,,,,,,
"akasakura* 1, akasagura* 2","akasakura* 1, akasagura* 2（私生児）",私生児,名,,,,（南琉球宫古）私生子。,,,宮古 1 *akasa+ku-ra | 2 *akasa+gu-ra,,,,*-ra,,2 名=の+名,私生児+子,私生児.a,,清浊,亲,0,1,0,,,,,,,,,,,,,,,南琉宫,,,,,,,,
akasakurasa*,akasakurasa*（明暗）,明暗,名,,,,（北琉球冲绳）明与暗、（南琉球八重山）黄昏。,,,*aka-sa+kura-sa,,,,*-sa,,,明+暗,明.a|暗.k,,,时,0,1,0,,,,,,,,,,,,,,,琉,,,,,,,,
akaseru,akaseru（飽）,飽,自动・他动,下一段（下二段）,B-x-x,,（他动）使人满足、使人厌倦；（自动，后起的）任凭自然充分使用（类似汉语「V+饱+N」句型）。,,aka-se-,,,,,*-sa-i-,,,,飽.a,,,,3,1,0,,,,,,,,,,,akase-,,アカス,アカセル,日,,,,,,,,
akasu,akasu（飽）,飽,自动・他动,五段（四段）,?A/B; x - B-A-A,?A/B,（他动）使人满足、使人厌倦；（自动，后起的）任凭自然充分使用（类似汉语「V 饱 N」句型）。,,aka-s-,,,,,*-s-,,,,飽.a,,,,2,1,0,,,,,,,,,,,,akas-,,アカス,日,,,,,,,,
akasu,akasu（明）,明 灯 燈 証,他动,五段（四段）,A; x - A/B-A-A x-A-x | akasi（名词）: 3.1; x - [0]-[0]-A x-B-x,A,使变亮、点亮、通宵、证明、挑明、（方言）告知。（名词：光明、灯火、证据、（方言）火炬、薪柴）,112 | 明.a.v.2 | *akas- | A || 117 | 明.a.n.3 | *akas-i || 116 | 灯.a.n | *akas-i | oX,aka-s-,*aka-s-,*aka-s-,,,*-s-,,,,明.a,,,,2,1,0,,,,,akas- (安可之 阿可思 阿加斯),,,,,,,,,アカス,日|琉,,,,,,,,
"akatoki 1, akatsuki 2","akatoki 1, akatuki 2（暁）",暁,名,,4.1; 上上xx - [0]-[0]-A A-B-x. 镰仓 HHHH,4.1,过了半夜到曙光出现前尚黑暗的时期、近黎明。今义黎明。（中世起多用 akatuki，akatoki 渐消失。描述早晨的时间顺序为 akatuki > akebono > asake > asa）,118 | 暁.a.n | *akatoki | oC,1 aka+toki | 2 aka+tuki,1 *aka+toki | 2 *aka+tuki,*aka+tǝki,,,,,,明+時,明.a|時.t,,u/o,时,4,1,0,,,,,1 akato2ki1 安可等吉 阿加等伎 阿加止支 (五更 鶏鳴),,1 下総 akato2ki1 阿加等伎,,,2 akatuki,,,,1 アカトキ | 2 アカツキ,日|琉,,,,,,,,
akatsu,akatu（分）,分 頒,他动,五段（四段）,B; B - x-A-x,B,分发、派遣、散播。,,aka-t-,,,,,*-t-,,,,分.a,,,,2,1,0,,,,,akat- (散),,,,,,,,,アカツ,日,,,,,,,,
akaza,akaza（藜）,藜,名,,3.2a; 上上平 - [0]-(0)/[2]-x,3.2a,藜（一种嫩芽为红色的草）。,,aka-za,,,,,*-sa,,,,明.a,赤,,草,4,1,0,,,,,,,,,,akasa 阿加佐,,akaza,アカサ,アカザ,日,,,,,,,,
ake,ake（赤）,赤 朱 緋 明,名,,2.1; 上上 - [0]-[0/1]-x. 镰仓 HH. 江户 HL,2.1,红色、红袍、天亮、年季月日更新、时期结束。,123 | 明.a.n.2 | *ake | A || 122 | 開.a.n | *ake | A,ake,,,,,*-i,,,,明.a,赤,,色,3,1,0,,,,,[ake2] (緋),,,,,ake,,,,アケ,日,,,,,,,,
akebi,akebi（木通）,木通 通草,名,,?3.7a ?< 3.3; 上平平 - [0]-(2)-B,?3.7a,木通（花为紫红色）。,,ake-bi,,,,,*-(i)-i,,,,明.a,赤,,草,4,1,0,,,,,,,,,,akewi 阿介比,akebi,,アケヒ,アケビ,日,,,,,,,,
akebono,akebono（曙）,曙,名,,4.1; 上上上上 - [0]-[0]-A,4.1,夜隐约变亮的时候，akatsuki 到 asaborake 之间的一段时间、曙光。,,ake+bono,,,,,*-(i)-i+CP,,形=に+形,明+仄,明.a|仄.p,,,时,3,1,0,,,,,(会明),,,,,akebono,,,,アケボノ,日,,,,,,,,
akegure,akegure（明暗）,明暗,名,,x-x-x x-B-x,,天亮前的昏暗时分。,,ake+gure,,,,,*-(i)-i+CP-(i)-i,,形=に+形,明+暗,明.a|暗.k,,,时,3,1,0,,,,,(明晩),,,,,akegure,,,,アケグレ,日,,,,,,,,
"akerakan 1, aQkerakan 2","akerakan 1, aQkerakan 2",,副,,1 [3/4]-x-x | 2 [4/5]-[4/5]-x,,态：1 张嘴发呆的样子；2 无所事事的样子、遇到以外状况惊慌失措的样子、应有之物不存在而空荡荡的样子、无情趣而空虚的样子、,,1 ake-ra+ka-n | 2 aQke-ra+ka-n,,,,,*-(i)-i-ra+CP-n,,,開+ka,明.a|ka,開,辅音延长,,2,1,0,,,,,,,,,,,,1 akerakan | 2 aQkerakan,,1 アケラカン | 2 アッケラカン,日,,,,,,,,
akeru,akeru（明）,明 開 空,自动,下一段（下二段）,"A; (A) - A-A-A (A)-A-A. 镰仓, 江户 akuru HHH | ake（名词）: [0]-[0]-x",A,夜晚结束、变亮、年季月日更新、期间结束。,5768 | 明.a.v.7 | *ake- || 125 | 開.a.v.2 | *ake- | iA,ake-,*ake-,*aka-i-,,,*-i-,,,,明.a,開,,,3,1,0,,,,,ake2- (阿開 安久流 阿気),,,,,,,,アク,アケル,日|琉,,,,,,,,
akeza*,akeza*（蜻蛉）,蜻蛉,名,,,,（琉球）蜻蜓。,129 | 蜻蛉屋.a.n | *akedu-ja,,*akeza < *aked(u)-a,,,,*-a,,,,蜻蛉.a,,,节肢,0,1,0,,,,,,,,,,,,,,,琉,,,,,,,,
aki,aki（秋）,秋,名,,"2.5; 平上 - [1]-(2)-B B-A-x. 镰仓 LH, LF. 江户 LF",2.5,秋季、（琉球）收获期（作动词表示收获）。,130 | 秋.a.n | *aki | 5X,,*aki,*aki,,,,,,,秋.a,,,时,2,1,0,,,,,aki1 安吉,,,,,,,,,アキ,日|琉,,,,,,,,
aki,aki（商）,商,名,,?*2.3,?*2.3,买卖。,,ak-i,,,,,*-i,,,,商.a,,,,2,1,0,,,,,,,,,,,aki,,,アキ,日,,,,,,,,
"akibito 1, akindo 2, akyuudo 3","akibito 1, akindo 2, akyuudo 3（商人）",商人,名,,4.6; 平平平上 - [0/2]-1[0]23[2]/(2)-A x-B-x,4.6,商人。,,1 ak-i+bito | 2 ak-i+ndo | 3 ak-yu+udo,1 *ak-i+bito,*ak-i+N+pitǝ,,,*-i,,名=の+名,商+人,商.a|人.p,,拨音便|う音便,,5,1,0,,,,,(商客),,,,,1 akibito 阿岐比斗 | 2 akindo,3 akiudo,,2 アキムト | 3 アキウド,1 アキビト | 2 アキンド | 3 アキュウド,日|琉,,,,,,,,
akibitoya*,akibitoya*（商人）,商人,名,,,,（琉球）商人。,,,*ak-i+bito+ya > (*akeuda >) 宮古[尹] *akɛwɨda,,,,,,名=の+名,商+人+屋,商.a|人.p|屋.y,,,,0,1,0,,,,,,,,,,,,,,,琉,,,,,,,,
akihateru（飽果）,akihateru（飽果）,飽果,自动,,A/B-x-x,,厌倦。,,ak=i+hate-,*ak=i+pate-,*ak=i+pata-i-,,,*-i-,,,,飽.a,,,,3,1,0,,,,,,,,,,akifate-,,,アキハツ,アキハテル,日|琉,,,,,,,,
akinaeru,akinaeru（商）,商,他动,下一段（下二段）,?B,?B,买卖。,,ak-i-na-e-,,,,,*-i-na-pa-i-,,,,商.a,,,,3,1,0,,,,,,,,,,,akinawe-,,アキナフ,アキナエル,日,,,,,,,,
akinai,akinai（商）,商,名,,?4.5; 平平xx - [2/3]-[0/2]-A x-B-x,?4.5,买卖、商人。,,ak-i-na-w-i,*ak-i-na-p-i,*ak-i-na-p-i,,,*-i-na-p-i,,,,商.a,,,,3,1,0,,,,,,,,,,akinawi,,,アキナヒ,アキナイ,日|琉,,,,,,,,
akinau,akinau（商）,商,他动,五段（四段）,?B; B - B-A-A x-(B)-x | akinai（名词）: B - [2/3]-[0/2]-A x-B-x,?B,买卖。,132 | 商.a.n | *akinap-i,ak-i-na-w-,,,,,*-i-na-p-,,,,商.a,,,,4,1,0,,,,,(商価),,,,,akinaw-,,,アキナフ,アキナウ,日,,,,,,,,
akiraka,akiraka（明）,明 昭 晃 朗 章 晶 彰 瞭 顕,形动,,4.11; 平平上平 - [2]-[3]-B x-B-x. 室町 HLLL,4.11,光明的样子、清楚的样子、明显的样子、聪明的样子、诚实的样子。,,ak-i-ra-ka,,,,,*-i-ra-ka,,,,明.a,開,,,3,1,0,,,,,(陽 分明),,,,,akiraka 阿支良加,,,,アキラカ,日,,,,,,,,
akirakei,akirakei（明）,明,形,イ（ク）,[4]-[3/4]-x. 室町 akirakeki HHHLL,,清楚的样子、明显的样子、聪明的样子。,,ak-i-ra-ke-,,,,,*-i-ra-ka-i-,,,,明.a,開,,,4,1,0,,,,,(明久),,,,,akirake-,,,アキラメシ,アキラメイ,日,,,,,,,,
akirameru,akirameru（明）,明 諦,他动,下一段（下二段）,B; B - B-A-B | akirame: x - [0/3/4]-[0]-B,B,（使心情等）变得爽快、断定、放弃（MdJ）。,134 | 諦.a.v | *akirame-,ak-i-ra-m-e-,南 *ak-i-ra-m-e-,*ak-i-ra-m-ai-,,,*-i-ra-m-ai-,,,,明.a,開,,,3,1,0,,,,,aki1rame2- (安吉良米 審察),,,,,,,,アキラム,アキラメル,日|南琉,,,,,,,,
akiramu,akiramu（明）,明,自动,五段（四段）,B-x-x,,变明朗、变晴朗。,,ak-i-ra-m-,,,,,*-i-ra-m-,,,,明.a,開,,,2,1,0,,,,,,,,,,akiram-,,,,アキラム,日,,,,,,,,
akire-*（飽）,akire-*（飽）,飽,自动,,,,（南琉球八重山）厌倦。,,,八重山 *ak-i-re-,,,,*-i-ra-i-,,,,飽.a,,,,0,1,0,,,,,,,,,,,,,,,南琉八,,,,,,,,
akireru,akireru（呆）,呆 惘,自动,下一段（下二段）,A; x - A-A-A | akire（名词）: A; x - [0]-A-A,A,惊呆、茫然。,6065 | 呆.a.v | *akire-,ak-i-re-,八重山 *ak-i-re-,*ak-i-ra-i-,,,*-i-ra-i-,,,,明.a,開,,,3,1,0,,,,,,,,,,akire-,,,アキル,アキレル,日|南琉八,,,,,,,,
akitsu,akitu（蜻蛉）,蜻蛉 秋津,名,,"?3.4, ?3.5b, ?3.6; x - [0]-[0]-B x-B-x","?3.4, ?3.5b, ?3.6",蜻蜓、日本旧称。（中古起被 kegerou 代替）,128 | 蜻蛉.a.n | *akedu | xX || 5943 | 蜻蛉.a.n.2 | *aja[d][u],,*akedu,*ak[e]du,,,,,,,蜻蛉.a,,,节肢,4,1,0,,,,,aki1du 阿岐豆,,,,,,,akitsu,アキヅ,アキツ,日|琉,,,,,,,,
"akougurou* 1, akoukurou* 2","akougurou* 1, akoukurou* 2（明暗）",明暗,名,,,,（九州；北琉球冲绳或为借词）黄昏。,121 | 明暗.a.n | *akau+kurau | oB,1 ako=u+guro=u | 2 ako=u+kuro=u,2 沖縄 *ako=u+guro=u,*aka=ku+N+kura=ku,,,,,1 形=に+形,明+暗,明.a|暗.k,,清浊,时,1,1,0,,,,,,,,,,,,,,アコウグロウ*,九|北琉,,,,,,,,
"aku 1, akiru 2","aku 1, akiru 2（飽）",飽 厭 倦,自动,五段（四段） > 上一段,B; B - B-B-B x-B-x. 江户 LH | aki（名词）: x - [2]-[1]-B,B,"（1）满足、（1, 2）厌倦。",126 | 飽.a.v | *ak[e]- || 124 | 飽.a.n | *ak[e],1 ak- | 2 ak-i-,,,,,,,,,飽.a,,东日本上一段化,,3,1,0,,,,,1 ak- (安可 安伎),,,,,,,1 西日本 ak- | 2 東日本 aki-,,1 アク | 2 アキル,日,,,,,,,,
aku,aku（灰汁）,灰汁,名,,2.1; x - [0]-[0]-A x-A-x. 镰仓 HH,2.1,碱水、灰水、涩味、（东北、北海道、八丈、西日本）灰。,139 | 灰汁.a.n | *aku | 1A,,*aku,*aku,,,,,,,灰汁.a,,,,2,1,0,,,,,,,,,,aku 阿久,,,,アク,日|琉,,,,,,,,
aku,aku（明）,明 開 空,自动,五段（四段）,"A; x - A-A-A x-A-x. 镰仓, 江户 HH | aki（名词）: A; x - [0]-[0]-A",A,期间结束、解禁、开、腾出。,75 | 開.a.v | *ak- | iA,ak-,*ak-,*ak-,,,,,,,明.a,開,,,2,1,0,,,,,,,,,,ak-,,,,アク,日|琉,,,,,,,,
"akubi 1, akugi* 2, akuki* 3","akubi 1, akugi* 2, akuki* 3（欠伸）",欠伸 欠,名,,1 3.1; 上上上 - [0]-[0]-B ?B-A-A,3.1,哈欠。,,1 akubi,"1 *akubi > 宮古 2 *akugi, 3 *akuki",*akubi,,,,,,,欠.a,,b/g,动作,2,1,0,,,,,,,,,,1 akubi (阿久比),,,,アクビ,日|琉,,,,,,,,
akubu,akubu（欠伸）,欠伸,自动,五段（四段）,,,打哈欠。,142 | 欠伸.a.n | *akubi | 1A,akub-,,,,,,,,,欠.a,,,,2,1,0,,,,,,,,,,,,akub-,,アクブ,日,,,,,,,,
akudoi,akudoi,,形,イ（ク）,B-B-B,,（颜色、味道）浓的（= kudoi）、恶毒、毒辣（疑受到恶 aku 影响）。,,a+kudo-,,,,,,,,a/悪+口説,a|悪.a|口説.k,,,,2,1,0,,,,,,,,,,,,akudo-,,アクドイ,日,,,,,,,,
"akugareru 1, akogareru 2","akugareru 1, akogareru 2（憧）",憧 憬,自动,下一段（下二段）,"A; x - A-A-A. 镰仓 HHHH | ak{u,o}gare（名词）: A; x - [0]-[0]-A",A,离开原地、憧憬、向往、心神不宁。,,a+ko+ga-re-,,,,,*-ra-i-,,名=を+动,有+処+離,有.a|処.k|離.k,,u/o,,4,1,0,,,,,,,,,,1 akugare-,2 akogare-,,1 アクガル | 2 アコガル,1 アクガレル | 2 アコガレル,日,,,,,,,,
"akuta 1, kuta 2","akuta 1, kuta 2（芥）",芥 腐,名,,1 3.1; 上上上 - [0/1]-[0]-B x-B-x. 1700 大阪 LHL,3.1,垃圾、尘埃、渣。,144 | 芥.a.n | *akuta | xX,,*akuta,*akuta,,,,,,,芥.a,,音节缩减,废,3,1,0,,,,,1 akuta (飽田),,,,,2 kuta,,,,1 アクタ | 2 クタ,日|琉,,,,,,,,
"akuto 1, akutsu 2, ado 3","akuto 1, akutu 2, ado 3（踵）",踵,名,,[0]-x-x x-B-x,,脚后跟、马蹄里面中央凹陷处。,38 | 踵.a.n | *ado | 3B || 39 | 踵平.a.n | *ado+pira,1 akuto | 2 akutu | 3 ado,3 ado,*akuto,,,,,,足+?,足.a,踵,u/o|k/p,器官,3,1,0,,,,,,,,,,,1 akuto,2 akutsu | 3 九州 ado,,1 アクト | 2 アクツ | 3 アド,日|琉,,,,,,,,
ama,ama（海人）,海人 蜑 海女 海士 海,名,,2.3; 平平 - [1]-[1]-B,2.3,渔夫、渔女、海。,,,,,,,,,,,海人.a,,,人,2,1,0,,,,,ama 阿麻 (白水郎 海人 海女),,,,,,,,,アマ,日,,,,,,,,
ama,ama（母）,母,名,,,,（方言）母亲、姐姐、女孩、乳母、（女）保姆等。,7469 | 姉.a.n.4 | *ama || 187 | 姉.a.n.3 | *aNma,,*ama,*ama,,,,,,,母.a.2,,,亲,0,1,0,,,,,,,,,,,,,,,日|琉,,,,,,,,
ama,ama（尼）,尼,名,,2.4; 平上 - [1]-(0)-B,2.4,尼姑。,,,,,,,,,,,尼.a,,,人,2,1,1,,,,,ama (尼),,,,,,,,,アマ,日,,,,,,母：梵 अम्बा ambā；巴利 ammā,,
ama*,ama*（彼処）,彼処,代,,x-x-x x-A-x,A,（琉球）那边、那个方向、那里、那位（远）。,146 | 彼処.a.n | *a-ma | nA,,*a+ma,,,,,,,彼+間,彼.a|間.m,,,,0,1,0,,,,,,,,,,,,,,,琉,,,,,,,,
amadamu,amadamu,,枕,,,,修饰「kari（雁）」「karu（軽）」的枕词，可能等同 amato2bu。,,ama-+dam=u,,,,,,,,天+飛,天.a|飛.t,,,,2,1,0,,,,,amadamu 阿麻陀牟,,,,,,,,,アマダム,日,,,,,,,,
"amadari 1, amadare 2","amadari 1, amadare 2（雨垂）",雨垂,名,,[0]-(3)-x x-B-x,,（从屋檐、树枝滴落的）雨滴。,,1 ama+dar-i | 2 ama+dare,1 ama+dar-i | 2 ama+dare,1 *ama+N+tar-i | 2 *ama+N+tar-a(i)-i,,,1 *-i | 2 *-a(i)-i,,,雨+垂,天.a|垂.t,雨,e/i,液,2,1,0,,,,,,,,,,,1 amadari | 2 amadare,,,1 アマダリ | 2 アマダレ,日|琉,,,,,,,,
amaenoo*,amaenoo*（竜巻）,竜巻,名,,,,（南琉球宫古）龙卷风。,6659 | 竜巻.a.n | *ama+enau,,宮古 *ama+[e]p[i]=no+wo,,,,,,,天+鱏=の+尾,天.a|鱏.e|尾.w,,,风,0,1,0,,,,,,,,,,,,,,,南琉宫,,,,,,,,
amaeru,amaeru（甘）,甘,自动,下一段（下二段）,A; A x - A/B-A-A | amae（名词）: x - [0]-x-x,A,有甜味、亲切对待、理解好意、（南琉球也表示）笑、享乐。,156 | 甘.a.v | *amaje- | A || 155 | 甘.a.n | *amaje,ama-e-,*ama-ye-,*ama-ya-i-,,,*-ya-i-,,,,甘.a,,,,3,1,0,,,,,,,,,,amae-,,,アマユ,アマエル,日|琉,,,,,,,,
amai,amai（甘）,甘,形,イ（ク）,A; A - A-B-A A-A-A. 镰仓 A,A,甜的、说话甜的、亲昵的、温吞的、不坚定的、不严谨的。,147 | 甘.a.a | *ama- | iA,ama-,*ama-,*ama-,,,,,,,甘.a,,,,4,1,0,,,,,(甘),,,,,ama- (阿万支),,,アマシ,アマイ,日|琉,,,,,,,,
amako*,amako*（肝）,肝,名,,,,（北琉球古冲绳）肝。,,,沖縄 *amako,,,,,,,,肝.a.1,,,器官,0,1,0,,,,,,,,,,,,,,,北琉冲,,,,,,,,
amame,amame（蜚蠊）,蜚蠊,名,,,,（方言）蟑螂（喜界语或为借词）。,,,喜界 *amame,*ama-m[e]?,,,,,,,蜚蠊.a,,,节肢,0,1,0,,,,,,,,,,,,,,,日|北琉奄,,,,,,,,
amameya*,amameya*（昔）,昔,名,,,,（北琉球古冲绳）过去的事情。,,,沖縄 *amameya,,,,,,,,昔.a,,,时,0,1,0,,,,,,,,,,,,,,,北琉冲,,,,,,,,
amami,amami（奄美）,奄美,名,,,,鹿儿岛市南方海上的岛屿。由奄美大岛、喜界岛、德之岛、冲永良部岛、与论岛等组成。1609 年，因日本侵略，沦为萨摩藩领地。,,,北 *amam[e],*amam[e],,,,,,,奄美.a,,,地名,2,1,0,,,,,amami1 阿麻彌 菴美 奄美 (海見),,,,,,,,,アマミ,日|北琉,,,,,,,,
amamu*,amamu*（宿借）,宿借,名,,x-x-x x-B-x,,（琉球）寄居蟹（= yadokari）。,158 | 宿借.a.n | *amamV | oC,,*amamu,,,,,,,,宿借.a,,,节肢,0,1,0,,,,,,,,,,,,,,,吐|琉,,,,,,,,
amamua*,amamua*（宿借）,宿借,名,,,,（琉球）寄居蟹（= yadokari）。,5787 | 宿借.a.n.2 | *amamVCa(?),,*amamu-a,,,,*-a,,,,宿借.a,,,节肢,0,1,0,,,,,,,,,,,,,,,琉,,,,,,,,
amamubone*,amamubone*（踝）,踝,名,,,,（南琉球宫古）脚踝。,7136 | 踝.a.n | *amamV+pone,,南 *amamu+bone,,,,,,名=の+名,宿借+骨,宿借.a|骨.p,,,器官,0,1,0,,,,,,,,,,,,,,,南琉,,,,,,,,
amanaeru*,amanaeru*（和）,和,他动,下一段（下二段）,B-x-x,,（汉文训读）和解、同意。,,ama-na-e-,,,,,*-na-p-ai-,,,,甘.a,,,,3,1,0,,,,,[amanape2-] (和),,,,,,,,アマナフ,アマナエル*,日,,,,,,,,
amanau,amanau（和）,和 甘,自动・他动,五段（四段）,?A; A - B-x-x,?A,（汉文训读）（自动）和解、同意、满足、甘于；（他动，后起的）欣然接受、说好话、奉承。,,ama-na-w-,,,,,*-na-p-,,,,甘.a,,,,4,1,0,,,,,(和),,,,,amanaw-,,,アマナフ,アマナウ,日,,,,,,,,
"amanei 1, abanei 2","amanei* 1, abanei* 2（遍）",遍 普 汎 周 歴,形,イ（ク）,B-B-B. 镰仓 B. 室町 LLL-H,B,遍布各地的。（现代多用连用形 amaneku 作副词）,,1 ama-ne- | 2 aba-ne-,,,,,*-na-i-,,,,余.a,,b/m,,3,1,1,,,,,,,,,,1 amane- | 2 abane-,,,1 アマネシ | 2 アバネシ,1 アマネイ* | 2 アバネイ*,日,,"多的：MK 만〯ᄒᆞ다〮 (mǎn-hòtá), K 많다 (manta)",,,,,,
"amanewasu 1, abanewasu 2","amanewasu 1, abanewasu 2（遍）",遍,他动,五段（四段）,B,B,使遍布。,,1 ama-ne-wa-s- | 2 aba-ne-wa-s-,,,,,*-na-i-pa-s-,,,,余.a,,b/m,,4,1,0,,,,,,,,,,1 amanewas-,2 abanewas-,,1 アマネハス | 2 アバネハス,1 アマネワス | 2 アバネワス,日,,,,,,,,
amanohito,amanohito,,名,,,,（八丈）鼠。,,ama=no+hito,,,,,,,,天=の+人?,天.a|人.p,,,哺乳,0,1,0,,,,,,,,,,,,,,,八,,,,,,,,
amanuki*,amanuki*（虹）,虹,,,,,（南琉球八重山）彩虹。,,,八重山 *ama+nuk-i,,,,,,,天+抜,天.a|抜.n,,,天象,0,1,0,,,,,,,,,,,,,,,南琉八,,,,,,,,
amaras-*,amaras-*（余）,余,他动,,,,（南琉球）剩下。,160 | 余.a.v.2 | *amar-as-,,南  *ama-ra-s-,,,,*-ra-as-,,,,余.a,,,,0,1,0,,,,,,,,,,,,,,,南琉,,,,,,,,
"amari 1, anmari 2","amari 1, anmari 2（余）",余,名・形动・副,,1 （名）3.4; 平平平 - [3]-[1]-B x-B-x; （形动）x - [2/3]-[0]-x; （副）x - [0]-[0]-x. 镰仓 LLL; 江户 HHL | 2 （形动）[0]-[0]-x; （副）[3/4]-[0]-x,3.4,"（1, 名）余量、…之余（结果变得过度）、余数、余地、醋（忌讳词）；（1/2, 形动）必要或期待以上的样子；（1/2, 副）非常、（不…）那么。",,1 ama-r-i | 2 anma-r-i,*ama-r-i,*ama-r-i,,,*-r-i,,,,余.a,,辅音延长,,3,1,0,,,,,1 amari 阿麻里 安麻里,,,,,,2 anmari,,,1 アマリ | 2 アンマリ,日|琉,,,,,,,,
amaru,amaru（天降）,,自动,五段（四段）,,,落雷。,,ama+(o)r-,,,,,,,,天+降,天.a|降.ǝ,,,,2,1,0,,,,,,,,,,,amar-,,,アマル,日,,,,,,,,
amaru,amaru（戯）,戯,自动・ 他动,,,,（自动）（島根県鹿足郡）孩子们撒娇、（肥後、佐賀県、長崎県、熊本県、宮崎県日向、鹿児島県）孩子们嬉闹、（宮崎県東諸県郡、鹿児島県肝属郡）恶作剧、（熊本県玉名郡）胡闹；（他动）（栃木県大田原市、那須郡）玩弄、摆弄。,,ama-r-,,,,,*-r-,,,,甘.a,,,,0,1,0,,,,,,,,,,,,,,,日,,,,,,,,
amaru,amaru（余）,余 衍 剰,自动,五段（四段）,B; B-A-B x-B-B. 镰仓 LLH. 江户 HLL,B,超过、剩余、太、（岡山県，饭等）腐败。,159 | 余.a.v | *amar- | iiB || 161 | 余.a.n | *amar-i | 4B/C,ama-r-,*ama-r-,*ama-r-,,,*-r-,,,,余.a,,,,3,1,0,,,,,amar- (阿麻理 阿麻利),,常陸 (余),,,,,,,アマル,日|琉,,,,,,,,
amas-*,amas-*（編）,編,他动,,,,（南琉球宫古）使编织。,7155 | 編.a.v.2 | *am-as-,,宮古 *ama-s-,,,,*-s-,,,,畔.a,,,,0,1,0,,,,,,,,,,,,,,,南琉宫,,,,,,,,
amas-*,amas-*（浴）,浴,他动,,,,（南琉球八重山）泼、浇水。,,,八重山 *ama-se-,,,,*-sa-i-,,,,浴.a,,,,0,1,0,,,,,,,,,,,,,,,南琉八,,,,,,,,
amasu,amasu,余,他动,五段（四段）,B; B - B-A-B x-B-x,B,剩下、漏、除外、溢出、留下余地。,162 | 余.a.v.3 | *amas- | B,ama-s-,*ama-s-,*ama-s-,,,*-s-,,,,余.a,,,,2,1,0,,,,,amas- (阿麻斯),,,,,,,,,アマス,日|琉,,,,,,,,
amasuza*,amasuza*（砂糖黍）,砂糖黍,名,,,,（南琉球八重山）砂糖黍（糖蔗）。,150 | 砂糖黍.a.n | *ama+sida(?) | A,,八重山 *ama+suza,,,,,,,,甘.a|空.s,砂糖黍,,草,0,1,0,,,,,,,,,,,,,,,南琉八,,,,,,,,
amata,amata（数多）,数多,副,,3.5b; 平平上 - [1]-[1]-B. 江户 HLL,3.5b,众多、非常。,,ama-ta,,,,,*-ta,,,,余.a,,,,2,1,0,,,,,amata 安麻多 安万田 阿麻哆,,,,,,,,,アマタ,日,,,,,,,,
amayagu,amayagu（甘）,甘,自动,五段（四段）,,,感到甜蜜的。,,ama-ya-g-,,,,,*-ya-g-,,,,甘.a,,,,2,1,0,,,,,,,,,,,,amayag-,,アマヤグ,日,,,,,,,,
amayaka,amayaka（甘）,甘,形动,,,,感到甜蜜的样子。,,ama-ya-ka,,,,,*-ya-ka,,,,甘.a,,,,2,1,0,,,,,,,,,,,amayaka,,,アマヤカ,日,,,,,,,,
amayakasu,amayakasu（甘）,甘,他动,五段（四段）,A/B-A-x | amayakasi（名词）: x - [0]-x-x,,宠爱、任人撒娇。,,ama-ya-ka-s-,*ama-ya-ka-s-,*ama-ya-ka-s-,,,*-ya-ka-s-,,,,甘.a,,,,2,1,0,,,,,,,,,,,amayakas-,,,アマヤカス,日|琉,,,,,,,,
amayaras-*,amayaras-*（甘）,甘,他动,,,,（琉球）宠爱、任人撒娇。,,,*ama-ya-ra-s-,,,,*-ya-ra-s-,,,,甘.a,,,,0,1,0,,,,,,,,,,,,,,,琉,,,,,,,,
"ame 1, ama- 2","ame 1, ama- 2（天）",天,名,,"1 2.5 (?< 2.3); ?平東 - [1]-[1]-x x-(B)-(B) 镰仓 L?H, amano- LLL",2.5,天。,,1 ame | 2 ama-,1 *ame,*ama-i,,,*-i,,,,天.a,,被露,天象,3,1,0,,,,,1 ame2 阿每 阿米 | 2 ama- 安麻,,1 下野 下総 不明 ame2 阿米 | 2 上野 ama- 安麻,,,,,,,1 アメ | 2 アマ,日,,,,,,,,
"ame 1, ama- 2, -same 3","ame 1, ama- 2, -same 3（雨）",雨 下米,名,,1 2.5 (?< 2.3); ?平平 - [1]-(2)-B B-B-B. 镰仓 LH. 江户 LF,2.5,雨、雨天（一些名词后使用 -same）。,166 | 雨.a.n | *ame | 5B || 148 | 雨.a.n.2 | *ama-,1 ame | 2 ama- | 3 -s-ame,1 *ame,*ama-i,3 *-s-,,*-i,,,,天.a,雨,被露,天象,4,1,0,,,,,1 ame2 阿米 安米 | 2 ama- 安麻 | 3 -s-ame2 佐米,,1 不明 ame2 阿米,3 出雲 -same (佐雨),,,,,,1 アメ | 2 アマ- | 3 -サメ,日|琉,,,,,,,,
ame,ame（飴）,飴 糖 餳,名,,2.1; 上上 - [0]-[0]-A A-A-A,2.1,糖。,165 | 飴.a.n | *ame | 1X > A?,,*ame,*ama-i,,,*-i,,,,甘.a,,,,2,1,0,,,,,ame2 阿米,,,,,,,,,アメ,日|琉,,,,,,,,
ameku,ameku,,自动,五段（四段）,B-x-x,,大叫、大嚷。,,a-mek-,,,,,*-miak-,,,,a,,,,2,1,0,,,,,,,,,,amek-,,,,アメク,日,,,,,,,,
amekurai*（虹）,amekurai* kurau（虹）,虹,名,,,,（南琉球八重山）彩虹。（可能与另一词 amenomia*（彩虹，天+吞）成对）,,,八重山 *ame+kura-p-i,,,,*-p-i,,,天+食,天.a|食.k.2,,,天象,0,1,0,,,,,,,,,,,,,,,南琉八,,,,,,,,
amenomia*,amenomia*（虹）,虹,名,,,,（南琉球八重山与那国）彩虹。,170 | 虹.a.n | *ame+nomi-ja(?),,与那国 *ame+nom-i-a,,,,*-i-a,,,天+呑,天.a|呑.n,,,天象,0,1,0,,,,,,,,,,,,,,,南琉八,,,,,,,,
ames-*,ames-*（浴）,浴,他动,,,,（琉球）泼、浇水。,172 | 浴.a.v.2 | *ames- | A,,*am[e]-s-,,,,*-i-s-,,,,浴.a,,,,0,1,0,,,,,,,,,,,,,,,琉,,,,,,,,
amese-*,amese-*（浴）,浴,他动,,,,（琉球）泼、浇水。,,,*am[e]-se-,,,,*-i-sa-i-,,,,浴.a,,,,0,1,0,,,,,,,,,,,,,,,琉,,,,,,,,
amesimi-*,amesimi-*（浴）,浴,他动,,,,（南琉球宫古）泼、浇水。,,,宮古 *am[e]-sime-,,,,*-i-simai-,,,,浴.a,,,,0,1,0,,,,,,,,,,,,,,,南琉宫,,,,,,,,
ami,ami（醤蝦）,醤蝦 海糠 䲑,名,,?2.1; 上上 - 2-2-A x-x-x,?2.1,糠虾。,,,,,,,,,,,醤蝦.a,,,节肢,2,1,0,,,,,,,,,,ami 阿彌,,,,アミ,日,,,,,,,,
ami,ami（網）,網 編,名,,2.3; 平平 - [2]-[1]-A,2.3,网、编织。,7573 | 編.a.n | *am-i || 173 | 網.a.n | *ami | 3B,a-m-i,*a-m-i,*a-m-i,,,*-i,,,,畔.a,編,,,2,1,0,,,,,ami 阿彌 安美,,,,,,,,,アミ,日|琉,,,,,,,,
"amiita 1, anda 2, aoda 3","amiita 1, anda 2, aoda 3（編板）",編板 箯輿,名,,,,用竹子和木头编制的简陋的钓舆；长方形的木板周围是用竹编边的手轿，用于运送罪人、战死者、伤员、病人等（也指病人）；左右垂着叠表（用麻线把兰草的茎织成的布）的简陋的轿子（也称 anpotsu）。,357 | 畚.a.n | *auda | oX,1 a-m-i+ita | 2 a-n+da | 3 a-o+da,*a-m-i+ita,*a-m-i+ita,,,*-m-i-CP,,,編+板,畔.a|板.i,編,拨音便|う音便,器,4,1,0,,,,,,,,,,1 amiita 阿美以太 | 2 anta,3 aoda,,2 アムタ | 3 アヲダ,1 アミイタ | 2 アンタ | 3 アオダ,日|琉,,,,,,,,
"amiru* 1, abiru 2","amiru* 1, abiru 2（浴）",浴,他动,上一段（上二段）,?B; B - A-B-A A-A-x. 镰仓 LH. 江户 aburu HLL,?B,泼、浇水、使沐浴、晒、使遭受、豪饮、（方言）游泳。,167 | 浴.a.v | *ame- | i || 174 | 浴.a.n | *ame | A,1 ami- | 2 abi-,1 *am[e]-,*am[ǝ]-i-,,,*-i-,,,,浴.a,,b/m,,3,1,0,,,,,,,,,,1 ami- | 2 abi-,,,1 アム | 2 アブ,1 アミル* | 2 アビル,日|琉,,,,,,,,
amici*,amiti*（道）,道,名,,,,（南琉球八重山与那国）道路。,175 | 道.a.n | *a-miti,,与那国 *a+mi+ti,,,,,,,彼+御+道?,彼.a|御.m|道.t,,,,0,1,0,,,,,,,,,,,,,,,南琉八,,,,,,,,
"amo 1, omo 2","amo 1, omo 2（母）",母,名,,1 ?2.4; ?镰仓 LF,?2.4,母亲、乳母。,,,1 *amo,*am[o],,,,,,,母.a.1,,a/o,亲,4,1,3,1 新羅 阿莫,,,,1 amo 阿母 | 2 omo 於毛 (乳母),,1 下野 amo 阿毛 阿母 | 2 信濃 下総 omo 意母 於母 意毛 於毛,,,,,,,1 アモ | 2 オモ,日|琉,,"母亲：MK 어〮미〮 (émí)；K 어머니 (eomeoni), 엄마 (eomma), 어머님 (eomeonim), 어미 (eomi), 에미 (emi) （母亲）",阿 吴音/汉音 a；母 吴音 mu；母 汉音 bou；母 OC *məʔ ~ *mˤoʔ,,,,"Baoan amo, amə; fuzfu aama；Jurchen əmə; Manchu əmə",
amoru,amoru（天降）,天降,自动,?上一段（上二段）/五段（四段）,,,从天而降、天皇行幸。（首里语为借词）,,am(a)+or-,,,,,,,,天+降,天.a|降.ǝ,,,,3,1,0,,,,,amor- (安母里 阿毛理 安母理),,,,,,,,アモル,アモル,日,,,,,,,,
"amu 1, abu 2","amu 1, abu 2（虻）",虻 蝱,名,,2.5; 平上/平平 - [1]-(2)-A,2.5,虻。,12 | 虻.a.n | *abo | 5X,,*ab[o],*ab[o],,,,,,,虻.a,,b/m,节肢,4,1,0,,,,,1 amu 阿牟,,,,,2 abu 阿夫,,abu,,1 アム | 2 アブ,日|琉,,,,,,,,
amu,amu（編）,編 網,他动,五段（四段）,B; B - B-B-B x-x-B,B,编织。,145 | 編.a.v | *am- | iiB,a-m-,*a-m-,*a-m-,,,*-m-,,,,畔.a,編,,,2,1,0,,,,,amu (安牟 連),,,,,,,,,アム,日|琉,,,,,,,,
"amuseru* 1, abuseru 2, abiseru 3","amuseru* 1, abuseru 2, abiseru 3（浴）",浴,他动,下一段（下二段）,?B; x - A-A,?B,泼、浇水、给予猛烈打击、向对方以激烈的言辞或强烈的感情、把责任、批评、刁难转嫁给别人。,,1 amu-se- | 2 abu-se- | 3 abi-se-,,,,,*-sa-i-,,,,浴.a,,b/m,,4,1,0,,,,,,,,,,1 amuse-,2 abuse- | 3 abise-,,1 アムス | 2 アブス | 3 アビス,1 アムセル* | 2 アブセル | 3 アビセル,日,,,,,,,,
"amusu 1, abusu 2","amusu 1, abusu 2（浴）",浴,他动,五段（四段）,?B,?B,泼、浇水。,,1 amu-s- | 2 abu-s-,,,,,*-s-,,,,浴.a,,b/m,,3,1,0,,,,,1 amus- (安牟佐),,,,,,2 abus-,,,1 アムス | 2 アブス,日,,,,,,,,
ana,ana（悲）,,感叹,,[1]-[1]-x,,表示痛苦（仅见于上代早期）或悲伤。,,,,,,,,,,,ana,,,,2,1,0,,,,,ana 安奈 (痛 空),,,,,,,,,アナ,日,,,,,,,,
ana,ana（穴）,穴 孔 坑 坎 堀,名,,2.3; 平平 - [2]-(0)-B x-B-B,2.3,穴、缺陷。,178 | 穴.a.n | *ana | 3B,,*ana,*ana,,,,,,,穴.a,,,地形,2,1,0,,,,,ana 阿那 (穴),,,,,,,,,アナ,日|琉,,,,,,,,
"anadoru 1, anazuru 2","anadoru 1, anazuru 2（侮）",侮,他动,五段（四段）,"?A/B; A - B-A-B | anadori, anazuri（名词）: [0/3/4]-[0]-B",?A/B,看不起、轻视、蔑视。（八重山语应为借词）,7338 | 侮.a.v | *anador-,1 ana+dor- | 2 ana+zur-,,,,,,,名=を+动,穴+取,穴.a|取.t,,u/o,,3,1,0,,,,,,,,,,1 anador- (阿奈止留) | 2 anadur- (安奈都利),,,2 アナヅル,1 アナドル | 2 アナズル,日,,,,,,,,
anagaci,anagati（強）,強,副・形动,,4.10; 平上平平 - [0]-[2]-x. 室町 HHLL. 江户 HHLL/HLLL,4.10,（形动）太…、只顾、任性的样子；（副）（不）一定（与否定表现共同使用）。（冲绳语应为借词）,,ana+gat-i ?< ana-n(i)+gat-i,,,,,*-i,,拟=に+动,ana+勝,ana,,,,3,1,0,,,,,(強),,,,,anagati,,,,アナガチ,日,,,,,,,,
anaguru,anaguru（探）,探 索,他动,五段（四段）,B; B-A-x,B,探索、探查。,,ana+gur-,,,,,,,名=を+动,穴+刳,穴.a|取.t,,,,3,1,0,,,,,(探),,,,,anagur-,,,,アナグル,日,,,,,,,,
anakama,anakama（噫喧）,噫喧,感叹,,[1]-[0]-x,,哎呀真吵、请安静。,,ana+kama,,,,,,,,ana+喧,ana,,,,2,1,0,,,,,,,,,,anakama,,,,アナカマ,日,,,,,,,,
aname-*,aname-*（捜）,捜,他动,,,,（北琉球冲绳）搜寻（物体，非人）。,,,沖縄 *ana+m-e-,,,,,,,,捜.a,,,,0,1,0,,,,,,,,,,,,,,,北琉冲,,,,,,,,
aname-*,aname-*（要求）,要求,他动,,,,（南琉球宫古）要求、请求。,179 | 要求.a.v | *aname-,,宮古 *aname-,,,,,,,,要求.a,,,,0,1,0,,,,,,,,,,,,,,,南琉宫,,,,,,,,
anamisu,anamisu,,感叹,,,,哎呀真吵。,,ana+misu,,,,,,,,ana+嚚,ana,,,,2,1,0,,,,,,,,,豊後 anami1su 阿那美須,,,,,アナミス,日,,,,,,,,
ananasu,ananasu（鳳梨）,鳳梨,名,,[0/2]-[1]-x,,菠萝。,,,,,,,,,,,鳳梨.a,,,草,2,1,1,,,,,,,,,,,,ananasu,,アナナス,外,,,,,,西班牙（秘鲁） ananas,,
"ananbo 1, ananpo 2","ananbo 1, ananpo 2（穴）",穴,名,,,,（方言）穴、（南琉球八重山也表示）沼泽、贮水池。,180 | 穴.a.n.3 | *anaNpo(?),,1 八重山 *anabo | 2 与那国 *ananpo,*ana=nǝ+p[o]?,,,,,,穴=の+?,穴.a,,,地形,0,1,0,,,,,,,,,,,,,,,日|南琉八,,,,,,,,
anata,anata（彼方）,彼方 貴方 貴男 貴女,代,,"?3.2b, ?3.3; x - [1/2]-[1]-A. 镰仓 HHL/HLL. 室町 HHL. 江户 HHL. 1700 大阪 HHL",?3.2b,"那个方向（远）、从前、未来、那位、您、老公、老婆。（中古开始代替 kare, kanata，18 世纪被 omae 代替。18 世纪在江户游里语出现了 anta。anata 曾用作第三人称，在 18 世纪晚期变成第二人称）",,a=n(o)+(k)ata,宮古 *a+gata,*a=nǝ+kata,,,,,,彼=の+方,彼.a|方.k,,Vk 缩减,,2,1,0,,,,,,,,,,anata,,,,アナタ,日|南琉宫,,,,,,,,
"anazi 1, anaze 2","anazi 1, anaze 2",,名,,,,西北风（经常折磨船的坏风。据说吹过之后就会平静下来）。（方言中也表示各种方向的风）,,,,,,,,,,,西北風.a,,i/e,风,3,1,0,,,,,,,,,,1 anazi,,2 anaze,,1 アナジ | 2 アナゼ,日,,,,,,,,
"ane 1, ne 2","ane 1, ne 2（姉）",姉,名,,2.1; x - [0]-[0]-A A-x-x. 江户 HH,2.1,姐姐、嫂子、年长女性、（方言）妻子、长女、少女、母亲、伯母、叔母、女保姆、（南琉球宫古）用于兄弟前时表示最年长。,183 | 姉.a.n | *ane | 1N,,1 *ane | 2 *ne,*an[e],,,,,,,姉.a.1,,音节缩短,亲,4,1,1,,,,,1 (姉 長) | 2 ne 泥,美濃 ane 阿尼 (阿根),,,,1 ane 阿禰,,,,1 アネ | 2 ネ,日|琉,,"对女性而言的姐姐：K 언니 eonni?< K 형님 hyeongnim（哥哥、姐姐）?< MK 형님 (hyeng-nim), 兄님〯 (HYENG-nǐm)?< 형(兄) (hyeong) + -님 (-nim) （尊敬后缀）",,,,,,
anea*,anea*（姉）,姉,名,,,,（北琉球奄美冲永良部、与论）姐姐。,,,沖永良部、与論 *ane-a,,,,*-a,,,,姉.a.1,,,亲,0,1,0,,,,,,,,,,,,,,,北琉奄,,,,,,,,
"anega* 1, anego* 2","anega* 1, anego* 2（姉）",姉,名,,,,（琉球）姐姐、年长女性。,185 | 姉.a.n.2 | *anika | nC,,1 *ane+ga | 2 *ane+go,,,,,,名=の+名,姉+子,姉.a.1,,a/o,亲,0,1,0,,,,,,,,,,,,,,,琉,,,,,,,,
anegura*,anegura*（姉）,姉,名,,x-x-x x-B-x,,（北琉球冲绳）姐姐、年长女性。,,,沖縄 *ane+gu-ra,,,,*-ra,,名=の+名,姉+子,姉.a.1,,,亲,0,1,0,,,,,,,,,,,,,,,北琉冲,,,,,,,,
aneQso*,aneQso*（年上）,年上,名,,,,（南琉球宫古）年长者、前辈。,7498 | 年上.a.n | *ane+s(V)so,,宮古 *aneQso ?< *ane+so,,,,,,,,姉.a.1,,,亲,0,1,0,,,,,,,,,,,,,,,南琉宫,,,,,,,,
ani,ani（豈）,豈,副,,"2.4; 平上 - [1]-[2]-x. 镰仓 LH, 江户 HL",,"表示「多么…（否定意义）、绝（不）」、为何…（反讽问题，暗示否定答案）。（用于词首，中古时用于汉文训读反语，对应「豈」，ani ... ya 对应「豈…哉」；和文训读用 masani, nadoka）",,,,,,,,,,,何.a,,,,3,1,0,,,,,ani 阿珥 (豈),,上野 ani 阿爾,,,,,,,アニ,日,,,,,,,,
ani,ani（兄）,兄,名,,?2.5; x - [1]-(0/2)-A. 江户 LF. 1700 大阪 ani-go LHH,?2.5,哥哥、姐夫、长子、年长男性。,184 | 兄.a.n | *ani | 5N,,,,,,,,,,兄.a.1,,,亲,3,1,0,,,,,(長),,,,,ani,,,,アニ,日,,,,,,,,
anmako*,anmako*（椰子蟹）,椰子蟹,名,,,,（琉球）椰子蟹（= yasigani）。,189 | 椰子蟹.a.n | *aNmako,,*a[n]+mako ?< *a(ma)mu+mako,,,,,,,宿借?+化,宿借.a|化.m,,,节肢,0,1,0,,,,,,,,,,,,,,,琉,,,,,,,,
anna*,anna*（母）,母,名,,,,（南琉球宫古）母亲。,190 | 母.a.n | *aNna（*aNma 之讹？）,,宮古 *anna,,,,,,,,母.a.5,,,亲,0,1,0,,,,,,,,,,,,,,,南琉宫,,,,,,,,
ano*,ano*（吾）,吾 我,代,,x-x-x x-x-C,,（琉球）我（已经在大多数琉球语中消失）。,192 | 吾.a.n.2 | *an[o] | oC,,*a-nu ?< *a-n[o],*a-n[o],,,*-n[o],,,,吾.a,,,,3,1,0,,,,,,,,,,,anu,筑紫 anu,,アヌ,九|琉,,,,,,,,
ancao*,antyao*（重曹）,重曹,名,,,,碳酸氢钠、重碳酸钠、小苏打（= 重曹 zyuusou = 重炭酸曹達 zyuutansansooda）,182 | 重曹.a.n | *aNcjau,,*a[n]ty[a](C)[o],,,,,,,,重曹.a,,,化,0,1,0,,,,,,,,,,,,,,,琉,,,,,,,,
anuta*,anuta*（我達）,我達,名,,,,（南琉球宫古）我们。,194 | 私達.a.n | *an[o]-ta,,宮古 *a-nu-ta,,,,*-nu-ta,,,,吾.a,,,,0,1,0,,,,,,,,,,,,,,,南琉宫,,,,,,,,
"anzi 1, anzu 2","anzi 1, anzu 2（按司）",按司,名,,x-x-x x-B-x,,（北琉球古冲绳）割据地方的豪族，尚真王移居住到首里，成为王族的称号。根据特别的功劳可升格为王子。原按司的子孙被称为「親方」。,401 | 按司.a.n | *a[d]i | nB,,沖縄 *anzi ?< *a(r)=(o)+nosi,,,,,,,有+主,有.a|主.n,,记音,官,2,1,0,,,,,,,,,,,,1 anzi | 2 anzu,,1 アンジ | 2 アンズ,琉,,,,,,,,
ao,ao（青）,青,名,,2.5; (平) - [1]-(0/2)-B A-(A)-(A/B),2.5,原指黑与白之间的颜色，后主要表示青色、蓝色、绿色，有时也表示黑色、白色；不成熟。,373 | 青.a.n | *awo | 5X || 375 | 青色.a.n | *awo+ero,,*awo-,*aw[o]-,,,,,,,青.a,,,色,3,1,0,,,,,awo 阿遠 阿袁 (青),,,,,,,,アヲ,アオ,日|琉,,,,,,,,
aoda*,aoda*（蛙）,蛙,名,,,,（南琉球八重山）蛙。（疑似与九州 aQpu 同源）,358 | 蛙.a.n | *aC[o]da(?),,八重山 *[a](C)[o]da ?< *ap[o]-da,,,,,,,,蛙.a.1,,,两栖,0,1,0,,,,,,,,,,,,,,,南琉八,,,,,,,,
aog-*,aog-*（空）,空,自动,,,,（南琉球宫古）有空间。,360 | 空.a.v.3 | *aC[o]g-,,宮古 *[a](C)[o]g-,,,,,,,,空.a,,,,0,1,0,,,,,,,,,,,,,,,南琉宫,,,,,,,,
aogeru,aogeru（仰）,仰,他动,下一段（下二段）,?A; A - B-A-B. 镰仓 HHH. 室町 HHH/HLL,?A,仰视。,,ao-g-e-,,,,,*-g-ai-,,,,仰.a,,,,3,1,0,,,,,,,,,,auge-,,,アフグ,アオゲル,日,,,,,,,,
aogu,aogu（扇）,扇 煽,自动・他动,五段（四段）,B; B - B-A-B x-B-x,B,（他动）扇风、煽动；（自动，后起的）起风。（名词：扇）,241 | 扇.a.v | *ap[o]g- | iiB || 242 | 扇.a.n | *ap[o]g-i | 4C,ao-g-,*ap[o]-g-,*ap[o]-g-,,,*-g-,,,,扇.a,,,,3,1,0,,,,,apug- (安布伎 扇),,,,,,,,アフグ,アオグ,日|琉,,,,,,,,
aogu,aogu（仰）,仰,自动・他动,五段（四段）,?A; A - B-A-B. 镰仓 HHH. 室町 HHH/HLL,?A,（自动）仰视；（他动）瞻仰、接受、一口闷。,,ao-g-,,,,,*-g-,,,,仰.a,,,,3,1,0,,,,,apug- (安布芸 仰),,,,,,,,アフグ,アオグ,日,,,,,,,,
aoi,aoi（葵）,葵,名,,3.1; 上上x - [0]-[0]-A. 镰仓 HHH,3.1,葵。,,,,,,,,,,,葵.a,,,草,3,1,2,,,,,apupi1 (葵),,,,,,,,アフヒ,アオイ,日,,"冬葵：OK 阿夫 (*apwo(k?)), 阿夫實 (*apwo-psi（冬葵种子）), MK 아옥〮 (àwók), 아혹〮 (àhwók), 阿郁 (*awuk ~ awok)；K 아욱 (auk)",,,,,"PM *abuga. Classical Mongolian ᠠᠪᠤᠭ᠎ᠠ（荠菜）, Manchu ᠠᠪᡠᡥᠠ（荠菜）",
aoi,aoi（青）,青 蒼 碧 翠 縹,形,イ（ク）,B; B - B-A-B A-A-(A)/B. 镰仓 B,B,青色的、蓝色的、绿色的、不成熟的、（江戸、秋田県鹿角郡、栃木県河内郡、岐阜県飛騨）黄色的。,374 | 青.a.a | *awo- | iiB,ao-,*awo-,*aw[o]-,,,,,,,青.a,,,,4,1,0,,,,,awo- (阿遠岐 青),,信濃 不明 awo- (阿乎 安乎),,,,,,アヲシ,アオイ,日|琉,,,,,,,,
aoiro,aoiro（青色）,青色,名,,[0]-(0)-x,,原指黑与白之间的颜色，后主要表示青色、蓝色、绿色。,,ao+iro,,,,,,,,青+色,青.a|色.e,,,色,3,1,0,,,,,,,,,,awoiro,,,アヲイロ,アオイロ,日|琉,,,,,,,,
aome-*,aome-*（臆病）,臆病,形,,,,（南琉球宫古）胆小的。,361 | 臆病.a.a | *aC[o]me-,,宮古 *[a](C)[o]me-,,,,,,,,臆病.a,,,,0,1,0,,,,,,,,,,,,,,,南琉宫,,,,,,,,
aomeru,aomeru（青）,青,他动,下一段（下二段）,B-A-x,,使变青。,,ao-m-e-,,,,,*-m-ai-,,,,青.a,,,,3,1,0,,,,,,,,,,,aome- (阿乎美),,アヲム,アオメル,日,,,,,,,,
aomu,aomu（青）,青,自动,五段（四段）,B-A-x,,变青、发青、脸色发白、言行不老练。,386 | 青.a.v | *awo-m- || 387 | 青.a.n.2 | *awo-m-i | oA,ao-m-,,,,,*-m-,,,,青.a,,,,3,1,0,,,,,,,,,,awom- (阿乎美),,,アヲム,アオム,日|琉,,,,,,,,
aomukeru,aomukeru（仰向）,仰向,他动,下一段（下二段）,A/B-A-x | aomuke（名词）: [0]-[0]-x,,使物体表面或正面朝上。,,ao-muk-e-,,,,,*-ai-,,,仰+向,仰.a|向.m,,,,3,1,0,,,,,,,,,,,afumuke-,,アフムク,アオムケル,日,,,,,,,,
aomuku,aomuku（仰向）,仰向,自动,五段（四段）,A-A-x | aomuki（名词）: [0]-[0]-x,,物体表面或正面朝上。,,ao-muk-,,,,,,,,仰+向,仰.a|向.m,,,,3,1,0,,,,,,,,,,,,afumuk-,アフムク,アオムク,日,,,,,,,,
aonagi*,aonagi*,,名,,,,（琉球）青蛇、彩虹。,,,*awo+([o])nagi,,,,,,,青+鰻,青.a|鰻.o,,,鱼,0,1,0,,,,,,,,,,,,,,,琉,,,,,,,,
aonagia*,aonagia*,,名,,,,（琉球）青蛇、彩虹。,,,*awo+([o])nagi-a,,,,*-a,,,青+鰻,青.a|鰻.o,,,,0,1,0,,,,,,,,,,,,,,,琉,,,,,,,,
aonokeru,aonokeru（仰）,仰,他动,下一段（下二段）,A/B-x-x | aonoke（名词）: [0]-[0]-x,,使物体表面或正面朝上。（= aomukeru）,,ao+nok-e-,,,,,*-ai-,,,仰+仰,仰.a|仰.n,,,,3,1,0,,,,,,,,,,,afunoke-,,アフノク,アオノケル,日,,,,,,,,
aonoku,aonoku（仰）,仰,自动,五段（四段）,A-A-x,,物体表面或正面朝上。（= aomuku）,,ao+nok-,,,,,,,,仰+仰,仰.a|仰.n,,,,3,1,0,,,,,,,,,,,afunok-,,アフノク,アオノク,日,,,,,,,,
aoraka,aoraka（青）,青,形动,,,,绿意盎然的样子。,,ao-ra-ka,,,,,*-ra-ka,,,,青.a,,,色,3,1,0,,,,,,,,,,aworaka,,,アヲラカ,アオラカ,日,,,,,,,,
aori,aori（障泥）,障泥 泥障,名,,3.4; 平平平 - [3]-[0]-x,3.4,鞍韂。,,a+or-i,,,,,*-i,,,足+触,足.a|触.p,,,,4,1,0,,,,,(泥障),,,,,auri 阿布利,,,アフリ,アオリ,日,,,,,,,,
aoru,aoru（呷）,呷,自动,五段（四段）,B-A-A,,一口闷。,,ao-r-,,,,,*-r-,,,,仰.a,,,,3,1,0,,,,,,,,,,,,aoru,アフル,アオル,日,,,,,,,,
aoru,aoru（煽）,煽,自动・他动,五段（四段）,?A/B; x - B-A-A | aori（名词）: x - [3]-[0]-A,?A/B,（他动）吹动、扇动、煽动；（自动，后起的）物（因风等而）动。（水纳语或为借词）,6247 | 煽.a.v | *ap[o]r- | B,ao-r-,宮古 *ap[o]-r-,*ap[o]-r-,,,*-r-,,,,扇.a,,,,3,1,0,,,,,,,,,,,aor-,,アフル,アオル,日|南琉宫,,,,,,,,
aosa,aosa（石蓴）,石蓴,名,,[0]-[0]-x x-B-x,,石莼（一种绿藻类海藻）、（北琉球冲绳）青海苔。,366 | 石蓴.a.n | *awasa | oC,ao-sa,*awa-sa,*aw[o]-sa,,,*-sa,,,,青.a,,,藻,3,1,0,,,,,,,,,,,aosa,,アヲサ,アオサ,日|琉,,,,,,,,
aoyaka,aoyaka（青）,青,形动,,4.11; 平平上平 - 2-x-x,4.11,绿意盎然的样子。,,ao-ya-ka,,,,,*-ya-ka,,,,青.a,,,,3,1,0,,,,,,,,,,awoyaka,,,アヲヤカ,アオヤカ,日,,,,,,,,
"apa* 1, aba* 2","apa* 1, aba* 2（鰧）",鰧,名,,,,（琉球）虎鱼。（= okoze）,5731 | 魚.a.n.4 | *apa | nC,,1 *apa | 2 *aba,,,,,,,,鰧.a,,清浊,鱼,0,1,0,,,,,,,,,,,,,,,琉,,,,,,,,
apamia*,apamia*（喧嘩）,喧嘩,名,,,,（南琉球宫古）战斗、打架。,,,宮古 *apa-m-ɛ-ɛ < *apa-m-i-a,,,,*-m-i-a,,,,合.a,喧嘩,,行为,0,1,0,,,,,,,,,,,,,,,南琉宫,,,,,,,,
aparage-*,aparage-*（美）,美,形,,,,（南琉球宫古）美丽的。,212 | 美気.a.a | *apara-ge-,,宮古 *apa+ra+ge-,,,,,,词缀化,美+re+気,喘.a|re|気.k,美,,,0,1,0,,,,,,,,,,,,,,,南琉宫,,,,,,,,
"apuapu 1, aQpuaQpu 2","apuapu 1, aQpuaQpu 2",2 [1]-[1=1]-x,副,,,,态：在水中呼吸困难大口吸气吐气的样子、苦于困境的样子。,,1 apu+apu | 2 aQpu+aQpu,,,,,,,,apu+apu,apu,,辅音延长,,2,1,0,,,,,,,,,,,,1 apuapu | 2 aQpuaQpu,,1 アプアプ | 2 アップアップ,日,,,,,,,,
aQpa,aQpa（母）,母,名,,,,母亲、妻子、男孩、（八丈）幼女。,244 | 母.a.n.3 | *aQpa,,*a(Q)pa,*apa,,,,,,,母.a.3,,,亲,2,1,0,,,,,,,,,,,,aQpa,,アッパ,日|琉,,,,,,,,
aQpa,aQpa（唖）,唖,名,,,,（方言）哑巴、婴儿、小孩。,,,,,,,,,,,哑.a,,,疾,1,1,0,,,,,,,,,,,,,,アッパ,日,,,,,,,,
aQpai,aQpai,,形,,,,（西日本）美丽的（幼儿语）。,,aQpa-,,,,,,,,,喘.a,美,,,0,1,0,,,,,,,,,,,,,,,西日|九,,,,,,,,
aQpare,aQpare（天晴）,天晴 遖,感叹・形动,,[0/1/3]-[0]-x. 镰仓 LLL. 江户 HHLL,,（感动）强烈感叹、干得好；（形动）值得赞扬的。,,aQpa+re,*aQpa+re,,,,,,,美+re,喘.a|re,美,,,2,1,0,,,,,,,,,,,aQpare,,,アッパレ,日,,,,,,,,
"aQpare-* 1, abare- 2","aQpare-* 1, abare- 2（美）",美,形,,,,（南琉球八重山）美丽的。,215 | 美.a.a | *apare-,,八重山 1 *aQpa+re- | 2 *aba+re-,,,,,,,美+re,喘.a|re,美,清浊,,0,1,0,,,,,,,,,,,,,,,南琉八,,,,,,,,
aQpu,aQpu,,名,,,,（九州）蛙。,,,,,,,,,,,蛙.a.1,,,两栖,1,1,0,,,,,,,,,,,,,,アップ,九,,,,,,,,
aQsari,aQsari,,副,,[3]-(3)-x,,态：人或物不复杂、人淡泊、不执拗的样子、不费事的样子。,,aQsa-ri,,,,,*-ri,,,,浅.a,,,,2,1,0,,,,,,,,,,,aQsari,,,アッサリ,日,,,,,,,,
ara,ara,,感,,[1/2]-[1]-x,,哎呀！（惊讶、感叹声，现代主要为女性使用）,,,,,,,,,,,ara,,,,2,1,0,,,,,,,,,,ara,,,,アラ,日,,,,,,,,
ara,ara（粗）,粗 荒 𩺊,名・形,Ø,2.2a; 上平 - [2]-[0/1]-A x-A-x,2.2a,（形）粗暴的、荒凉的、粗略的、粗糙的、未经加工的；（名）鱼类等的残骸、粗糠、人的缺点（方言：带着稻谷壳的大米、混在糙米或白米里的稻谷、稻谷壳等）。,247 | 粗.a.n | *ara | 2A,,*ara,*ara,,,,,,,粗.a,,,,2,1,0,,,,,ara 阿邏 阿良 (荒),,,,,,,,,アラ,日|琉,,,,,,,,
ara,ara（現）,現,形,Ø,,,可视存在的、出现了的。,,ar-a-,,,,,*-a-,,,,有.a,,,,2,1,0,,,,,ara (荒 現),,,,,,,,,アラ,日,,,,,,,,
ara,ara（新）,新,名・形,Ø,2.5; [1]-[1]-x,2.5,（名）新品；（形）新的。,248 | 新.a.a | *ara-,ara,*ara,*ara,,,,,,,新.a,,,,2,1,0,,,,,ara 阿良,,,,,,,,,アラ,日|琉,,,,,,,,
"araara 1, arara 2","araara 1, arara 2",,感叹,,1 [1]-x-x | 2 [3]-x-x,,声：因意外而吃惊，现在主要为女性使用。,,1 ara+ara | 2 ara+(a)ra,,,,,,,,ara+ara,ara,,音节缩短,,3,1,0,,,,,,,,,,1 araara,,2 arara,,1 アラアラ | 2 アララ,日,,,,,,,,
araara,araara（粗粗）,粗粗 荒荒,形动・副,,?4.9; 平上x平 (?= *平上x平) - [3]-[0]-x,?4.9,粗略地、大致地、粗暴地、剧烈地。,,ara+ara,,,,,,,,粗+粗,粗.a|粗.a,,,,2,1,0,,,,,,,,,,araara,,,,アラアラ,日,,,,,,,,
"arabiru 1, arebiru* 2","arabiru 1, arebiru* 2（荒）",荒,自动,上一段（上二段/上一段）,?A; [B]-x-x,?A,闹、荒芜、（感情）疏离。,,1 ara-bi- | 2 are-bi-,,,,,1 *-mpǝi- | 2 *-(a)C(i)-i-mpǝi-,,,,粗.a,,上一二段,,4,1,0,,,,,1 arabi2- (荒芒 荒振 荒備流) (上一段/上二段),,,,,1 arabi- (荒比留) (上一段) | 2 arebi- (上二段),,,1 アラブ | 2 アレブ,1 アラビル | 2 アレビル*,日,,,,,,,,
aragae-*,aragae-*（大）,大,自动,,x-x-x x-A-x,,（北琉球冲绳）（蔬菜、谷物等、（小孩、女性）人体）变大（且大于普通水平）。,,,沖縄 *ara+gapa-i-,,,,,,形=に+动,粗+交,粗.a|交.k,,,,0,1,0,,,,,,,,,,,,,,,北琉冲,,,,,,,,
aragau,aragau（争）,争 諍 抗,自动,五段（四段）,?B; B - B-A-x | aragai（名词）: [0/3]-[0]-x. 室町 HHHH,?B,争吵、抵抗、赌。,7341 | 抗.a.v | *aragap-,ara+gaw-,宮古 *ara+gap-,*ara+N+kap-,,,,,形=に+动,粗+交,粗.a|交.k,,,,4,1,0,,,,,(諍),,,,,aragaw-,,,アラガフ,アラガウ,日|南琉宫,,,,,,,,
aragawar-*,aragawar-*（競）,競,他动,,x-x-x x-B-x,,（北琉球冲绳）竞争、争论。,,,沖縄 *ara+gapa-r-,,,,,,形=に+动,粗+交,粗.a|交.k,,,,0,1,0,,,,,,,,,,,,,,,北琉冲,,,,,,,,
arai,arai（荒）,荒 粗 笨 疏 疎 麁 暴,形,イ（ク）,A; A - A-B-A A-A-B. 镰仓 A/B. 室町 A. 江户 A/B,A,粗暴的、粗糙的、粗大的、粗略的、剧烈的、未经精制的、空隙大的。,249 | 荒.a.a | *ara- | iA,ara-,*ara-,*ara-,,,,,,,粗.a,,,,4,1,0,,,,,ara- (暴 野 麁 安良伎),,不明 ara- (安良 阿良 阿良之),,,,,,アラシ,アライ,日|琉,,,,,,,,
araka,araka（殿）,殿,名,,[1]-x-x. 镰仓 HHL,,宫殿、住处。,,ar-a+ka,,,,,*-a+CP,,,有+処,有.a|処.k,,,,3,1,0,,,,,araka (御在香),,,,,araka 阿良可,,,,アラカ,日,,,,,,,,
arakazime,arakazime（予）,予 預,副,,5.4; 上上平平平 - [0]-[0]-A. 室町 LHLLL,5.4,预先、事先、大体情况。（主要用于汉文训读，对应和文训读的 kanete）,,ar=ak(u)+(h)azim-e,,,,,*-a(i)-i,,,有+始,有.a|始.p,,,,3,1,0,,,,,(預 予),,,,,arakazime,,,,アラガジメ,日,,,,,,,,
arakeru,arakeru（散）,散 粗 荒,自动・他动,下一段（下二段）,?B. 镰仓 arakuru LLLH,?B,（自动）四散、相离、骚动；（他动，后起的）散开、隔开、铲开；（南琉球八重山与那国）开垦。,258 | 粗.a.v | *arake-,ar(a)+ake-,八重山 ar(a)+ake-,*ar(a)+aka-i-,,,*-i-,,,粗+開,粗.a|明.a,,,,4,1,0,,,,,(散),,,,,,arake-,,アラク,アラケル,日|南琉八,,,,,,,,
arakuta*,arakuta*（芥）,芥,名,,,,（南琉球）垃圾、尘埃。,7384 | 芥.a.n.2 | *ara+kuta,,南 *ara+kuta,,,,,,,粗+芥,粗.a|芥.a,,,废,0,1,0,,,,,,,,,,,,,,,南琉,,,,,,,,
arara,arara（粗）,粗,形,Ø,,,疏松的。,,ara-ra-,,,,,*-ra-,,,,粗.a,,,,2,1,0,,,,,arara 阿良々,,,,,,,,,アララ,日,,,,,,,,
araragi,araragi（蘭）,蘭 塔,名,,?4.9; 平上上x (?= *平上上平) - [0]-[0]-x,?4.9,山蒜、行者葫、紫杉、赤柏松、塔。,,ara-ra+gi,,,,,*-ra,,形=の+名,粗+葱,粗.a|葱.k,,,草|木,5,1,0,,,,,(蘭),,,,,araraki 安良良支 阿良良岐,,araragi,アララキ,アララギ,日,,,,,,,,
araraka,araraka（粗）,粗 荒,形动,,[2]-x-x,,粗糙的样子、粗略的样子、粗暴的样子、（人）不成熟多样子、杂乱的样子。,,ara-ra-ka,,,,,*-ra-ka,,,,粗.a,,,,2,1,0,,,,,,,,,,araraka,,,,アララカ,日,,,,,,,,
arare,arare（霰）,霰,名,,3.1; 上上上 - [0]-(0)-B,3.1,雹、霰。,264 | 霰.a.n | *arare | xB,ara-re,*ara-re,*ara-r[e],,,*-r[e],,,,粗.a,,,天象,3,1,0,,,,,arare 阿良礼 (霰),,常陸 arare 阿良例,,,,,,,アラレ,日|琉,,,,,,,,
aras-*,aras-*（有）,有 在,他动,,,,使存在、使有。,267 | 在.a.v.2 | *ar-as- | B,,*ara-s-,,,,*-s-,,,,有.a,,,,0,1,0,,,,,,,,,,,,,,,琉,,,,,,,,
aras-*,aras-*（誘）,誘,他动,,,,（南琉球宫古）诱惑。,266 | 誘.a.v.2 | *ar(e)-as-,,宮古 *ara-s-,,,,*-s-,,,,誘.a,,,,0,1,0,,,,,,,,,,,,,,,南琉宫,,,,,,,,
arasi,arasi（嵐）,嵐,名,,?3.4; 平平平 - [1]-[1]-A x-A-B.1700 大阪 HHL,?3.4,暴风、暴风雨。,269 | 嵐.a.n | *arasi | xA,ara+si,*ara+si,*ara+si,,,,,,粗+風,粗.a|風.s,,,风,2,1,0,,,,,arasi (荒足 下風),,,,,,,,,アラシ,日|琉,,,,,,,,
arasou,arasou（争）,争 諍,自动・他动,五段（四段）,"?B; B - B-A-A x-B-x. 室町, 江户 HHLL, HHHH | arasoi（名词）: x - [0/3]-[0]-A x-B-x. 室町, 江户 HHHL",?B,（自动）抗拒、争斗、主张；（他动）竞争。,6234 | 争.a.v | *arasop- || 270 | 争.a.n | *arasop-i,ara+sow-,*ara+sop-,*ara+sop-,,,,,,荒+戯,粗.a|戯.s,,,,4,1,0,,,,,araso1p- (安良蘇布 阿良蘇波 荒争 相競 相挌),,不明 araso1p- (安良蘇比),,,,,,アラソフ,アラソウ,日|琉,,,,,,,,
arasu,arasu（荒）,荒,自动・他动,五段（四段）,A; A - A-A-A x-A-x. 江户 HHH,A,（他动）损坏、破坏、伤害、使变荒芜；（自动，后起的）刮大风（名词逆构词，来自 arasi）。,265 | 荒.a.v.2 | *ar(e)-as- | A,ara-s-,*ara-s-,*ara-s-,,,*-s-,,,,粗.a,,,,2,1,0,,,,,aras- (安良之 荒),,,,,,,,,アラス,日|琉,,,,,,,,
arata,arata（新）,新 灼,形动,,"3.4; 平平平 - [1]-[1]-B x-x-(B). 镰仓 LLH. 室町 HLL, HHH",3.4,新的样子、重新的样子、新鲜的样子、显著的样子。,,ara-ta,,,,,*-ta,,,,新.a,,,,3,1,0,,,,,(新),,,,,arata,,,,アラタ,日,,,,,,,,
aratamaru,aratamaru（改）,改 革,自动,五段（四段）,B; (B) - B-A-B x-B-x,B,焕新、改善、重新。,271 | 改.a.v | *arata-mar-,ara-ta-ma-r-,*ara-ta-ma-r-,*ara-ta-ma-r-,,,*-ta-ma-r-,,,,新.a,,,,2,1,0,,,,,aratamar- (阿良多麻良 新),,,,,,,,,アラタマル,日|琉,,,,,,,,
aratameru,aratameru（改）,改 革 更 悛,他动,下一段（下二段）,"B; B - B-A-B x-B-x. 室町, 江户 aratamuru HHHLL | aratame（名词）: [4]-[0]-x",B,改新、改善、重新、整理（仪容等）、斟酌。,272 | 改.a.v.2 | *arata-me-,ara-ta-m-e-,*ara-ta-m-e-,*ara-ta-ma-i-,,,*-ta-ma-i-,,,,新.a,,,,3,1,0,,,,,aratame2- (阿良多米),,,,,,,,アラタム,アラタメル,日|琉,,,,,,,,
"aratasii* 1, atarasii 2","aratasii* 1, atarasii 2（新）",新,形,シイ（シク）,B; B - B-B-B (B)-(A)-x. 镰仓 atarasiki LLLLF. 江户 atarasiki HHHLL,B,新的、新鲜的。（中古时 t/r 调转，与 atarasii（可惜）混同）,,1 ara-ta-si- | 2 atara-si-,,,,,*-ta-si-,,,,新.a,,音节调换,,4,1,0,,,,,1 aratasi- (安良多之支 新),,,,,2 atarasi-,,,1 アラタシ | 2 アタラシ,1 アラタシイ* | 2 アタラシイ,日,,,,,,,,
arau,arau（洗）,洗,他动,五段（四段）,"A; A - A-A-A A-A-A. 镰仓, 室町, 江户 HHH | arai（名词）: [0]-[0]-x",A,洗、洗涤（内心）、调查（隐情）。,260 | 洗.a.v | *arap- | iA || 263 | 洗.a.n | *arap-i,ara-w-,*ara-p-,*ara-p-,,,*-p-,,,,新.a,洗,,,4,1,1,,,,,,,常陸 能登 arap- (安良布 洗),,,araw-,,,アラフ,アラウ,日|琉,,,,,,,"pMo *ari-（变清洁）, *arï-（变清洁）; WMo. ariɣ（纯洁的、干净的）, ariɣun (ᠠᠷᠢᠭᠤᠨ, ариун (ariun))（1 纯洁的、干净的、清楚的、纯洁）, arči-（2 擦净、清洁、消除）, MMo. ariun (1), arči- (2), aril- (3 变干净、清理), arilqa- (2) , Khal. ariun (1), arči- (2), aril- (3), Bur. aŕūn (1), arša- (2), Kalm. ärü:n (1), arč- (2), Ordos aru:n (1), arci- (2), Dong. arun (1), ači- (2), Bao. aruŋ (1), Dag. aru:n (1), arči- (2), Mgr. arin (1), Mgr. arili- (3), Mgr. ariŋge (干净地), arire- (变纯洁), Mogol oru:n (1), Eastern Yugur aru:n (1); pTk *arï-（变干净）; OTk. arï- (1 变干净、变纯洁), Az. (dial.) arï (2), arït- (3), Tkm. arïg (2), art- (3), Tk. arï (2 纯洁的、干净的), art- (3 清洁、净化), Osm. arït- (擦净), Uz. (dial.) ari- (1), Uig. eriq (2), Tat. aru (2), Kirg. aru: (2), Kaz. aru (2), Bash. arɨw (2), Balk. arɨw (2), Kpak. aruw (2), S-Yug arɨɣ (2), Tuva arïɣ (2), arït- (3), Khak. arɨɣ (2), Yakut: ɨra:s (2), ɨrɨt-（挑选小水果）, Dolg. ɨras (2), Khalaj arɨɣ (2), arut- (3), Chu. ɨră（好的）, irt-（挑选小水果、去掉树的内部部分）",
arawa,arawa（露）,露 顕,形动,,3.7a/b; x - [0/1]-(2)-B,3.7a/b,明显的样子、暴露的样子、明白的样子、露骨的样子、公然的样子。,,ara-wa,,,,,*-pa,,,,有.a,,,,3,1,0,,,,,arapa 阿羅幡 (露),,,,,,,,アラハ,アラワ,日,,,,,,,,
arawa*,arawa*（外）,外,名,,,,（琉球）外部、远海（=? 日语 arawa）。,261 | 外.a.n | *arapa | 7?X,,*ara-pa,,,,*-pa,,,,有.a,,,,0,1,0,,,,,,,,,,,,,,,琉,,,,,,,,
arawareru,arawareru（現）,現 著 顕,自动,下一段（下二段）,"?B; B - B-A-A x-B-x. 镰仓 arawaruru LLLLH. 室町, 江户 arawaruru HHHLL | araware（名词）: x-[3/4]-[0]-A",?B,出现、显现、被发现、败露。,5702 | 現.a.v | *arapare-,ara-wa-re-,*ara-pa-re-,*ara-pa-ra-i-,,,*-pa-ra-i-,,,,有.a,,,,4,1,0,,,,,(発覚 所顕 見),,,,,araware-,,,アラハル,アラワレル,日|琉,,,,,,,,
arawaru*,arawaru*,,自动,五段（四段）,,,（上代东国）出现。,,ara-wa-r-,,,,,*-pa-r-,,,,有.a,,,,3,1,0,,,,,,,上野 arapar- (安良波路),,,,,,アラハル,アラワル,东日,,,,,,,,
arawas-*,arawas-*（洗）,洗,他动,,,,（南琉球）使洗。,,,南 *ara-pa-s-,,,,*-pa-s-,,,,新.a,洗,,,0,1,0,,,,,,,,,,,,,,,南琉,,,,,,,,
arawasu,arawasu（表）,表 現 顕 著 見 呈 形 彰 暴 露,他动,五段（四段）,"平平上平. 镰仓 LLLH. 室町, 江户 HHLL",,表现、披露、暴露、造物、撰写。,5701 | 現.a.v.2 | *arapas-,ara-wa-s-,*ara-pa-s-,*ara-pa-s-,,,*-pa-s-,,,,有.a,,,,3,1,0,,,,,arapas- (阿良波佐 安良波之),,,,,,,,アラハス,アラワス,日|琉,,,,,,,,
are,are（彼）,彼,代,,2.2a; (上平) - [0]-[1]-A A-A-(x). 镰仓 HL. 室町 HH?. 江户 HL. 1700 大阪 HL,2.2a,那个（远）、那人、那里、过去的事、某件事、您。（中古出现，代替 kare。中古有中指示的用法）,274 | 彼.a.n | *are | 2A,a-re,*a-re,*a-r[e],,,*-r[e],,,,彼.a,,,,2,1,1,,,,,,,,,,are,,,,アレ,日|琉,,,,,,,Middle Mongolian (Secret History) an-; Dagur a:n; pMo a-,
are,are（餠）,餠粉,名,,2.3; 平平,2.3,和面用的麦粉（现代主要在九州使用）。,,are ?< *ara-i,,,,,*-i?,,,,粗.a,,,肴,2,1,0,,,,,,,,,,are 阿礼,,,,アレ,日,,,,,,,,
are,are（村）,村,名,,,,村。,,,,,,,,,,,村.a,,,区划,2,1,0,,,,,"[are] (村), [(ip)are] ((石)村)",,,,,,,,,アレ,日,,,,,,,,
are,are（吾）,吾 我,代,,2.4; 平上 - [1]-(0)-x. 镰仓 LH,2.4,我。（中古被 ware 代替）,,a-re,,,,,*-r[e],,,,吾.a,,,,3,1,0,,,,,are 阿礼,,遠江 相模 上総 常陸 不明 are 安礼 阿礼 阿例 (吾),,,,,,,アレ,日,,,,,,,,
areru,areru（荒）,荒,自动,下一段（下二段）,"A; A - A-A-A B-A-x. 镰仓, 江户 aruru HHH | are（名词）: x - [0]-[0]-A",A,活动激化、闹、变荒废、变混乱、（生活）变颓废、（皮肤）变粗糙。,276 | 荒.a.v | *are- || 275 | 荒.a.n | *are | 1A,are-,*are-,*ara-i-,,,*-i-,,,,粗.a,,,,3,1,0,,,,,are- (阿礼 荒),,,,,,,,アル,アレル,日|琉,,,,,,,,
areru,areru（現）,現 生,自动,下一段（下二段）,B,B,（神圣之物）出现、出生。,,are-,,,,,*-i-,,,,有.a,,,,3,1,0,,,,,are- (阿礼),,,,,,,,アル,アレル,日,,,,,,,,
areta*,areta*,,代,,,,（北琉球）他们。,,,北 *a-re-ta,,,,*-ta,,,,彼.a,,,,0,1,0,,,,,,,,,,,,,,,北琉,,,,,,,,
ari,ari（蟻）,蟻,名,,?2.1; x - [0]-[0]-B (A)-A-(C),?2.1,蚂蚁。,,,*ari,*ari,,,,,,,蟻.a,,,虫,3,1,0,,,,,(蟻),,,,,ari 安利,,,,アリ,日|琉,,,,,,,,
aria*,aria*（蟻）,蟻,名,,,,（琉球）蚂蚁。,,,*ari-a,,,,*-a,,,,蟻.a,,,虫,0,1,0,,,,,,,,,,,,,,,琉,,,,,,,,
ariake,ariake（有明）,有明 在明,名,,"?4.8, ?4.9; 平上xx - [0]-(0)-B","?4.8, ?4.9",阴历十六以后，尚有月亮的黎明；黎明。,,ar-i+ake,,,,,*-i,,,有+明,有.a|明.a,,,,2,1,0,,,,,,,,,,ariake,,,,アリアケ,日,,,,,,,,
arigara*,arigara*（蟻）,蟻,名,,,,（南琉球宫古）蚂蚁。,,,宮古 *ari+gara ?< *ari+gasira,,,,,,名=の+名,蟻+頭?,蟻.a,,si 缩减?,节肢,0,1,0,,,,,,,,,,,,,,,南琉宫,,,,,,,,
arigatai,arigatai（有難）,有難,形,イ（ク）,B; x - B-B-B. 室町 arigataki HHHLL?. 江户 arigataki HHLLL?,B,难得的、难以存活的、优秀的、值得感激的、值得高兴的。（连用形 arigataku > arigatou。汉文训读 arukotokatasi（難有））,,ar=i+gata-,,,,,,,动=に+动,有+堅,有.a|堅.k,,,,3,1,0,,,,,arigatasi- (安里我多之),,,,,,,,アリガタシ,アリガタイ,日,,,,,,,,
arigatou,arigatou（有難）,有難,句,,[2]-[3]-x,,谢谢（来自 arigata(k)u gozai masu）。,,ar=i+gato=u ?< *ar-i+gata=ku,,,,,,,动=に+动,有+堅,有.a|堅.k,,,,3,1,0,,,,,,,,,,,arigatau,,アリガタウ,アリガトウ,日,,,,,,,,
arihisi,arihisi,,名,,,,（百济）南。,,,,,,,,,,,南.a,,,方,1,1,1,百濟 阿利比志 アリヒシ,,,,,,,,,,,,,,朝,,"前、南：MK 앒 (àlph), K 앞 (ap)",,,,,,
arika,arika（在処）,在処 在所,名,,3.4; 平平平 - [0/1/3]-[1]-B. 镰仓 LLL,3.4,所在。,,ar-i+ka,,,,,*-i,,,有+処,有.a|処.k,,,,2,1,0,,,,,,,,,,arika,,,,アリカ,日,,,,,,,,
arikas-*,arikas-*（歩）,歩,他动,,,,（琉球）使步行、使移动。,6716 | 歩.a.v.2 | *arik-as-,,*ar=(i)+ika-s-,,,,*-s-,,,有+行,有.a|行.i,,,,0,1,0,,,,,,,,,,,,,,,琉,,,,,,,,
"arinoko 1, ariko 2","arinoko 1, ariko 2（蟻子）",蟻子,名,,,,蚂蚁（幼虫）、（方言、琉球）蚂蚁。,,1 ari=no+ko | 2 ari+ko,2 *ari+ko,*ari=(no)+ko,,,,,,蟻=(の)+子,蟻.a|小.k,,音节缩减,虫,2,1,0,,,,,1 arino2ko1 安利乃古,,,,,,,,,1 アリノコ,日|琉,,,,,,,,
ariso,ariso（荒磯）,荒磯,名,,"?3.5a, ?3.6; x - [0]-[0]-x. 镰仓 LLH/LHH","?3.5a, ?3.6",多石且波涛汹涌的海滨（= araiso）。,,ar(a)+iso,,,,,,,,粗+磯,粗.a|石.i,,,地形,3,1,0,,,,,ariso1 安里蘇,,不明 ariso1 安里蘇,,,,,,,アリソ,日,,,,,,,,
"arozi 1, aruzi 2","arozi 1, aruzi 2（主）",主,名,,3.5b; xx上 - [1]-[1]-B. 镰仓 LLH. 江户 HLL,3.5b,国或家之长、主人、招待、招待者。,285 | 主.a.n | *arozi | 5,1 ar=o+zi | 2 ar=u+zi,1 *ar=o+zi,*ar=o+n(o)si,,,,,,有+主,有.a|主.n,,u/o,,3,1,0,,,,,1 aro1zi 安路自 (主),,,,,2 aruzi,,,,1 アロジ | 2 アルジ,日|琉,,,,,,,,
arui wa,aru i wa（或）,或 有,副・接续,,4.8; 平上上上 - [2]-(2)-B. 镰仓 LHHH. 江户 LLHH,4.8,（连体）某（人、时）、或；（接续）另一方面；（副）或许。（EMJ 初期，aruiwa 用于人，aruwa 用于物或场所，EMJ 中期合流为 aruiwa）,,ar=u+i=wa,,,,,,,,有+い=は,有.a,,,,2,1,0,,,,,,,,,,aru i wa,,,,アルイハ,日,,,,,,,,
aru wa,aru wa（或）,或 有,接续,,[1]-x-x,,某（处、场合）、或、一方面。,,ar=u=wa,,,,,,,,有=は,有.a,,,,2,1,0,,,,,,,,,,aru wa,,,,アルハ,日,,,,,,,,
aru,aru（有）,有 在 或 存,自动,五段（ラ变）,B; B - B-B-B B-B-C. 镰仓 aru LH | ari: [1]-[1]/(0)-x,B,存在、有、（连体）某；琉球用于无生命。（ari- 可用做前缀，可能表示经常性、重复性、持续性动作。做助动词时，通常仅起一个支持更多活用变形的功能，特别是用于形容词。是强元音助动词，用在形容词后时，会导致前面的 u 音被删除：=ku ari > =kari。接在 =te 后表示完成-继续体、接在 =tutu 后表示习惯性动作）,245 | 在.a.v | *ar- | ii || 246 | コピュラ.a.v | *ar-,ar-,*ar-,*ar-,,,,,,,有.a,,,,5,1,1,,,,,ar- (阿良 安利 安里 阿理 阿留 阿流 安流),,信濃 遠江 駿河 武蔵 下総 上総 常陸 上野 不明 ar- (安里 安利 阿利 安良 阿良 安路 阿流 阿礼 安礼 -a良 -a流 -a利 -a例),,,,aru,,アリ,アル,日|琉,,,,,,,"pMo *a-（停留、生活、存在）, Khitan *a-（存在）, OTk -A-（名词派生的动词）, OTk -(A)r（从动词派生名词的后缀）, OTk -A（系词）, OTk. -(A)r-（名词派生的不及物动词）",
"aruku 1, ariku 2","aruku 1, ariku 2, arak-* 3（歩）",歩 行,自动,五段（四段）,B?< B+A; B - B-B-B B-B-B. 镰仓 LHH. 江户 LLH | aruki: [3]-[0]-x | ariki: [3]-x-x,,移动、步行。,283 | 歩.a.v | *arik- | iiiB || 284 | 歩.a.n | *arik-i,1 ar=(i)+(y)uk- | 2 ar=(i)+ik-,2 *ar=(i)+ik- | 3 *ara+(i)k-,1 *ar=(i)+(y)uk- | 2 *ar=(i)+ik-,,,,,,有+行,有.a|行.i,,u/i,,3,1,0,,,,,1 aruk- (阿流久),,,,,2 arik-,,,,1 アルク | 2 アリク,日|琉,,,,,,,,
"arusi, arosi","arusi, arosi",,名,,,,（百济）底部、下面。,,,,,,,,,,,南.a,,记音,方,1,1,1,百濟 阿留之 アルシ アロシ,,,,,,,,,,,,,,朝,,"底部、下面：MK 아라- (àlá-; 아라웋〮 àlà-wúh，上下), 아래〮 (àláy,?< àlá-áy)；K 아래 (arae)",,,,,,
asa,asa（朝）,朝,名,,2.5; x - [1]-(2)-B (x)-B-(x). 镰仓 LL. 江户 LF,2.5,早晨。,289 | 朝.a.n | *asa | 3~5 X > B?,,*asa,*asa,,,,,,,朝.a,,,时,3,1,1,,,,,asa 阿佐,,上野 asa 安佐,,,,,,,アサ,日|琉,,早晨：MK 아ᄎᆞᆷ〮 (àchóm)；K 아침 (achim),,,,,,
asa,asa（麻）,麻,名,,2.3; 平平 - [2]-[0]-B B-A-x. 镰仓 LL. 江户 LH,2.3,麻、麻制布料或服装。,288 | 麻.a.n | *asa | 3? X,,*asa,*asa,,,,,,,麻.a,,,草,4,1,1,,,,,(麻),,不明 asa 安左,,,asa,,,,アサ,日|琉,,大麻：MK 삼〮 (sàm)；K 삼 (sam),,,,,,
asa*,asa*（父）,父,名,,,,（南琉球）父亲、祖父。,290 | 父.a.n | *asa | C,,南 *asa,,,,,,,,父.a.1,,,亲,0,1,0,,,,,,,,,,,,,,,南琉,,,,,,,,
"asabayaka 1, asahayaka 2","asabayaka 1, asahayaka 2（浅）",浅,形动,,?5.16; 平平平平上  ?= *平平平上平,?5.16,浅的样子。,,1 asa-ba-ya-ka | 2 asa-ha-ya-ka,,,,,1 *-ba-ya-ka | 2 *-pa-ya-ka,,,,浅.a,,清浊,,3,1,0,,,,,,,,,,1 asabayaka,2 asafayaka,,,1 アサバヤカ | 2 アサハヤカ,日,,,,,,,,
asaborake,asaborake（朝朗）,朝朗,名,,5.11; x - [0/3]-[0]-x.  镰仓 LLLHL,5.11,破晓、黎明、天微亮。,,asa+bor(o)+ake,,,,,*-(i)-i,,名=の+名,朝+朧+明,朝.a|朧.ǝ|明.a,,,时,2,1,1,,,,,,,,,,asaborake,,,,アサボラケ,日,,变红：MK 븕다 (pulkta)；K 붉다 (bukda)；濟州 ᄇᆞᆰ다 (polkta)（变亮）,,,,,,
asagao,asagao（朝顔）,朝顔,名,,刚睡醒的脸: [0]-(3)/[2]-x | 牵牛花: 平平上平 - [2]-[1]-B. 江户 上上平平,,刚睡醒的脸、牵牛花、桔梗、木槿、蜉蝣。,,asa+gao,,,,,,,名=の+名,朝+顔,朝.a|顔.k,,,草,4,1,0,,,,,(朝㒵),,,,,asagawo 阿佐加保,,,アサガホ,アサガオ,日,,,,,,,,
asahaka,asahaka（浅）,浅,形动,,4.11; 平平上平 - [2]-[3]-x,4.11,浅的样子。,,asa-ha-ka,,,,,*-pa-ka,,,,浅.a,,,,2,1,0,,,,,,,,,,asafaka,,,,アサハカ,日,,,,,,,,
asahi,asahi（朝日）,朝日 旭,名,,3.5b; 平平上 [1/2]-[1]-B. 江户 HLL,3.5b,朝阳、旭日。,,asa+hi,,,,,,,,,朝.a,,,天象,3,1,0,,,,,asapi1 阿佐比 (安佐日),,上野 asapi1 (安佐日),,,,,,,アサヒ,日,,,,,,,,
asai,asai（浅）,浅,形,イ（ク）,A; A - A-B-A A-A-A,A,浅的、淡的。,291 | 浅.a.a | *asa- | iA,asa-,*asa-,*asa-,,,,,,,浅.a,,,,3,1,0,,,,,asa- (安左 阿佐 浅),,,,,,,,アサシ,アサイ,日|琉,,,,,,,,
"asake 1, asaake 2","asake 1, asaake 2（朝明）",朝明,名,,"1 ?3.4, ?3.5x. 镰仓 LLL/LLH | 2 [0/4]-[0]-x","?3.4, ?3.5x",破晓、黎明。,,1 as(a)+ake | 2 asa+ake,,,,,*-(i)-i,,,朝+明,朝.a|明.a,,音节缩减,时,3,1,0,,,,,1 asake2 安佐気,,,,,2 asaake,,,,1 アサケ | 2 アサアケ,日,,,,,,,,
asamasii,asamasii（浅）,浅,形,シイ（シク）,B-B-x,,意外的、扫兴的、过分的、可悲的、贫困的、可怜的。,,asa-ma-si-,*asa-ma-si-,*asa-ma-si-,,,*-ma-si-,,,,浅.a,,,,3,1,0,,,,,,,,,,asamasi-,,,アサマシ,アサマシイ,日|琉,,,,,,,,
asamu,asamu（浅）,浅,自动・他动,五段（四段）,?A; x - A/B-A-x | asami（名词）: [0]-x-x,?A,（自动）（因未达预期而）惊讶、扫兴；（他动）惊讶、轻视。,,asa-m-,,,,,*-m-,,,,浅.a,,,,2,1,0,,,,,,,,,,asam-,,,,アサム,日,,,,,,,,
asari,asari（浅蜊）,浅蜊,名,,[0]-[0]-x,,蛤蜊、贝。,,asar-i,*asar-i,*asar-i,,,*-i,,,,漁.a,,,,2,1,0,,,,,,,,,,,,asari,,アサリ,日|琉,,,,,,,,
asaru,asaru（漁）,漁,他动,五段（四段）,B; B - A/B-A-B x-B-x | asari（名词）: ?3.4; x - [0]-x-B. 江户 HHH,B,觅食、抓（鱼、贝、海藻类）、搜索。（名词：钓鱼）,302 | 漁.a.v | *asar- || 303 | 潮干狩.a.n | *asar-i,asar-,*asar-,*asar-,,,,,,,漁.a,,,,2,1,0,,,,,asar- (安佐留 阿佐里 安佐里),,,,,,,,,アサル,日|琉,,,,,,,,
asasa*,asasa*（蝉）,蝉,名,,x-x-x x-B-x,,（琉球）蝉。,304 | 蝉.a.n | *asasa | nX,,*asasa,,,,,,,,蝉.a,,,虫,0,1,0,,,,,,,,,,,,,,,琉,,,,,,,,
"asate 1, asaQte 2, asite* 3, asito* 4","asate 1, asaQte 2, asite* 3, asito* 4（明後日）",明後日,名,,1 平平上 - [2]-[0/2]-B B-B-C | 2 ?4.6; [2]-[0/3]-x,,后天。,305 | 明後日.a.n | *asate | oC,1 asa+te | 2 asa+Qte,1 *asa+te | 3 南 *asi+te | 4 八重山 *asi+to,*asa+t[e],,,,,,朝+?,朝.a,明後日,a/i|e/o,,3,1,0,,,,,,,,,,1 asate,2 asaQte,,,1 アサテ | 2 アサッテ,日|琉,,,,,,,,
asatenoimaatya*,asatenoimaatya*（明明後日）,明明後日,名,,,,（北琉球）大后天。,,,北 *asate=no+atya < *asate=no+asita,,,,,,,明後日=の+今+明日,朝.a|今.i,明後日,,时,0,1,0,,,,,,,,,,,,,,,北琉,,,,,,,,
asaza,asaza（莕菜）,莕菜 荇菜,名,,"?3.6, ?3.1; 平平平/平上上 - [0]-[0]-x","?3.6, ?3.1",荇菜（浅水性植物）。,,asa-za,,,,,*-sa,,,,浅.a,,,草,4,1,0,,,,,azasa 阿邪左,,,,,,asaza,,アザサ,アサザ,日,,,,,,,,
asazi,asazi（鱖）,鱖,名,,3.5; 平平上,3.5,鳜鱼。,,,,,,,,,,,鱖.a,,,鱼,3,1,0,,,,,,,,,,asadi 阿散知,,,アサヂ,アサジ,日,,,,,,,,
ase,ase（汗）,汗,名,,2.5; 平上 - [1]-(2)-B x-B-B. 镰仓 LH-L. 江户 LF,2.5,汗。,306 | 汗.a.n | *ase | 5B,,*ase,*asa-i,,,*-i,,,,汗.a,,,分泌物,2,1,0,,,,,,,,,,ase 阿勢 阿世,,,,アセ,日|琉,,,,,,,,
asebamu,asebamu（汗）,汗,自动,五段（四段）,B; x - B-B-B,B,出汗。,,ase-bam-,,,,,*-i-bam-,,,,汗.a,,,,2,1,0,,,,,,,,,,,,asebam-,,アセバム,日,,,,,,,,
asegak-*,asegak-*,,自动,,x-x-x x-A-x,,（北琉球）焦躁、慌张。,,,北 *ase+gak-,,,,*-i-,,,汗+掻,汗.a|掻.k,,,,0,1,0,,,,,,,,,,,,,,,北琉,,,,,,,,
asegaru,asegaru（焦）,焦,自动,五段（四段）,,,（方言）焦躁、慌张。,,ase-ga-r-,,,,,*-i-ga-r-,,,,汗.a,,,,1,1,0,,,,,,,,,,,,,,アセガル,九,,,,,,,,
asegumu,asegumu（汗）,汗,自动,五段（四段）,B,B,出汗。,,ase-gum-,,,,,*-i-gum-,,,,汗.a,,,,2,1,0,,,,,,,,,,asegum-,,,,アセグム,日,,,,,,,,
"asemo 1, asebo 2","asemo 1, asebo 2（汗疹）",汗疹 熱沸瘡,名,,[3]-(2)-x B,,汗疹。,308 | 汗疹.a.n | *asebo | 4B,1 ase+(i)mo | 2 ase+(i)bo,2 *ase+(i)bo,*asa-i+(i)bo,,,*-i,,,汗+疣,汗.a|疣.i,,b/m,分泌物,3,1,0,,,,,,,,,,1 asemo 阿世毛,2 asebo,,,1 アセモ | 2 アセボ,日|琉,,,,,,,,
aseru,aseru（焦）,焦,自动,下一段（下二段）,B; x - B-A-B x-(A)-x,B,焦躁、慌张。,310 | 焦.a.v | *aser-,ase-,宮古 *ase-,*asa-i-,,,*-i-,,,,汗.a,,,,3,1,0,,,,,,,,,,ase-,,,アス,アセル,日|南琉宫,,,,,,,,
aseru,aseru（浅）,浅 褪,自动,下一段（下二段）,?A/B; x - A/B-B-A. 镰仓 asuru HHH,?A/B,变浅、褪色、衰退。,,ase-,,,,,*-i-,,,,浅.a,,,,4,1,0,,,,,(浅),,,,,ase-,,,アス,アセル,日,,,,,,,,
"asi 1, asu- 2","asi 1, asu- 2（足）",足 脚 疋,名,,1 2.3; 平平 - [2]-[1]-B (A)-(B)-x. 镰仓 LL. 室町 HL. 1700 大阪 HL,2.3,下肢、脚。,313 | 足.a.n | *asi | 3B,1 a-si | 2 a-su-,1 a-si,*a-su-i,,,1 *-su-i,,,,足.a,,被露,器官,3,1,1,,,,,1 asi 阿斯 阿之 | 2 asu- 安須,,1 信濃 不明 asi 安思 (足) | 3 下総 a（可独用）,,,,,,,1 アシ | 2 アス-,日|琉,,,,脚：PAN *qaqay ~ *waqay; Yami ai; Itbayat ayi; WMP: Bolinaw Sambal a:yi; Maguindanao ai; Bintulu ai; Banggai ai; CMP: Tetun ai-n; Ujir ai; Kamarian ai; Wahai ai; Hitu ai; Batu Merah ai-va; Morella ai-ka; SHWNG: Pom ai,,,,
asi,asi（葦）,葦 蘆 葭,名,,2.1; (?> 2.4/5) 上上 - [1]-(0)-B,2.1,芦苇。,,,,,,,,,,,葦.a,,,草,3,1,0,,,,,asi 安之 阿斯 (葦),,武蔵 不明 asi 安之 安志,,,,,,,アシ,日,,,,,,,,
"asibi 1, asebi 2","asibi 1, asebi 2（馬酔木）",馬酔木,名,,[0]-(2)-x,,马醉木。,,,,,,,,,,,馬酔木,,i/e,木,3,1,0,,,,,1 asibi1 安之婢,,,,,,2 asebi,,,1 アシビ | 2 アセビ,日,,,,,,,,
asida,asida（足駄）,足駄,名,,[0]-(0)-x,,（雨天穿的）高齿木屐、（琉球）木屐。,315 | 足駄.a.n | *asida | xX,a-si+da?,*a-si+da?,*a-si+N+s(i)ta?,,,,,名=の+名,足+下?,足.a|下.s,,,服,2,1,0,,,,,,,,,,asida 阿師太 (足下),,,,アシダ,日|琉,,,,,,,,
"asigara 1, asigari 2","asigara 1, asigari 2（足柄）",足柄,名,,[0]-x-x,,关东地名，以神奈川县西部、金时山以东、以酒匂川扇状地区为中心的地区。,,,,,,,,,,,足柄.a,,记音,地名,2,1,1,,,,,,,1 相模 武蔵 常陸 asigara 安思我良 安之我良 阿志加良 | 2 相模 asigari 阿之我利 阿之我里 安思我里 阿之賀利,,,,,,,1 アシガラ | 2 アシガリ,爱,清澈之地：askar-i,,,,,,,
"asihase 1, misihase 2","asihase 1, misihase 2（粛慎）",粛慎 稷慎 息慎,名,,[0]-x-x,,肃慎（古代日本东北民族，或与中国历史上的肃慎无关；首音节不明）。,,,,,,,,,,,粛慎.a,,书面记录,族,2,1,1,,,,,"1 [asipase], 2 [misipase] (粛慎)",,,,,,,,,1 アシハセ | 2 ミシハセ,爱?,"耳聋的：美幌、斜屈路、鵜城 haspa；八雲、幌別、千歳、沙流、旭川、名寄、宗谷、帯広 aspa；釧路 haspa, aspa",,,,,,,
asii*,asii*（悪）,悪 凶,形,シイ（シク）,"B. 镰仓 B, asiki LLF. 江户 B, asiki HLL",B,邪恶的、凶恶、险恶的、丑恶的、不好的、差的（yoi 的反义词，表示客观的不好，主观的不好用 waro/usi；中世时衰退）。,,a-si-,,,,,*-si-,,,,悪.a,,,,4,1,1,,,,,asi- (安志 安之 毒),,下野 asi- (阿志氣),,,,,,アシ,アシイ*,日,,,惡 吴音/汉音 aku,,,,,
asika,asika（葦鹿）,葦鹿 海驢,名,,3.2; [0]-[0]-x. 镰仓 HHL,3.2,海狮、比喻总是想睡觉的人。,,,,,,,,,,葦+鹿?,葦.a|鹿.k,,,哺乳,3,1,1,,,,,,,,,,asika 阿之賀,,asika,,アシカ,爱|日?,海：atui,,,,,,,
asikaga,asikaga（足利）,足利,名,,,,栃木县西南端地名，位于足尾山地南端、渡良濑川沿岸，是古毛野国中心地区。,,,,,,,,,,,足利.a,,,地名,3,1,1,,,,,,,下野 asikaga (足利),,,asikaga 阿志加々,,,,アシカガ,爱,askan(-ne)（美丽的） + kat（景）,,,,,,,
"asiko 1, asoko 2, asuko 3","asiko 1, asoko 2, asuko 3（彼処）",彼処,代,,3.x; x - [0]-(0)-A. 江户 LLH,3.x,那里（远）、某处。,,1 a+si+ko | 2 a+so+ko | 3 a+su+ko,,,,,,,,彼+其+処,彼.a|其.s|処.k,,u/i/o,,4,1,0,,,,,,,,,,1 asiko,2 asoko,3 asuko,,1 アシコ | 2 アソコ | 3 アスコ,日,,,,,,,,
"asita 1, aca* 2","asita 1, atya* 2（朝）",朝 明日,名,,"?3.4; 平平平 - [0/3]-[0]-B A-B-C. 镰仓 LLL. 室町 HHH. 江户 HHL, HHH",?3.4,早晨、翌朝、明天、早餐。,317 | 明日.a.n | *asita | 4B,1 asita,1 *asita | 2 *atya < *a(si)tya < *asita,*asita ?< *as(a)+(s)ita?,,,,,,朝+時?,朝.a|時.s,明日,si 缩减,时,2,1,0,,,,,1 asita 安志多 (旦 朝 明日),,,,,,,,,1 アシタ,日|琉,,,,,,,,
asitaba,asitaba（明日葉）,明日葉 鹹草,名,,[0]-x-x,,芹科多年草，生长于关东地方南部、伊豆七岛、纪伊半岛海岸等地。,,asita+ba,,,,,,,名=の+名,明日+葉?,朝.a|時.s|葉.p,明日,,草,2,1,0,,,,,,,,,,,,asitaba,,アシタバ,东日,,,,,,,,
asobaseru,asobaseru（遊）,遊,他动,下一段（下二段）,A-x-x,,使不用金钱和工具、使游乐。,,asoba-se-,,,,,*-sa-i-,,,?+戯,戯.s,,,,3,1,0,,,,,,,,,,,,asobase-,アソバス,アソバセル,日,,,,,,,,
"asobu 1, asub-* 2","asobu 1, asub-* 2（遊）",遊,自动・他动,五段（四段）,"A; A - A-B-A A-A-A. 室町, 江户 HHH, LHH | asobi（名词）: A; A - [0]-(0)-A x-A-x",A,（自动）游乐、游猎、游玩、游手好闲；（他动）弹奏、玩弄。,320 | 遊.a.v | *asub- | iA || 322 | 遊び.a.n | *asub-i | 1A,asob-,*asub-,*asob- ?< *a+sob-,,,,,,?+戯,戯.s,,u/o,,3,1,0,,,,,1 aso1b- (安蘇婆 阿素毗 阿素弭 阿蘇比 阿蘇毘 逍遙),,,,1 大宝二年戸籍帳（筑紫） aso1b- (阿蘇毗),,,,,アソブ,日|琉,,,,,,,,
asu,asu（明日）,明日,名,,"2.3; 平平 - [0/2]-[1]-B x-(B)-x. NS LL, LL. 江户 HL",2.3,明天。,,,,,,,,,,,朝.a,明日,,时,3,1,0,,,,,asu 阿須 (明日),,遠江 不明 asu 阿須 安須,,,,,,,アス,日,,,,,,,,
asubas-*,asubas-*（遊）,遊,他动,,,,（琉球）使游玩。,321 | 遊.a.v.2 | *asub-as- | iA,,*asuba-s-,,,,*-s-,,,?+戯,戯.s,,,,0,1,0,,,,,,,,,,,,,,,琉,,,,,,,,
asuka,asuka（飛鳥）,飛鳥 明日香,名,,3.5a; x - [0]-[0]-x  镰仓 LLH-L,3.5a,近畿区域地名，奈良县高市郡明日香村附近一带。,,,,,,,,,,,飛鳥.a,,,地名,2,1,0,,,,,asuka ((飛鳥-)明日香),,,,,,,,,アスカ,日,,,,,,,,
asutabi*,asutabi*,,名,,x-x-x x-B-x,,（北琉球古冲绳）执政者、国务卿，因有 3 人，也称作「三司官」。,,,北 *asutab[i],,,,,,,,三司官.a,,,官,0,1,0,,,,,,,,,,,,,,,琉,,,,,,,,
ata,ata（尺）,尺 咫,名,,,,尺（长度单位）、拇指和中指（一说食指）展开后的长度。,,,,,,,,,,,尺.a,,,单位,2,1,0,,,,,ata 阿多 (咫),,,,,,,,,アタ,日,,,,,,,,
ata,ata（急）,急,副,,x-x-x x-A-x,,突然。,323 | 急.a.o | *ata,,*ata,*ata,,,,,,,突然.a,,,,2,1,0,,,,,,,下野 ata 阿多,,,,,,,アタ,日|琉,,,,,,,,
atabara,atabara（疝）,疝,名,,4.1; 上上上上 - [0]-[0]-x,4.1,疝气、生气。,,ata+bara?,,,,,,,动=连体+名,当+腹?,尺.a|腹.p,当,,疾,2,1,0,,,,,,,,,,atabara 阿太波良,,,,アタバラ,日,,,,,,,,
atabiki*,atabiki*（蛙）,蛙,名,,,,（北琉球）蛙。,,,北 *ata+biki,,,,,,蛙+蟇,,蛙.a.2|蟇.p,,,两栖,0,1,0,,,,,,,,,,,,,,,北琉,,,,,,,,
atabikia*,atabikia*（蛙）,蛙,名,,,,（北琉球）蛙。,,,北 *ata+biki-a,,,,*-a,,蛙+蟇,,蛙.a.2|蟇.p,,,两栖,0,1,0,,,,,,,,,,,,,,,北琉,,,,,,,,
atada,atada,,副,,,,突然。,,ata-da,奄美 *ata-da,*ata-da,,,*-da,,,,突然.a,,,,2,1,0,,,,,,,,,,,atada,,,アタダ,日|北琉奄,,,,,,,,
atada,atada,,副・形动,,,,程度非常大、非常。,,ata-da,,,,,*-da,,,,甚.a,,,,2,1,0,,,,,,,,,,,atada,,,アタダ,日,,,,,,,,
ataeru,ataeru（与),与,他动,下一段（下二段）,"A; A - A-A-A. 镰仓, 江户 atapuru HHHH | atae（名词）: [0]-[0]-x",A,授予、施予、给予（中世用于汉文训读，与和文训读 tamau 相当）。,,ata-e-,,,,,*-p-ai-,,,,尺.a,与,,,3,1,0,,,,,,,,,,atawe-,,,アタフ,アタエル,日,,,,,,,,
atafuta,atahuta,,副・形动,,[1]-[1]-x,,态：（副）惊慌失措；（形动）程度严重的样子。（来自 awate-hutameku）,,ata+huta,,,,,,,,突+puta,甚.a|puta,,,,2,1,0,,,,,,,,,,,,atafuta,,アタフタ,日,,,,,,,,
atakamo,atakamo（恰）,恰 宛,副,,4.10; 平上平平 - [1/2]-[1]-B. 镰仓 LHLL,4.10,宛如、就像、正好。,,ata=ka=mo,,,,,,,,当=か=も,尺.a,当,,,2,1,0,,,,,atakamo 安多可毛,,,,,,,,,アタカモ,日,,,,,,,,
atakeru,atakeru,,自动,下一段,A/B-x-x,,闹、发泄、开玩笑。,,atake-,,,,,*-i-,,,,鬧.a,,,,3,1,0,,,,,,,,,,,,atake-,アタク,アタケル,日,,,,,,,,
atako*,atako*（鵜）,鵜,名,,,,（南琉球八重山与那国）鸬鹚。,325 | 鵜.a.n | *atak[o],,与那国 *atak[o],,,,,,,,鵜.a,,,鸟,0,1,0,,,,,,,,,,,,,,,南琉八,,,,,,,,
atama,atama（頭）,頭 天窓,名,,3.4; 平平平 - [3]-[1]-B B-B-x,3.4,囟门、头、脑。,326 | 頭.a.n | *atama | 4X,,*atama,*atama,,,,,,,頭.a,,,器官,2,1,0,,,,,,,,,,atama 阿太万,,,,アタマ,日|琉,,,,,,,,
atami,atami（熱海）,熱海,名,,[1]-x-x,,静冈县东端地名。,,ata+(u)mi,,,,,,,,熱+海,熱.a|海.o,,,地名,2,1,0,,,,,,,,,,,,atami,,アタミ,日,,,,,,,,
atamu,atamu（仇）,仇,他动,五段（四段）,A,A,仇视、敌视、恨。,,ata-m-,,,,,*-m-,,,,他.a,,,,2,1,0,,,,,,,,,,atam- (阿太牟),,,,アタム,日,,,,,,,,
"atanamu 1, adanau 2","atanamu 1, adanau 2（仇）",仇 寇,他动,五段（四段）,A,A,敌对、加害。,,1 ata-na-m- | 2 ada-na-w-,,,,,1 *-na-m- | 2 *-na-p-,,,,他.a,,b/m,,4,1,0,,,,,(寇),,,,,,atanam-,adanaw-,,1 アタナム | 2 アダナウ,日,,,,,,,,
atara,atara（可惜）,可惜,感叹,,3.1; 上上上 - [0]-[1]-A x-B-x,3.1,可惜、遗憾、可惜的是、遗憾的是。,,,,,,,,,,,可惜.a,,,,2,1,0,,,,,atara 阿多良,,,,,,,,,アタラ,日,,,,,,,,
atarasigaru,atarasigaru（可）,可惜,他动,五段（四段）,A,A,为…感到可惜、感到遗憾。,,atara-si-ga-r-,,,,,*-si-ga-r-,,,,可惜.a,,,,2,1,0,,,,,,,,,,atarasigar-,,,,アタラシガル,日,,,,,,,,
atarasigaru,atarasigaru（新）,新,自动,五段（四段）,B; x - B-A-x | atarasigari（名词）: [0/6]-x-x,B,跟风追新并感到自满。,,atara-si-ga-r-,,,,,*-si-ga-r-,,,,新.a,,,,2,1,0,,,,,,,,,,,,atarasigar-,,アラタシガル,日,,,,,,,,
atarasii,atarasii（可惜）,可惜,形,シイ（シク）,A; A - B-A-x,A,可惜的、遗憾的、优秀的、（琉球也表示）可爱的、重要的。,331 | 愛.a.a | *atarasi- | oA || 329 | 惜.a.o | *atara,atara-si-,*atara-si-,*atara-si-,,,*-si-,,,,可惜.a,,,,3,1,0,,,,,atarasi- 阿多良斯  安多良思 (婀柂羅斯枳),,,,,,,,アタラシ,アタラシイ,日|琉,,,,,,,,
ataru,ataru（当）,当 中 丁 方 抵,自动,五段（四段）,A; A - A-A-A x-A-A | atar: [0]-[0]-x,A,接触、撞上、意识到、遭受、承受、相当、价值、朝向、匹敌、担当、命中、符合。,328 | 当.a.v | *atar- | iA || 333 | 当.a.n.2 | *atar-i,ata-r-,*ata-r-,*ata-r-,,,*-r-,,,,尺.a,当,,,3,1,0,,,,,(敵),,,,,atar-,,,,アタル,日|琉,,,,,,,,
atataka,atataka（暖）,暖 温,形动,,4.11; 平平上平 - [2/3]-[3]-B. 江户 HLLL,4.11,温暖的样子、热的样子、富裕的样子。,,at(a)+ata-ka,,,,,*-ka,,,熱+熱,熱.a,,,,2,1,0,,,,,,,,,,atataka 阿太々加,,,,アタタカ,日,,,,,,,,
atatakai,atatakai（暖）,暖 温,形,イ（ク）,B; (B) - B-B-B. Mg atatake- B,B,温暖的、富裕的。,,at(a)+ata-ka-,,,,,*-ka-,,,熱+熱,熱.a,暖,,,3,1,0,,,,,,,,,,,,atataka-,アタタカシ,アタタカイ,日,,,,,,,,
atatamaru,atatamaru（暖）,暖,自动,五段（四段）,B; B - B-A-B | atatamari: [0/5],B,变暖、变富裕。,,at(a)+ata-ma-r-,,,,,*-ma-r-,,,熱+熱,熱.a,,,,2,1,0,,,,,,,,,,atatamar-,,,,アタタマル,日,,,,,,,,
atatameru,atatameru（暖）,暖 温,他动,下一段（下二段）,B; B - B-A-B,B,加热。,,at(a)+ata-m-e,,,,,*-m-ai-,,,熱+熱,熱.a,,,,4,1,0,,,,,(熅),,,,,atatame- (阿太々牟),,,アタタム,アタタメル,日,,,,,,,,
atau,atau（能）,能 適 価 値,自动,五段（四段）,A - A/B-A-x | atai（名词）: 3.1; 上上上/上上平 - [0]-[0]-A,A,能、合理、适合。（名词：价值、价钱）,,ata-w-,宮古 *ata-p-,*ata-p-,,,*-p-,,,,尺.a,当,,,3,1,1,,,,,,,,,,ataw-,,,アタフ,アタウ,日|南琉宫,"atai（名词）: 北海道 atáy, atáye (八雲 atayé)",,,,,,,
ate*,ate*（余）,余,副,,,,（南琉球宫古）过于…。,6605 | 余.a.o | *ate,,宮古 *ate,,,,,,,,非常.a,,,,0,1,0,,,,,,,,,,,,,,,南琉宫,,,,,,,,
ate*,ate*（姉）,姉,名,,,,（南琉球八重山与那国）姐姐。,,,与那国 *ate,,,,,,,,姉.a.2,,,亲,0,1,0,,,,,,,,,,,,,,,南琉八,,,,,,,,
ategau,ategau（宛行）,宛行 充行,他动,五段（四段）,A; x - A(B)-A- | ategai（名词）: x - [0]-[0]-A,A,分配、给、贴、（北琉球冲绳）选定。,,ate+gaw-,沖縄 *ate+gap-,*ata-(i)=i+N+kap-,,,*-i-,,动=に+动,当+交,尺.a|交.k,与,,,3,1,0,,,,,,,,,,ategaw-,,,アテガフ,アテガウ,日|北琉冲,,,,,,,,
ateru,ateru（当）,当 中 充 宛,他动,下一段（下二段）,"A; A - A-A-A x-A-(A). 镰仓, 江户 aturu HHH | ate: A - [0]-[1]-B A-A-x",A,接触、打、粘、晒、用于、分配、担当、命中、实现。,335 | 当.a.n | *ate | 1A || 336 | 当.a.v.2 | *ate-,ate-,*ate-,*ata-i-,,,*-i-,,,,尺.a,当,,,3,1,0,,,,,ate- (阿弖),,,,,,,,アツ,アテル,日|琉,,,,,,,,
"aci 1, aQci 2","ati 1, aQti 2（彼方）",彼方,代,,2 3.1?< 2.1; x - [2] (> [3])-(0)-A. 1700 大阪 HL,3.1,那个方向、那里（远）。,,1 a+ti | 2 a+Qti,,,,,,,,彼+道,彼.a|道.t,,辅音延长,,3,1,0,,,,,,,,,,1 ati,2 aQci,,,1 アチ | 2 アッチ,日,,,,,,,,
aca*,atia*（父）,父,名,,,,（琉球）父亲。,,,*ati-a? ?< *a+ti-a,,,,*-a?,,,?+父,父.t,,,,0,1,1,,,,,,,,,,,,,,,琉,,,,,,,"Middle Mongolian (Secret History) ecige, eci’e, ecē; Middle Mongolian (Muqaddimat al-adab) ecige; Khalkha eceg; Buriat esege; Kalmyck eck; Oirat ecege; Kamnigan ecege, öcögö; Dagur ečige; Shira-Yugfur tʃiɣe",
"aciki 1, acikisi 2","atiki 1, atikisi 2（阿直岐）",阿直岐 阿直伎 值,名,,1 3.4; 平平平,3.4,古代百济的使者、归化人，阿直岐史之祖。,,,,,,,,,,,阿直岐.a,,记音,,2,1,0,,,,,1 atiki1 阿直岐 | 2 atiki1si 阿知吉師,,,,,,,,,1 アチキ | 2 アチキシ,日,,,,,,,,
acira,atira（彼方）,彼方 彼地,代,,3.1; x - [0]-(0)-A,3.1,那个方向（远）、那里。,338 | 彼方.a.n | *a[d][e]ra,a+ti-ra,,,,,*-ra,,,彼+道,彼.a|道.t,,,,2,1,0,,,,,,,,,,,acira,,,アチラ,日,,,,,,,,
ato,ato（後）,後 后 址 迹 痕 趾 跡 墟 踪 蹤 蹟 轍,名・副,,2.4; 平上 - [1]-(0)-B x-B-C. 镰仓 LH. 江户 LH,2.4,（名）脚、脚边、痕迹、足迹、遗迹、行踪、迹象、背后、以后、其他、剩下之物；（副）还有。,339 | 後.a.n | *ato | 4C,a+to,*a+to,*a+tǝ,,,,,,足+跡,足.a|跡.t,,,器官,2,1,0,,,,,"ato1 阿都, ato2 阿止, ato (足 跡 例 軌)",,,,,,,,,アト,日|琉,,,,,,,,
atoeru*,atoeru*（聘）,聘 誂 問,他动,下一段（下二段）,?B; x - B-x-x,?B,提亲、娶妻、引诱、请求、委托、怂恿。,,a+to-e- ?< a=(i)+to-e-,,,,,*-p-ai-,,,相+問?,合.a|問.t,,,,4,1,0,,,,,(納采 聘 誘 誂),,,,,atowe-,,,アトフ,アトエル*,日,,,,,,,,
"atori 1, aQtori 2","atori 1, aQtori 2（花鶏）",獦子鳥 花鶏,名,,3.4; 平平平 - [0]-[0]-x,3.4,燕雀。,,1 a-tori | 2 aQ-tori,,,,,,,,?-鳥,鳥.t,,辅音延长,鸟,4,1,0,,,,,,,1 駿河 ato2ri 阿等利,,,1 atori,2 aQtori,,,1 アトリ | 2 アットリ,日,,,,,,,,
atsui,atui（厚）,厚 篤 敦 惇 淳 渥,形,イ（ク）,A; A - A-B-A A-A-A,A,厚的、（受好意）深厚的、富裕的、病笃的。,343 | 厚.a.a | *atu- | iA,atu-,*atu-,*atu-,,,,,,,厚.a,,,,3,1,0,,,,,atu- (阿都伎),,,,,,,,アツシ,アツイ,日|琉,,,,,,,,
atsui,atui（熱）,熱,形,イ（ク）,B; B - B-B-B B-x-B/C. 镰仓 atuki LLF. 江户 atuki HLL,B,热的、心情激动的、（方言）热的。,342 | 暑.a.a | *atu- | iiB,atu-,*atu-,*atu-,,,,,,,熱.a,,,,3,1,0,,,,,,,,,,atu-,,,アツシ,アツイ,日|琉,,,,,,,,
atsukau,atukau（扱）,扱 噯 刷,他动,五段（四段）,A; x - A/B-A-A A-A-x. 江户 HHHH | atukai（名词）: x - [0]-[0]-A,A,对待、照顾、评价、操作、处理。,347 | 扱.a.v | *atukap- | i || 348 | 扱.a.n | *atukap-i,atukaw-,*atukap-,*atukap-,,,,,,,扱.a,,,,3,1,0,,,,,,,,,,atukaw-,,,アツカフ,アツカウ,日|琉,,,,,,,,
atsukau,atukau（熱）,熱 暑,自动,五段（四段）,?A,?A,（因天热、疾病、辛劳等而）难受、（北琉球冲绳）遭受高温、脸红（惊愕）。,,atu-ka-w-,沖縄 *atu-ka-p-,*atu-ka-p-,,,*-ka-p-,,,,熱.a,,,,4,1,0,,,,,(悶熱 惋痛),,,,,atukaw- (阿豆加布),,,アツカフ,アツカウ,日|北琉冲,,,,,,,,
atsukawasii,atukawasii（扱）,扱,形,シイ（シク）,A; B-B-x,A,很难处理的。,,atukawa-si-,,,,,*-si-,,,,扱.a,,,,3,1,0,,,,,,,,,,atukawasi-,,,アツカハシ,アツカワシイ,日,,,,,,,,
atsukawasii,atukawasii（暑）,暑 熱,形,シイ（シク）,,,酷热的、烦的。,,atu-ka-wa-si-,,,,,*-ka-pa-si-,,,,熱.a,,,,3,1,0,,,,,,,,,,atukawasi-,,,アツカハシ,アツカワシイ,日,,,,,,,,
atuke-*,atuke-*（暑）,暑,自动,,,,（北琉球奄美与论）（热水或食物等）变热、变暖。,,,与論 *atu-ke-,,,,*-ka-i-,,,,熱.a,,,,0,1,0,,,,,,,,,,,,,,,北琉奄,,,,,,,,
atsukoko*,atukookoo*,,副,,x-x-x x-A-x,,（琉球）（饭菜刚出锅）热气腾腾的样子。,,,*atu+k[a](C)[o]+k[a](C)[o],,,,,,,熱+kau+kau,熱.a|kau,,,,0,1,0,,,,,,,,,,,,,,,琉,,,,,,,,
atsumaru,atumaru（集）,集 聚 会 輯 輳 纂,自动,五段（四段）,B; B - B-A-B x-B-x. 镰仓 LLLH. 室町 HHHH?. 江户 HHLL | atumari（名词）: x - [3/4]-[0]-B,B,集中、聚集。,349 | 集.a.v | *atumar- | ii || 350 | 集.a.n | *atumar-i,atu-ma-r-,*atu-ma-r-,*atu-ma-r-,,,*-r-,,,,集.a,,,,2,1,0,,,,,atumar- (阿都麻礼流 聚),,,,,,,,,アツマル,日|琉,,,,,,,,
atsumeru,atumeru（集）,集 聚,他动,下一段（下二段）,"B; B - B-A-B B-B-B. 镰仓 atumuru LLLH. 室町, 江户 atumuru HHLL",B,集合。,351 | 集.a.v.2 | *atume- | ii,atu-m-e-,*atu-m-e-,*atu-m-ai-,,,*-ai-,,,,集.a,,,,4,1,0,,,,,(合),,,,,atume-,,,アツム,アツメル,日|琉,,,,,,,,
atsumono,atumono（羹）,羹,名,,4.5?< 2.3|2.3; 平平平平 - [0]-[0]-B,4.5 (=3.4|1.3); x - [3]-(3)-A,羹。,,atu+mono,,,,,,,,熱+物,熱.a|物.m,,,肴,3,1,0,,,,,[atumono2] (煑物),,,,,atumono 阿川毛乃 阿豆毛乃,,,,アツモノ,日,,,,,,,,
atur-*,atur-*（暑）,暑,自动,,,,（琉球）变热、变暖。,352 | 暑.a.v | *atur- | B,,*atu-r-,,,,*-r-,,,,熱.a,,,,0,1,0,,,,,,,,,,,,,,,琉,,,,,,,,
"atsuraeru 1, atoraeru* 2","aturaeru 1, atoraeru* 2（誂）",誂,他动,下一段（下二段）,B; B - B-A-B x-B-x | aturae（名词）: B; x - [0/3/4]-[0]-B x-B-x. atorae（名词）: [0]-x-x,B,拜托、委托。,354 | 誂.a.v | *aturape- || 353 | 誂.a.n | *aturape,1 a+tu-ra-e- | 2 a+to-ra-e- ?< a=(i)+to-ra-e-,*a+tu-ra-p-e-,*a+to-ra-p-ai-,,,*-ra-p-ai-,,,相+問?,合.a|問.t,,u/o,,5,1,0,,,,,(謁 誂),,,,,1 aturawe-,2 atorawe-,,1 アツラフ | 2 アトラフ,1 アツラフエル | 2 アトラエル*,日|琉,,,,,,,,
aturas-*,aturas-*（暑）,暑,他动,,,,（琉球）加热。,355 | 暑.a.v.2 | *atur-as-,,*atu-ra-s-,,,,*-ra-s-,,,,熱.a,,,,0,1,0,,,,,,,,,,,,,,,琉,,,,,,,,
atsusi,atusi（厚子）,厚子 厚司,名,,[0]-[0]-x,,Ohyou（Ainu opiw）、用 Ohyou 做的衣服。,,,,,,,,,,,厚子.a,,,服,2,1,1,,,,,,,,,,,,atusi,,アツシ,爱,用 opiw 做的衣服：attush,,,,,,,
atsusireru*,atusireru*,,自动,下一段（下二段）,A,A,病笃、衰老。,,atu-si-re-,,,,,*-ra-i-,,,厚+癈?,厚.a|癈.s,,,,4,1,0,,,,,(彌留 羸弱),,,,,,,atusire-,アツシル,アツシレル*,日,,,,,,,,
au,au（合）,合 会 逢 遭 遇 相,他动,五段（四段）,B; B - B-B-B x-B-x. 镰仓 LH | ai（名词）: ?2.4 ?< .3; 平上 - [1]-[1]-x,B,重合、一致、相会、相合、遭遇、互相、混合。（名词：相会、互相、共事、间、关系、一种槌；ai- 可用做前缀，表示相互行为；-au 做助动词时表示一个动作由两个或以上成员实施，接在动词连用形后，上代时比 ai- 前缀少见，无中古的互相含义，更多见于《万叶集》及上代晚期文献，而 ai- 也常见于上代早期文献，可能说明上代晚期是 SVO 向 SOV 语序的转换期，逐渐淘汰掉 SVO 的残留（如前缀 ai-），并用后置于动词词根的成分（如后缀、助词）代替）,197 | 合.a.v | *ap- | iiB || 229 | 合.a.n.2 | *ap-i | 3 || 222 | 間.a.n.2 | *ape | BC,aw-,*ap-,*ap-,,,,,,,合.a,,,,4,1,0,,,,,ap- (阿布 阿波 安敝 安比 阿避 阿比 相 会 合),,遠江 駿河 信濃 常陸 武蔵 上野 下野 不明 ap- (安布 安波 阿波 阿敝 安敝 安比 阿比 阿抱),,,,,,アフ,アウ,日|琉,,,,,,,,
aw-*,aw-*（喧嘩）,喧嘩,自动,,,,（琉球）格斗、战斗、打架、争论。,,,*ap-,,,,,,,,合.a,喧嘩,,,0,1,0,,,,,,,,,,,,,,,琉,,,,,,,,
awa,awa（安房）,安房,名,,[1]-(2)-x,,关东古国名，今千叶县一部分。（地名由来典故与「粟」或「淡」有关）,,,,,,,,,,,安房.a,,,地名,4,1,0,,,,,apa 安房,,不明 apa 安波,,,,,,アハ,アワ,日,,,,,,,,
awa,awa（慌）,,感叹,,,,感动或吃惊的时候发出的声音。,,,,,,,,,,,慌.a,,,,2,1,0,,,,,,,,,,awa,,,,アワ,日,,,,,,,,
awa,awa（泡）,泡 沫,名,,2.3; 平平 - [2]-[0]-B x-B-B 镰仓 LL. 江户 HL,2.3,泡沫。,362 | 泡.a.n | *awa | 3B,,*awa,*awa,,,,,,,泡.a,,o/a,液,2,1,0,,,,,awa 阿和,,,,,,,,,アワ,日|琉,,,,,,,,
awa,awa（粟）,粟 粱 阿波,名,,"粟：?2.5?< 2.4; 平上 - [1]-(0)-B B-B-B. 镰仓, 1700 大阪 LH | 阿波：[1]-(2)-x",?2.5,粟；四国古国名，今德岛县。,198 | 粟.a.n | *apa | 4B,,*apa,*apa,,,,,,,粟.a,,,农作物,5,1,0,,"邪馬臺 華 (-奴, ?= 長国)",,,apa 安波 阿波 (粟),,上野 不明 apa 安波,,,,,,アハ,アワ,日|琉,,,,,,,,
awaawasii,awaawasii（淡淡）,淡淡,形,シイ（シク）,?B; x - B-x-x,?B,很淡的、轻率的。,,awa+awa-si-,,,,,*-si-,,,淡+淡,淡.a,,,,3,1,0,,,,,,,,,,awaawasi-,,,アハアハシ,アワアワシイ,日,,,,,,,,
awabi,awabi（鮑）,鮑 鰒 石決明,名,,3.3; 上平平 - [1]?< [2])-[2]-A/B,3.3,鲍鱼。,208 | 鰒.a.n | *apabi | 5X,awabi,*apabi,*apabi,,,,,,,鮑.a,,o/a,鱼,4,1,1,,,,,awabi 安波比 (鮑),美濃 apabi1 阿波比,,,,,,,アハビ,アワビ,日|琉,,"雞林遺事 必 LMC pjit, EMK *pit（鲍鱼）",,,,,,
awaboko,awaboko（泡）,泡,名,,x-x-x x-B-x,,（方言、九州、琉球）泡沫。,365 | 泡.a.n.2 | *awa+boko,awa+boko,*awa+boko,*awa+pǝkǝ,,,,,,泡+泡,泡.a,,,液,0,1,0,,,,,,,,,,,,,,,日|琉,,,,,,,,
"awabuk-* 1, awahuk-* 2","awabuk-* 1, awahuk-* 2",,自动,,,,（琉球）喘气。,,,1 *awa+buk- | 2 *awa+puk-,,,,,,拟=に+动,喘+吹,喘.a|吹.p,,清浊,,0,1,0,,,,,,,,,,,,,,,琉,,,,,,,,
awai,awai（淡）,淡,形,イ（ク）,B; B - B-B-B x-B-x,B,淡的、（程度）浅的、轻浮的。,199 | 淡.a.a | *apa- | iiB,awa-,*apa-,*apa-,,,,,,,淡.a,,,,3,1,0,,,,,,,,,,awa-,,,アハシ,アワイ,日|琉,,,,,,,,
awai,awai（間）,間 合,名,,?3.7a; 平上x/平上平 - [0/2]-x-x B-x-x,?3.7a,间隙、关系、颜色搭配、时间。,,awa-i,*apa-p-i,*apa-p-i,,,*-p-i,,,合+合,合.a,,,抽象,3,1,0,,,,,,,,,,awawi,,,アハヒ,アワイ,日|琉,,,,,,,,
awaku,awaku（喘）,喘,自动,五段（四段）,,,喘气。,,awa+k- ?< awa+(i)k-,,,,,,,,喘+生?,喘.a|生.i,,,,3,1,0,,,,,,,,,,awak- (阿波久 阿波支),,,アハク,アワク,日,,,,,,,,
awanak-*,awanak-*（仰）,仰,自动,,,,（琉球）物体表面或正面朝上。,209 | 仰.a.v | *apanak- || 210 | 仰.a.n | *apanak-i,,*apa+nak-,,,,,,,仰+仰,仰.a|仰.n,,,,0,1,0,,,,,,,,,,,,,,,琉,,,,,,,,
awanakas-*,awanakas-*（仰）,仰,他动,,,,（南琉球宫古）使物体表面或正面朝上。,6866 | 仰向.a.v.2 | *apanak-as-,,宮古 *apa+naka-s-,,,,*-s-,,,仰+仰,仰.a|仰.n,,,,0,1,0,,,,,,,,,,,,,,,南琉宫,,,,,,,,
awar-*,awar-*（慌）,慌,自动,,,,（南琉球八重山）慌张。,6233 | 慌.a.v.2 | *aCare-(?),,八重山 *a[w]a-r-,,,,*-r-,,,,慌.a,,,,0,1,0,,,,,,,,,,,,,,,南琉八,,,,,,,,
awaras-*,awaras-*（慌）,慌,他动,,,,（南琉球八重山）催促。,6333 | 慌.a.v.3 | *aCar(e)-as-(?),,八重山 *a[w]a-ra-s-,,,,*-ra-s-,,,,慌.a,,,,0,1,0,,,,,,,,,,,,,,,南琉八,,,,,,,,
aware,aware,哀,感叹・名・形动,,3.5b; ?< 3.4; 平平上 - [1]?< [2])-[2]-B x-B-x. 镰仓 LLH. 江户 HLL,,（感动）强烈感叹（可表示高兴或悲伤）；（名・形动）令人怜惜、同情、感慨的、（北琉球奄美冲永良部）贫穷的。,214 | 哀.a.n | *apare | 5X,awa+re,*apa+re,*apa+re,,,,,,,喘.a|re|気.k,哀,,,3,1,0,,,,,apare 阿波禮 阿波例 阿波礼 安波礼 (𪫧怜),,,,,,,,アハレ,アワレ,日|琉,,,,,,,,
awarebiru*,awarebiru*（哀）,哀 憐,他动,上一段（上二段）,?A/B; A - B-A-B,?A/B,爱、感到同情。,,awa+re-bi-,,,,,*-mpǝi-,,,,喘.a|re|気.k,哀,,,3,1,0,,,,,,,,,,,awarebi-,,アハレブ,アワレビル*,日,,,,,,,,
awaregaru,awaregaru,,他动,五段（四段）,B-A-x,,为…感到可爱、感到怀念、感慨万分、深受感动、深感同情、感到悲伤。,,awa+re-ga-r-,,,,,*-ga-r-,,,,喘.a|re|気.k,哀,,,3,1,0,,,,,,,,,,awaregar-,,,アハレガル,アワレガル,日,,,,,,,,
"awaremu 1, awarebu 2","awaremu 1, awarebu 2（哀）",哀 憐 矜 憫 愍,他动,五段（四段）,?A/B; A - B-A-B | awarebi（名词）: [0/4]-x-x. awaremi: [0/4]-[0]-x,?A/B,爱、感到同情（多用于汉文训读，awaregaru 多用于和文训读）。,,1 awa+re-m- | 2 awa+re-b-,,,,,1 *-m- | 2 *-b-,,,,喘.a|re|気.k,哀,b/m,,3,1,0,,,,,,,,,,1 awarem- | 2 awareb-,,,1 アハレム | 2 アハレブ,1 アワレム | 2 アワレブ,日,,,,,,,,
awas-*,awas-*（合）,合,他动,,x-x-x x-B-x,,（琉球）使相合、适合、调和、使牛等对战。,217 | 合.a.v.2 | *ap-as- | B || 221 | 合.a.n | *ap-as-i,,*apa-s-,,,,*-s-,,,,合.a,,,,0,1,0,,,,,,,,,,,,,,,琉,,,,,,,,
awas-*,awas-*（喧嘩）,喧嘩,他动,,,,（琉球）使战斗、使打架、使议论。,,,*apa-s-,,,,*-s-,,,,合.a,喧嘩,,,0,1,0,,,,,,,,,,,,,,,琉,,,,,,,,
awase,awase（袷）,袷,名,,3.4; 平平x - [3]-[0]-B,,（和服的）夹衣。,,awa-se,*awa-se,*awa-sa-(i)-i,,,*-sa-(i)-i,,,,合.a,,,,3,1,0,,,,,,,,,,awase,,,アハセ,アワセ,日|琉,,,,,,,,
awaseru,awaseru（合）,合 会 逢 遭 併 相 袷,他动,下一段（下二段）,B; B - B-A-B x-B-x. 镰仓 awasuru LLLH. 江户 awasuru HHLL | awase（名词）: 3.4; 平平x - [3]-[0]-B x-(B)-x. 江户 HHL,B,重合、一致、相会、适合、遭遇、互相、混合、经历、结婚、比较。（名词也表示：（和服的）夹衣）。,219 | 袷.a.n | *apase | 4X,awa-se-,*awa-se-,*awa-sa-i-,,,*-sa-i-,,,,合.a,,,,3,1,0,,,,,apase- (安波世 配 当),,,,,,,,アハス,アワセル,日|琉,,,,,,,,
awaseru*,awaseru*（淡）,淡,他动,下一段（下二段）,,,把柿子去涩。,,awa-se-,,,,,*-sa-i-,,,,淡.a,,,,3,1,0,,,,,,,,,,,,awase-,アハス,アワセル*,日,,,,,,,,
awasu,awasu（淡）,淡,他动,五段（四段）,,,把柿子去涩。,,awa-s-,,,,,*-s-,,,,淡.a,,,,3,1,0,,,,,,,,,,,,awas-,アハス,アワス,日,,,,,,,,
awata,awata（臏）,臏,名,,,,膝盖骨。,,a+wa-ta,,,,,*-ta,,,足+曲,足.a|環.w,,,器官,3,1,0,,,,,,,,,,awata 阿波太,,,アハタ,アワタ,日,,,,,,,,
awatadasii,awatadasii（慌）,慌 遽,形,シイ（シク）,x - B-B-A. 江户 awatadasiki HHHHLL,,慌张的、变化急剧的。,,awa-ta-da-si-,,,,,*-ta-ta-si-,,,,慌.a,,,,4,1,0,,,,,,,,,,awatatasi,,awatadasi,アワタタシ,アワタダシイ,日,,,,,,,,
awatako,awatako（臏）,臏,名,,,,膝盖骨。,,a+wa-ta+ko,,,,,*-ta,,,足+曲+子,足.a|環.w|小.k,,,器官,3,1,0,,,,,,,,,,awatako 阿波太古,,,アハタコ,アワタコ,日,,,,,,,,
awatas-*,awatas-*（慌）,慌,他动,,,,（南琉球宫古）使慌张、使着急。,6867 | 慌.a.v.4 | *awat(e)-as-,,宮古 *awa-ta-s-,,,,*-ta-s-,,,,慌.a,,,,0,1,0,,,,,,,,,,,,,,,南琉宫,,,,,,,,
awaterakas-*,awaterakas-*（慌）,慌,他动,,,,（北琉球冲绳）使慌张、使着急。,,,沖縄 *awa-te-ra-ka-s-,,,*-ra-,*-ta-i-ra-ka-s-,四段化,,,慌.a,,,,0,1,0,,,,,,,,,,,,,,,北琉冲,,,,,,,,
awateras-*,awateras-*（慌）,慌,他动,,,,（北琉球奄美与论）使慌张、使着急。,,,与論 *awa-te-ra-s-,,,*-ra-,*-ta-i-ra-s-,四段化,,,慌.a,,,,0,1,0,,,,,,,,,,,,,,,北琉奄,,,,,,,,
awateru,awateru（慌）,慌 周章,自动,下一段（下二段）,A; A - A-A-A x-A-x. 江户 awaturu HHHH | awate: x - [0]-x-x,A,慌张、着急。,368 | 慌.a.v | *awate- | iA || 367 | 慌.a.n | *awate,awa-te-,*awa-te-,*awa-ta-i-,,,*-ta-i-,,,,慌.a,,,,4,1,0,,,,,(急),,,,,awate- (阿和豆),,,アワツ,アワテル,日|琉,,,,,,,,
aya,aya（漢）,漢,名,,"?2.1, ?2.3; x - [1]-x-x","?2.1, ?2.3",古代远渡日本列岛的汉人的统称、汉氏，分为东汉氏（yamato no aya uzi）与西汉氏（kawati no aya uzi）。,,,,,,,,,,,漢.a,,,族,2,1,1,,,,,[aya] (漢),,,,,,,,,アヤ,朝|日,,安羅（朝鲜半岛地名）：MK 안라 (anla),,,,,,
aya,aya（奇）,奇 怪,副・形动,,2.3; 平平-上 - [1]-[1]-x,2.3,不可思议、奇怪、（上代东国也表示）极度。,,,,,,,,,,,怪.a,,,,3,1,0,,,,,aya 阿夜 安夜,,上野 武蔵 下総 不明 aya 安夜 阿夜 阿也,,,,,,,アヤ,日,,,,,,,,
aya,aya（紋）,文 紋 綾 絢 彩 綺,名,,2.3; 平平 - [2]-[1]-A x-B-x. 镰仓 LL,2.3,纹理、多彩、道理、修辞、绫。,66 | 綾.a.n | *aja | 3B,,*aya,*aya,,,,,,,紋.a,,,饰,2,1,0,,,,,,,,,,aya 阿夜,,,,アヤ,日|琉,,,,,,,,
aya*,aya*（父）,父,名,,,,（南琉球八重山）父亲。,5852 | 父.a.n.2 | *aja,,八重山 *aya,,,,,,,,父.a.2,,,亲,0,1,0,,,,,,,,,,,,,,,南琉八,,,,,,,,
ayabumeru,ayabumeru（危）,危,他动,下一段（下二段）,A,A,使…处于危险之中。,,aya+bu-m-e-,,,,,*-m-ai-,,拟=に+形,怪+大?,怪.a|大.ǝ,危,,,3,1,0,,,,,,,,,,ayabume-,,,アヤブム,アヤブメル,日,,,,,,,,
ayabumu,ayabumu（危）,危,他动,五段（四段）,A; A - B-A-A | ayabumi（名词）: x - [3/4]-A-A,A,对…感到危险、感到不安。,,aya+bu-m-,,,,,*-m-,,拟=に+形,怪+大?,怪.a|大.ǝ,危,,,3,1,0,,,,,(業業),,,,,ayabum-,,,,アヤブム,日,,,,,,,,
ayago,ayago（綾語）,綾語,名,,,,（琉球）宮古岛上歌颂传说和历史的古歌谣，流传于女神官之间。,69 | 歌.a.n | *ajago | nC,,宮古 *aya+go,,,,,,,紋+語?,紋.a|語.g,,,文,2,1,1,,,,,,,,,,,,ayago,,アヤゴ,琉,,,語 吴音 go,,,,,
ayakarasu,ayakarasu（肖）,肖,他动,,B-x-x x-x-A,,使看起来像。,,aya+kara-s-,八重山与那国 *aya+kara-s-,*aya+kara-s-,,,*-s-,,,紋+借,紋.a|借.k,肖,,,0,1,0,,,,,,,,,,,,,,,日|南琉八,,,,,,,,
ayakaru,ayakaru（肖）,肖,自动,五段（四段）,?A/B; B-B-A-A x-A-x. 镰仓 LLLH,?A/B,摇摆变化、效仿、沾光。,70 | 肖.a.v | *ajakar-,aya+kar-,*aya+kar-,*aya-k-ar-,,,,,,紋+借,紋.a|借.k,肖,,,2,1,0,,,,,,,,,,ayakar-,,,,アヤカル,日|琉,,,,,,,,
ayakasu,ayakasu（零）,零,他动,五段（四段）,,,（出云、九州）流（血、汗等）、落（果实等）。,,aya-ka-s-,,,,*-ka-,*-ka-s-,俗语,,,零.a,,,,1,1,0,,,,,,,,,,,,,,アヤカス,出|九,,,,,,,,
ayam-*,ayam-*（危）,危,他动,,,,（南琉球八重山）伤害。,,,八重山 *aya-m-,,,,*-m-,,,,怪.a,危,,,0,1,0,,,,,,,,,,,,,,,南琉八,,,,,,,,
ayamaru,ayamaru（誤）,誤 失 訛 過 跌 錯 謬 謝,自动・他动,五段（四段）,"B; B - B-A-B x-B-x. 镰仓 LLLH. 室町 HHLL, HHHH | ayamari（名词）: (B) - [3/4]-[0]-B x-B-x",B,（自动）错、犯错、心情不好、心乱、生病、道歉、折服、谢绝；（他动，后起的）弄错、伤害。,6248 | 謝.a.v | *ajamar- || 5309 | 誤.a.n | *ajamar-i,aya-ma-r-,沖縄 *aya-ma-r-,*aya-ma-r-,,,*-ma-r-,,,,怪.a,誤,,,3,1,0,,,,,(相踰),,,,,ayamar-,,,,アヤマル,日|北琉冲,,,,,,,,
ayamaci,ayamati（過）,過 誤,名,,3.4; 平平平平 - [0/3/4]-[0]-B x-B-x. 江户 HHHL,3.4,失败、错误、过错、负伤。,,aya-ma-t-i,,,,,*-ma-t-i,,,,怪.a,誤,,抽象,2,1,0,,,,,ayamati 安夜麻知 (失),,,,,,,,,アヤマチ,日|北琉冲,,,,,,,,
ayamatsu,ayamatu（過）,過 誤,他动,五段（四段）,B; B - B-A-B. 江户 HHLL | ayamati（名词）: (B) - 3/4-A-B x-B-x. 江户 HHLL,B,犯错、误解、违反、损害。,5310 | 過.a.n | *ajamat-i,aya-ma-t-,,,,,*-ma-t-,,,,怪.a,誤,,,2,1,0,,,,,ayamat- (安夜末覩 誤錯),,,,,,,,,アヤマツ,日,,,,,,,,
ayame,ayame（菖蒲）,菖蒲,名,,"?3.4, ?3.6; x - [0]-(0)-A",?3.4,溪荪、菖蒲。,,aya+me,,,,,,,,紋+女?,紋.a|女.m,,,草,2,1,0,,,,,,,,,,ayame,,,,アヤメ,日,,,,,,,,
ayameru,ayameru（危）,危,他动,下一段（下二段）,B-A-x,,加害、杀伤、（南琉球八重山）伤害、损害。,7566 | 殺.a.v | *ajame-,aya-m-e-,八重山 *aya-m-e-,*aya-m-ai-,,,*-m-ai-,,,,怪.a,危,,,3,1,0,,,,,,,,,,,ayame-,,アヤム,アヤメル,日|南琉八,,,,,,,,
ayametamu,ayametamu（地楡）,地楡 玉豉,名,,5.12; 平上上平平,5.12,地榆（= waremokou 吾木香）。,,aya+me+ta-m=u?,,,,,*-m-,,,紋+女+撓?,紋.a|女.m|撓.t,,,草,2,1,0,,,,,,,,,,ayametamu (阿也女多牟),,,,アヤメタム,日,,,,,,,,
ayanasu,ayanasu,,他动,五段（四段）,?B,?B,美丽地装饰、巧妙地处理。,,aya-na-s-,,,,,*-na-s-,,,,紋.a,,,,2,1,0,,,,,,,,,,,ayanas-,,,アヤナス,日,,,,,,,,
"ayaniku 1, ainiku 2","ayaniku 1, ainiku 2（生憎）",生憎,形动・副,,4.1; 上上上上 - [0]-[0]-B,4.1,（形动）遗憾的样子、不方便的样子、倒霉的样子、坏心眼的样子；（副）不巧。,,1 aya+niku | 2 ai+niku,,,,,,,,怪+恨,怪.a|恨.n,,ya/i,,3,1,0,,,,,,,,,,1 ayaniku 阿也爾久,2 ainiku,,,1 アヤニク | 2 アイニク,日,,,,,,,,
"ayaoi* 1, ayaui 2","ayaoi* 1, ayaui 2（危）",危 殆,形,イ（ク）,A; A - A/B-B-A,A,有害的、危险的、令人不安的、担心的。,,1 aya+o- | 2 aya+u-,,,,,*-p[o]-,,,怪+大?,怪.a|大.ǝ,危,u/o,,5,1,0,,,,,(猶危),,1 不明 ayapo- (安夜抱),,,2 ayau- (阿也不志),,,1 アヤホシ | 2 アヤフシ,1 アヤオイ* | 2 アヤウイ,日,,,,,,,,
ayasigaru,ayasigaru（怪）,怪,他动,五段（四段）,B; x - B-A-x,B,为…感到奇怪（汉文训读 ayasimu，和文训读 ayasigaru）。,,aya-si-ga-r-,,,,,*-ga-r-,,,,怪.a,,,,2,1,0,,,,,,,,,,ayasigar-,,,,アヤシガル,日,,,,,,,,
ayasii,ayasii（怪）,怪 妖 奇 異,形,シイ（シク）,B; B - A-B-A x-A-A. 镰仓 B. 江户 A/B,B,不可思议的、神秘的、灵妙的、珍奇的、奇怪的。,73 | 怪.a.a | *ajasi- | iA,aya-si-,*aya-si-,*aya-si-,,,*-si-,,,,怪.a,,,,3,1,0,,,,,aya- (安夜之 安夜思 霊),,,,,,,,アヤシ,アヤシイ,日|琉,,,,,,,,
ayasimeru,ayasimeru（怪）,怪,他动,下一段（下二段）,室町 ayasimuru HHHLL,,感到奇怪、责备。,,aya-si-m-e-,沖縄 *aya-si-m-e-,*aya-si-m-ai-,,,*-si-m-aCi-,,,,怪.a,,,,3,1,0,,,,,,,,,,,ayasime-,,アヤシム,アヤシメル,日|北琉冲,,,,,,,,
ayasimu,ayasimu（怪）,怪,他动,五段（四段）,?A/B; B - B-A-A | ayasimi（名词）: x - [0/4]-[0]-x,?A/B,感到奇怪、怀疑。,5700 | 怪.a.v | *ajasi-m-,aya-si-m-,宮古 *aya-si-m-,*aya-si-m-,,,*-si-m-,,,,怪.a,,,,2,1,0,,,,,,,,,,ayasim-,,,,アヤシム,日|南琉宫,,,,,,,,
ayasu,ayasu（零）,零,他动,五段（四段）,B-x-x,,流（血、汗、乳、脓等）、落（果实等）。,71 | 零.a.v.4 | *aj(e)-as- | iA,aya-s-,*aya-s-,*aya-s-,,,*-s-,,,,零.a,,,,2,1,0,,,,,,,,,,ayas-,,,,アヤス,日|琉,,,,,,,,
ayasu,ayasu（宥）,宥,他动,五段（四段）,?B; x B-A-A,?B,安慰、疼爱、欺骗、掩饰。,72 | 宥.a.v.2 | *ajas-,aya-s-,,,,,*-s-,,,,紋.a,,,,2,1,0,,,,,,,,,,,,ayas-,,アヤス,日,,,,,,,,
"ayatsuru 1, ayadoru 2","ayaturu 1, ayadoru 2（操）",操 文取 綾取,他动,五段（四段）,?A/B; B - B-A-A | ayaturi（名词）: x - [3/4]-[0]-x,?A/B,巧妙地操作、弹奏、操纵、美丽地装饰。,,1 aya+tur- | 2 aya+dor-,,,,,,,2 名=を+动,紋+釣,紋.a|釣.t,操,u/o,,3,1,0,,,,,,,,,,1 ayatur-,,2 ayador-,,1 アヤツル | 2 アヤドル,日,,,,,,,,
ayawa*,ayawa*,,形动,,,,危险的样子。,,aya-wa,,,,,*-pa,,,,怪.a,危,,,3,1,0,,,,,,,不明 ayapa 安也波,,,,,,アヤハ,アヤワ,日,,,,,,,,
ayawasii*,ayawasii*,,形,シイ（シク）,,,（九州）危险的、体弱的。,,aya-wa-si-,,,,,*-pa-si-,,,,怪.a,危,,,1,1,0,,,,,,,,,,,,,,アヤワシイ,九,,,,,,,,
ayo,ayo,,感叹,,,,（上代出云）哎哟！（叹息声）,,,,,,,,,,,ayo,,,,2,1,0,,,,,,,,出雲 ayo1 阿欲 (動),,,,,,アヨ,出日,,,,,,,,
ayo*,ayo*（肝）,肝,名,,,,（北琉球古冲绳）肝、心？,,,沖縄 *ayo,,,,,,,,肝.a.2,,,器官,0,1,1,,,,,,,,,,,,,,,朝|北琉冲?,,肠、胆、勇气：MK 애〯 (ǎy)；K 애 (ae),,,,,,
"ayoku 1, ayuku 2","ayoku 1, ayuku 2（揺）",揺,自动,五段（四段）,?B; x - B-x-x,?B,（事物）摇动、（心情）动摇。,,1 ayo-k- | 2 ayu-k-,,,,,*-k-,,,,ayo,,u/o,,4,1,0,,,,,(愀然 揺),,1 下総 ayo1k- (阿用久),,,2 ayuk-,,,,1 アヨク | 2 アユク,日,,,,,,,,
"ayu 1, ai 2","ayu 1, ai 2（鮎）",鮎 香魚 年魚,名,,2.5; 平上 - [1]-(2)-B. 镰仓 LF,2.5,香鱼。（「鮎」字相传来源于神功皇后钓此鱼以占卜征韩之胜败（《日本書紀》、《肥前風土記》等），「占鱼」之意，与汉语中的汉字「鮎」不同（是另一种鱼 namazu）；琉球无此鱼）,5818 | 鮎.a.n | *aju,,,,,,,,,,香魚.a,,i/yu 交替,鱼,3,1,0,,,,,1 ayu 阿喩 阿由,,,,,,2 ai,,,1 アユ | 2 アイ,日,,,,,,,,
"ayumu 1, ayubu 2, ayomu 3, ayobu 4","ayumu 1, ayubu 2, ayomu 3, ayobu 4（歩）",歩,自动,五段（四段）,?B; x - B-A-x | ayumi（名词）: [3]-[0]-x. 室町 HHL. 江户 HLL | ayobi（名词）: [0]-x-x,?B,步行、进展。,,1 a+yum- | 2 a+yub- | 3 a+yom- | 4 a+yob-,沖縄 *a+yom-,*a+yom-,,,,,,足+読,足.a|読.y,,b/m|u/o,,4,1,0,,,,,1 ayum- (安由売),,,,,2 ayub- | 3 ayom-,4 ayob-,,,1 アユム | 2 アユブ | 3 アヨム | 4 アヨブ,日|北琉冲,,,,,,,,
aza,aza（痣）,痣 黶 疵,名,,2.2a; 上平 - [2]-[1]-A A-A-A,2.2a,痣、黑子、麻子。,389 | 痣.a.n | *aza | 2A,,*aza,*aza,,,,,,,痣.a,,,器官,2,1,0,,,,,,,,,,aza 阿佐,,,,アザ,日|琉,,,,,,,,
aza,aza（字）,字,名,,2.2b; x - [1]-[1]-A,2.2b,町村内的区划名、（琉球）集落。,390 | 字.a.n | *aza | xA,,*aza,*aza ?< am-(i)-sa,,,,,,,畔.a,字,,区划,2,1,0,,,,,,,,,,,,aza,,アザ,日|琉,,,,,,,,
aza*,aza*（棘）,棘,名,,,,（南琉球八重山）棘刺。,392 | 棘.a.n | *aza,,,,,,,,,,棘.a,,,植物器官,0,1,0,,,,,,,,,,,,,,,南琉八,,,,,,,,
aza*,aza*（兄）,兄,名,,,,（南琉球）哥哥、前辈。,391 | 兄.a.n.2 | *azja | C,,南 *aza,,,,,,,,兄.a.3,,,亲,0,1,0,,,,,,,,,,,,,,,南琉,,,,,,,,
azaeru*,azaeru*（糾）,糾 叉,他动,下一段（下二段）,?A; A - B-x-x,?A,使交叉、使组合、使纠缠。,,aza-e-,八重山 *aza-pe-,*aza-pa-i-,,,*-pa-i-,,,,畔.a,糾,,,3,1,0,,,,,,,,,,azawe- (阿佐布),,,アザフ,アザエル*,日|南琉八,,,,,,,,
azake-*,azake-*（清潔）,清潔,形,,,,（南琉球八重山与那国）干净的。,6459 | 清潔.a.a | *azake-,,与那国 *azake- ?< *aza-ka-i-,,,,*-ka-i-,,,,鮮.a,,,,0,1,0,,,,,,,,,,,,,,,南琉八,,,,,,,,
azakeru,azakeru（嘲）,嘲,自动・他动,五段（四段）,A; A - B-A-A. 镰仓 A | azakeri（名词）: x - [0/3/4]-[0]-A,A,（自动）胡说八道、大声说话、开玩笑、哼歌、吹口哨；（他动）嘲笑、说坏话。,,aza+ke-r-,,,,,*-r-,,,嘲+気,嘲.a|気.k,,,,3,1,0,,,,,(嘲),,,,,azaker- (阿佐介留 阿佐毛リ),,,,アザケル,日,,,,,,,,
azami,azami（薊）,薊,名,,?3.1; 上上x - [0]-[0]/(0)-B,?3.1,蓟。,394 | 薊.a.n | *azami,aza+mi,*aza+mi,*aza+mi,,,,,,薊+?,棘.a,薊,,草,2,1,0,,,,,azami1 阿耶美,,,,,,,,,アザミ,日|琉,,,,,,,,
azamia*,azamia*（薊）,薊,名,,,,（北琉球冲绳）蓟。,,,沖縄 *aza+mi-a,,,,*-a,,,薊+?,棘.a,薊,,草,0,1,0,,,,,,,,,,,,,,,北琉冲,,,,,,,,
azamuku,azamuku（欺）,欺 詐 誑 瞞 謾,自动・他动,五段（四段）,A; A - B-A-A x-A-x | azamuki（名词）: [0/3/4]-x-x,A,（自动）吟咏、嘲笑；（他动，后起的）欺骗、恶言相向、轻视、（南琉球宫古）安慰。,395 | 宥.a.v | *azamuk-,aza+muk-,*aza+muk-,*aza+muk-,,,,,,嘲+向,嘲.a|向.m,,,,2,1,0,,,,,azamuk- (阿射無加),,,,,,,,,アザムク,日|琉,,,,,,,,
azana,azana（字）,字,名,,3.1; 上上上 - [0]-[0]-B x-A-x,3.1,别字、别名（= adana）、町村内的区划名。,396 | 渾名.a.n | *azana,aza+na,*aza+na,*aza+na ?< *am(i)-sa+na,,,,,,字+名,畔.a|名.n,字,,区划,3,1,0,,,,,(字),,,,,azana 阿佐奈,,,,アザナ,日|琉,,,,,,,,
azanau,azanau（糾）,糾,他动,五段（四段）,B-A-x,,使纠缠。,,aza-na-w-,,,,,*-na-p-,,,,畔.a,糾,,,3,1,0,,,,,,,,,,,,azanaw-,アザナフ,アザナウ,日,,,,,,,,
azaraka,azaraka（鮮）,鮮,形动,,,,新鲜的样子。,,aza-ra-ka,,,,,*-ra-ka,,,,鮮.a,,,,2,1,0,,,,,,,,,,azaraka 悪左良可,,,,アザラカ,日,,,,,,,,
azarakesii*,azarakei*（鮮）,鮮,形,イ（ク）,B-x-x,,鲜明的样子、新鲜的样子。,,aza-ra-ke-,,,,,*-ra-ka-i-,,,,鮮.a,,,,4,1,0,,,,,(鮮),,,,,azarake-,,,アザラケシ,アザラケイ*,日,,,,,,,,
azaras-*,azaras-*（交）,交,他动,,,,（南琉球八重山）使交叉。,7558 | 交.a.v.3 | *azar-as-,,八重山 *aza-ra-s-,,,,*-ra-s-,,,,畔.a,糾,,,0,1,0,,,,,,,,,,,,,,,南琉八,,,,,,,,
azarasi,azarasi（海豹）,海豹,名,,[2]-[0]-x,,海豹。,,,,,,,,,,,海豹.a,,,哺乳,2,1,1,,,,,,,,,,azarasi 阿左良之,,,,アザラシ,日,,,,印尼 anjing laut（海豹，来自“狗-海”），仿造自荷兰语 zeehon（海豹，来自“海-猎犬”）,,,,
azare-*,azare-*（交）,交,自动,,,,（琉球）纵横交错、纠缠。,7557 | 交.a.v.2 | *azar-,,*aza-re-,,,,*-ra-i-,,,,畔.a,糾,,,0,1,0,,,,,,,,,,,,,,,琉,,,,,,,,
azareru,azareru（鮾）,鮾 鯘,自动,下一段（下二段）,B; B - A/B-A-x,B,（鱼肉等）腐烂。,,aza-re-,,,,,*-ra-i-,,,,嘲.a,戯,,,4,1,0,,,,,(鮾),,,,,azare- (阿佐礼 阿佐流),,,アザル,アザレル,日,,,,,,,,
azareru,azareru（戯）,戯,自动,下一段（下二段）,B-x-x x-B-x,,开玩笑、贪玩、和谐相处、不拘礼节、有风趣。,,aza-re-,,,,,*-ra-i-,,,,嘲.a,戯,,,3,1,0,,,,,,,,,,azare-,,,アザル,アザレル,日,,,,,,,,
azaru,azaru（戯）,戯,自动,五段（四段）,B-x-x,,开玩笑、贪玩。,,aza-r-,,,,,*-r-,,,,嘲.a,戯,,,2,1,0,,,,,,,,,,,,azar-,,アザル,日,,,,,,,,
azatoi,azatoi,,形,イ（ク）,B-B-x,,浅虑的、孩子气的、耍小聪明的、作风狠毒的。,,aza+to-,,,,,,,,嘲+利,嘲.a|利.t,,,,3,1,0,,,,,,,,,,,,azato-,アザトシ,アザトイ,日,,,,,,,,
azawarau,azawarau（嘲笑）,嘲笑,自动・他动,五段（四段）,A; A - A/B-A-A | azawarai: [3]-x-x,A,（自动）大笑、嘲笑；（他动，后起的）说坏话、轻蔑。,,aza+waraw-,,,,,,,,嘲+笑,嘲.a|笑.w,,,,4,1,0,,,,,(咲 嘲),,,,,azawarap- (安佐和良不),,,アザワラフ,アザワラウ,日,,,,,,,,
azawaru,azawaru（糾）,糾,自动,五段（四段）,?B; (A/)B - B-A-x,?B,纠缠。,,aza-wa-r-,,,,,*-pa-r-,,,,畔.a,糾,,,3,1,0,,,,,azapar- (阿蔵播梨),,,,,,,,アザハル,アザワル,日,,,,,,,,
azayageru*,azayageru*（鮮）,鮮,他动,下一段（下二段）,B-x-x,,使变得华丽、鲜明。,,aza-ya-g-e-,,,,,*-ya-g-ai-,,,,鮮.a,,,,3,1,0,,,,,,,,,,azayage-,,,アザヤグ,アザヤゲル,日,,,,,,,,
azayagu,azayagu（鮮）,鮮,自动,五段（四段）,B-x-x,,明显、干净利落、不柔软、不平滑。,,aza-ya-g-,,,,,*-ya-g-,,,,鮮.a,,,,2,1,0,,,,,,,,,,azayag-,,,,アザヤグ,日,,,,,,,,
azayaka,azayaka（鮮）,鮮,形动,,4.11; 平平上平 - [2]-[3]-B,4.11,鲜明的样子、漂亮的样子、新鲜的样子、巧妙的样子。,,aza-ya-ka,,,,,*-ya-ka,,,,鮮.a,,,,3,1,0,,,,,(鮮麗),,,,,azayaka,,,,アザヤカ,日,,,,,,,,
"aze 1, aza* 2","aze 1, aza* 2（畔）",畔 畦,名,,2.3; x - [2]-[1]-B,2.3,田间土堤、田界、田埂。（疑为对应动词的转成名词）,397 | 畦.a.n.2 | *aze | 3B,1 ?< am-(i)-sa-i,1 *aze | 2 南 *aza,*aza-i ?< *am(i)-sa-(i)-i,,,1 *-i,,,,畔.a,糾,被露,区划,2,1,0,,,,,,,,,,1 aze,,,,1 アゼ,日|琉,,,,,,,,
aze-*,aze-*（交）,交,他动,,x-x-x x-B-x,,（琉球）使交叉。,399 | 交.a.v | *aze- || 398 | 交.a.n | *aze | B,,*aze-,,,,*-i-,,,,畔.a,糾,,,0,1,0,,,,,,,,,,,,,,,琉,,,,,,,,
azema*,azema*（十字）,十字,名,,,,（琉球）十字、十字路口、交差物、交汇处、交差点。,404 | 十字架.a.n | *aze+ma,aze+ma,,,,,,,,糾+間,畔.a|間.m,糾,,,0,1,0,,,,,,,,,,,,,,,琉,,,,,,,,
azeru,azeru,,自动,,,,（三重県志摩郡）舌头打结。,,,*aze-,,,,*-i-,,,,畔.a,糾,,,1,1,0,,,,,,,,,,,,,,アゼル,西日,,,,,,,,
azi,azi（鰺）,鰺,名,,2.2b; 上平 - [1]-[1]-A,2.2b,鯵、竹夹鱼。,5816 | 鯵.a.n | *adi | 2,,,,,,,,,,鰺.a,,,鱼,3,1,0,,,,,,,,,,adi 阿知,,,アヂ,アジ,日,,,,,,,,
azi,azi（味）,味,名,,2.1; (x) - [0]-[0]-A A-A-A,2.1,味道、趣味、好的、美味的。,36 | 味.a.n | *adi | 1A,,*adi,*adi,,,,,,,味.a,,,感,3,1,0,,,,,adi 阿遲,,,,,,,,アヂ,アジ,日|琉,,,,,,,,
azi,azi（䳑）,䳑,名,,,,一种鸟（= tomoegamo 巴鴨）。,,,,,,,,,,,䳑.a,,,鸟,3,1,0,,,,,adi (味),,,,,,,,アヂ,アジ,日,,,,,,,,
azikai*,azikai*（硨磲貝）,硨磲貝,名,,,,（琉球）砗磲贝。,403 | 硨磲貝.a.n | *a[d]ikuja,,*a[d]i+kapi,,,,,,,硨磲+貝,硨磲.a|貝.k,,,软体,0,1,0,,,,,,,,,,,,,,,琉,,,,,,,,
azima-*,azima-*（甘）,甘,形,,,,（南琉球）甜的。,405 | 甘.a.a.2 | *a[d]ima-,,南 *adi+(a)ma-,,,,,,,味+甘,味.a|甘.a,,,,0,1,0,,,,,,,,,,,,,,,南琉,,,,,,,,
azimasa,azimasa（檳榔）,檳榔,名,,,,蒲葵（实际上不是槟榔）。,,,,,,,,,,,檳榔.a,,,木,3,1,0,,,,,adimasa 阿遲麻佐,,,,,,,,アヂマサ,アジマサ,日,,,,,,,,
aziru,aziru,煽,他动,五段（四段）,B-A-x,,煽动、鼓动。,,,,,,,*-r-,,,,煽.a,,,,2,1,1,,,,,,,,,,,,azir-,,アジル,外,,,,,,英 agitate,,
"azisai 1, azusai 2","azisai 1, azusai 2（紫陽花）",紫陽花,名,,?4.8; 平上上上 - [0]-[0]-A. 镰仓 LLHH,?4.8,绣球花（花瓣呈淡青紫色，根据土壤和开花后的天数等因素，青色或红色会加深）。,,azus(a)+ai?,,,,,,,,梓+藍?,梓.a|青.a,,u/i,木,4,1,0,,,,,1 adisawi 安治佐為,,,,,2 adusawi 安豆佐為,,,1 アヂサヰ | 2 アヅサヰ,1 アジサイ | 2 アズサイ,日,,,,,,,,
aziwaeru*,aziwaeru*（味）,味,他动,下一段（下二段）,,,品尝、玩味。,,azi-wa-e-,,,,,*-pap-ai-,,,,味.a,,,,3,1,0,,,,,,,,,,,ajiwae-,,アヂハフ,アヂワエル*,日,,,,,,,,
aziwau,aziwau（味）,味,他动,五段（四段）,A; A - A/B-A-A | aziwai（名词）: A - [0/3]-[0]-A x-A-x,A,品尝、玩味、体验。,37 | 味.a.n.2 | *adi-pap-i,azi-wa-w-,,,,,*-pap-,,,,味.a,,,,4,1,0,,,,,(教),,,,,adiwaw-,,,アヂハフ,アヂワウ,日,,,,,,,,
azu,azu（坍）,坍 崩岸,名,,,,崩塌的岸边、悬崖。,,,,,,,,,,,坍.a,,,地形,3,1,1,,,,,,,不明 azu 安受,,,azu 阿須,,,,アズ,爱|日?,"*-as+so （分裂(v)+岩质海岸/海中隐藏的岩石）；北海道 y-as-, 樺太 nas-（分裂(v)）, so（岩质海岸、海中隐藏的岩石）",,,,,,,
azukaras-*,azukaras-*（預）,預,他动,,,,（南琉球宫古）寄存、委托。,,,宮古 *a+duka-ra-s-,,,,*-ra-s-,,,相+付,合.a|付.t,,,,0,1,0,,,,,,,,,,,,,,,南琉宫,,,,,,,,
azukaru,azukaru（預）,預 与 干 参 関,自动・他动,五段（四段）,B; B - B-A-B B-B-x. 镰仓 LLLH. 江户 HHLL | azukari（名词）: B; x - [3/4]-[0]-B,B,（自动）干预、参与、蒙受；（他动，后起的）保管、管理、保留。,40 | 預.a.v | *adukar- || 41 | 預.a.n | *adukar-i,a+zuka-r-,*a+duka-r-,*a(p)=(i)+N+tuka-r-,,,*-r-,,,相+付,合.a|付.t,,,,4,1,0,,,,,(預),,,,,adukar-,,,アヅカル,アズカル,日|琉,,,,,,,,
azukeru,azukeru（預）,預,他动,下一段（下二段）,"B; x - B-A-B x-B-x. 室町, 江户 adukuru HHLL | azuke（名词）: x - [3]-[0]-B",B,寄存、委托、托、使参与、有关。,43 | 預.a.v.2 | *aduke- || 42 | 預.a.n.2 | *aduke,a+zuk-e-,*a+duk-e-,*a(p)=(i)+N+tuk-ai-,,,*-ai-,,,相+付,合.a|付.t,,,,3,1,0,,,,,,,,,,aduke-,,,アヅク,アズケル,日|琉,,,,,,,,
azuki,azuki（小豆）,小豆 赤小豆,名,,3.2b; 上上平 - [3]-[1]-A B-x-x,3.2b,红豆（主产地在北海道、关东（即古 Ainu 人区域））。,44 | 小豆.a.n | *aduki | 2A,,,,,,,,,,小豆.a,,,草,3,1,1,,,,,,,,,,aduki 阿都岐,,,アヅキ,アズキ,爱|日?,北海道 ántuki,,,,,,,
azuma,azuma（東）,東 吾妻 吾嬬,名,,"?3.4, ?3.7b; x - [1]-[2]-A. 镰仓 LHH, LHL. 江户 LHL",?3.4,东、东国（根据时代，所指范围有差异，上古为足柄山以东；通常认为来自倭建命「吾妻」之典故，似非）。,,?< azu+ma,,,,,,,,,東.a,,,方,3,1,1,,,,,aduma 阿豆麻 阿頭麻,,,,,,,,アヅマ,アズマ,爱|日?,"atui（海）, atui-pa（海的东岸）",,,,,,,
azumaya,azumaya（四阿）,四阿 東屋 阿舎,名,,4.5 (=3.4|1.3); x - [3]-(3)-A,4.5 (=3.4|1.3); x - [3]-(3)-A,亭。,,azuma+ya,,,,,,,,東+屋,東.a|屋.y,,,建,3,1,0,,,,,adumaya (四阿),,,,,,,,アヅマヤ,アズマヤ,日,,,,,,,,
azumu*,azumu*（杵）,杵,名,,x-x-x x-B-x,,（北琉球）杵。,406 | 杵.a.n | *a[d]umu | nC,,北 *a[d]umu,,,,,,,,杵.a,,,具,0,1,0,,,,,,,,,,,,,,,北琉,,,,,,,,
azusa,azusa（梓）,梓,名,,3.4; 平平平 - [0/1]-(2)-x,3.4,梓、楸。,,?< azu-sa,,,,,,,,,梓.a,,,木,4,1,0,,,,,adusa 阿豆佐 (梓),,不明 adusa 安豆左 (梓),,,,,,アヅサ,アズサ,日,,,,,,,,
"azuci 1, antsuci 2","azuti 1, antuti 2（射垜）",射垜 垜 堋 安土,名,,1 [0]-[0]-x | 2 ?4.1; 上上xx,,射箭时在箭靶后面用土构筑的山形。（八重山语应为借词，传统绣球花未在琉球分布）,,1 a+zuti ?< a(da)+zuti | 2 an+tuti ?< a(da)=n(o)+tuti,,,,,,,1 形=の+名,徒+土?,徒.a|土.t,,音节缩减,地形,3,1,0,,,,,,,,,,1 aduti 阿都智 阿津知 | 2 anduti 阿无豆知,,,1 アヅチ | 2 アムツチ,1 アズチ | 2 アンツチ,日,,,,,,,,
"bansyo 1, hansyo* 2","bansyo 1, hansyo* 2（蕃藷）",蕃藷 蕃薯,名,,,,萨摩芋。,,1 ban.syo,2 北 * pan.syo,*pan.syo,,,,,,,蕃藷.p,,清浊,草,0,1,1,,,,,,,,,,,,,,,日|北琉冲,,,蕃 汉音 pan；藷 汉音 syo,,,,,
"e 1, oe* 2, yoe* 3","e 1, oe* 2, yoe* 3（柄）",柄,名,,1.1; 上 - [0]-[0]-A x-A-x. 镰仓 H. 江户 H,1.1,柄。,1103 | 柄.j.n | *je | 1A（A：ソープは *jUe を再建。 jui の形式がある。B：枝の*jo-と同源とすればむしろ古形*jo-iの反映か？）,,1 *ye > 2 与論、沖縄一部 *w[o](C)[e] | 3 石垣、与那国 *y[o](C)[e],*y[e],,,,,,,支.y,,e/wo/o,具,2,1,0,,,,,,,,,,1 e (江),,,,1 エ,日|琉,,,,,,,,
"e 1, ya* 2","e 1, ya* 2（兄）",兄,名,,?1.2; x - x-[0/1]-x,?1.2,哥哥、年长者。,,,1 沖永良部 *ye | 2 沖縄 *ya,1 *ye ?< *ya-i | 2 *ya,,,1 *-i?,,,,兄.y,,被露|e/a,亲,2,1,1,,,,,1 ye 延,,,,,,,,,1 エ,日|北琉,,,,,,,"Ma. danc̆an（姻亲）, pTg *dā（年长的亲戚、姻亲）",
e,e（胞）,胞,名,,1.2,1.2,胎膜和胎盘等的总称、胞衣。,873 | 胞衣.i.n | *ira | oX,,*ira,*ira,,,,,,,胞.i,,,器官,3,1,0,,,,,[ye] (胞),,,,,e (兄),,,,エ,日|琉,,,,,,,,
e,e（餌）,餌,名,,1.3b; 去 - [1]-[1]-B,1.3b,饵食、诱饵。,,,,,,,,,,,餌.w,,,具,4,1,1,,,,,(餌),,,,,we 恵,,,ヱ,エ,日,,,,,,,"Ma. be, pTg *be（饵）, OTk. meN, Tk. ben, beŋ, pTk *beŋ（饵、鸟饵）",
e,e（絵）,絵 画,名,,1.3a; 平 - [1]-(0)-B B-B-x,1.3a,画、画面。,,,*we > 南 *ye,*w[e],,,,,,,絵.w,,,艺术,4,1,1,,,,,we 畫,,遠江 we 畫,,,,,,ヱ,エ,汉|日|琉,,,OC 畫 (*C-gʷˤrek-s)；繪 畫 吴音 we,,,,,
e,e（榎）,榎,名,,1.1; x - [0]-[0]-x,1.1,朴树。,,,,,,,,,,,榎.e,,,乔木,2,1,0,,,,,,,,,,e 衣,,,,エ,日,,,,,,,,
e,e（江）,江,名,,?1.1; 上 - [1]-[0]-x,?1.1,原本可指河、海、湖、壕沟等，尤指进入陆地的部分。,,,,,,,,,,,支.y,,,地形,2,1,0,,,,,ye 延 曳,,,,,,,,,エ,日,,,,,,,,
e,e（荏）,荏,名,,?1.1; 上 - x-[1]-x,?1.1,荏、白苏。,,,,,,,,,,,荏.e,,,草,2,1,0,,,,,,,,,,e 衣,,,,エ,日,,,,,,,,
e,e（嘆 1）,,感叹,,,,声：叹息、痛苦、打招呼（及回应招呼）、感到惊喜、反问、承诺、肯定时发出的声音、吞吞吐吐时作为过渡的声音。,,,,,,,,,,,e,,,,3,1,0,,,,,e 愛,,不明 e 衣,,,,,,,エ,日,,,,,,,,
e,e（嘆 2）,,感叹,,,,声：表示叹息。,,,,,,,,,,,we,,,,3,1,0,,,,,we 衛 惠,,,,,,,,ヱ,エ,日,,,,,,,,
e,e（笑）,笑,名,,,,笑。,,,,,,,,,,,we,笑,,表情,3,1,0,,,,,we 惠,,,,,,,,ヱ,エ,日,,,,,,,,
e,e（枝）,枝 肢,名,,?1.2; x - x-[0/1]-x,?1.2,树枝、四肢。,,,,,,,,,,,支.y,,,植物器官|器官,2,1,0,,,,,ye 延 (支),,,,,,,,,エ,日,,,,,,,,
e,e（蜘蛛巣）,,名,,,,（九州）蜘蛛巢、蜘蛛丝。,,,,,,,,,,,蜘蛛巣.e,,,分泌物,1,1,0,,,,,,,,,,,,,,エ,九,,,,,,,,
ebak-*,ebak-*（吐）,吐,自动,,,,（南琉球宫古）呕吐。,6227 | 吐.w.v | *webak-,,宮古 *we+bak-,,,,,,,we+吐,we,嘔,,,0,1,0,,,,,,,,,,,,,,,南琉宫,,,,,,,,
ebari,ebari,,名,,,,（方言）蜘蛛巢、蜘蛛丝。,,e+bar-i,,,,,*-i,,名=の+名,蜘蛛巣+張,蜘蛛巣.e|張.p,,,分泌物,1,1,0,,,,,,,,,,,,,,エバリ,日,,,,,,,,
ebaru,ebaru,,他动,五段（四段）,,,（青森県）用为了给田施肥而挖沟挖出来的土做田垄、（岩手県九戸郡）施肥后用锄头耕田。,,,,,,,,,,?+墾,墾.p,,,,1,1,0,,,,,,,,,,,,,,エバル,东北日,,,,,,,,
ebe*,ebe*（威部）,威部,名,,,,（琉球）神的所在（灵石等）。,757 | 威部.i.n | *ebe | C?（多良間 C、石垣・竹富 BC）,,*[e]be,,,,,,,,神在.e,,,信仰,0,1,0,,,,,,,,,,,,,,,琉,,,,,,,,
ebera*,ebera*（柄篦）,柄篦,,,,,（琉球）杓子。,1105 | 柄箆.j.n | *(j)e+pera | oC,,,,,,,,,柄+篦,支.y|篦.p,,,,0,1,0,,,,,,,,,,,,,,,琉,,,,,,,,
ebere-*,ebere-*,,他动,,,,（北琉球冲绳）吝啬。,,,*[e]b[e]re-,,,,,,,,物惜.e,,,,0,1,0,,,,,,,,,,,,,,,北琉冲,,,,,,,,
ebereya*,ebereya*,,名,,,,（北琉球冲绳）吝啬之人。,,,*[e]bere+ya,,,,,,,物惜+屋,物惜.e|屋.y,,,,0,1,0,,,,,,,,,,,,,,,北琉冲,,,,,,,,
ebi,ebi（海老）,海老 蝦 鰕,名,,2.1; 上上 - [0]-[0]-A A-A-x,2.1,虾。,591 | 海老.i.n | *ebi | 1A,,*ebi,*[e]bi,,,,,,,蝦.e,,,节肢,2,1,0,,,,,,,,,,ebi 衣比,,,,エビ,日|琉,,,,,,,,
ebi,ebi（葡萄）,葡萄,名,,[0]-x-x,,葡萄。,,,,,,,,,,,葡萄.e,,,藤,3,1,0,,,,,(蒲陶),,,,,ebi 衣比,,,,エビ,日,,,,,,,,
ebira,ebira,,名,,,,腿的外侧、（久留米）腰。,,,,,,,,,,,腿/腰.e,,,器官,2,1,0,,,,,,,,,,,ebira,,,エビラ,日,,,,,,,,
ebira,ebira（箙）,箙,名,,3.7a; 平上平 - [0/1]-[0]/(2)-x. 江户 LHL,3.7a,系在腰上的箱形容器，用于收纳箭。,,e+bira,,,,,,,,矢+?,矢.y,,,具,2,1,0,,,,,,,,,,,ebira,,,エビラ,日,,,,,,,,
ebiru,ebiru（笑）,笑,自动,上一段,,,（成熟的果实等）裂开。,,e-bi-,,,,,*-mpǝi-,,,,we,笑,,,3,1,0,,,,,,,,,,,,ebi-,ヱビル,エビル,日,,,,,,,,
ebiru*,ebiru*（海老）,海老,名,,,,（南琉球八重山）虾。,592 | 海老.i.n.2 | *ebiri,,八重山 *ebi-ru,,,,*-ru,,,,蝦.e,,,节肢,0,1,0,,,,,,,,,,,,,,,南琉八,,,,,,,,
ebisu,ebisu（恵比寿）,恵比須 恵比寿 夷 戎 蛭子,名,,,,七福神之一；从异乡漂流而来、带来渔获的神；（东北，渔民用语）鲸鱼等。（琉球语或为借词）,590 | 田舎.i.n.2 | *ebes[u],,,,,,,,,,夷.e,,,神名,2,1,0,,,,,,,,,,ebisu,,,,エビス,日,,,,,,,,
ebitori,ebitori,,名,,,,翠鸟（= kawasemi）。,,ebi+tori,,,,,,,,?+鳥,鳥.t,,,鸟,1,1,0,,,,,,,,,,,,,,エビトリ,东日,,,,,,,,
ebo,ebo,,名,,,,（中国、兵庫県佐用郡、赤穂郡、鳥取県、岩美郡、気高郡、岡山県）小树枝、树、木头或竹子的尖端、（京都府竹野郡）果柄。,,,,,,,,,,,先端.e,,,植物器官,1,1,0,,,,,,,,,,,,,,エボ,中日,,,,,,,,
"eda 1, yade 2","eda 1, yade 2, yoda* 3（枝）",枝 肢,名,,2.1; 上上 - [0]-[0]-A A-A-A,2.1,树枝、四肢、一族、子孙。,1137 | 枝.j.n | *j[o]da | 1A,1 e-da | 2 ya-de,1 *ye-da | 3 *yo-da,*y[e]-da,,,*-da,,,,支.y,,e/o,植物器官|器官|亲,3,1,0,,,,,1 yeda 延陀,,2 不明 yade 夜提,,,,,,,1 エダ | 2 ヤデ,日|琉,,,,,,,,
"edo 1/2, yodo* 3","edo 1, yodo* 2（餌）",餌,名,,,,饵食、诱饵。,4969 | 餌.w.n | *wedo,e-do,1 *we-do > 2 沖永良部 *yo-do,*w[e]-d[o],,,*-d[o],,,,餌.w,,e/o,具,3,1,0,,,,,,,,,,,1 edo,,1 ヱド,1 エド,日|琉,,,,,,,,
edoreru,edoreru,,自动,,,,（越后）（苗、食物等）腐烂、馊。,,edore-,,,,,*-i-,,,,腐.e.1,,,,1,1,0,,,,,,,,,,,,,,エドレル,东日,,,,,,,,
edoru,edoru,,自动,,,,（北陆、岐阜）抱怨、发怒、（苗、食物等）腐烂、馊、感到闷热。,,edor-,,,,,,,,,腐.e.1,,,,1,1,0,,,,,,,,,,,,,,エドル,央日,,,,,,,,
ee,ee,,感叹・名,,,,（感叹）声：表示惊讶、悲伤、懊悔、喜悦、想到什么、向对方提问、反问、肯定、同意、说不出下一句话或难以启齿而犹豫的时候发出的声音、（方言、琉球）呼唤；（名，方言）呕吐。,,ee,*ee,*ee,,,,,,e+e,e,,,,2,1,0,,,,,,,,,,,ee,,,エエ,日|琉,,,,,,,,
eei,eei,,感叹,,,,声：用力时或下定决心做事时发出的声音。,,ee-i,,,,,*-i,,,,e,,,,2,1,0,,,,,,,,,,,,eei,,エエイ,日,,,,,,,,
een,een,,感叹,,,,声：咳嗽、哭泣。,,ee-n,,,,,*-n,,,,e,,,,2,1,0,,,,,,,,,,,,een,,エエン,日,,,,,,,,
eenhahan,eenhahan,,副・名,,,,（副）声：马嘶声；（名，幼儿语）马。,,ee-n+ha+ha-n,,,,,*-n+CP-n,,,e+ha+ha,e|ha,,,,2,1,0,,,,,,,,,,,,eenhahan,,エエンハハン,日,,,,,,,,
eeQ,eeQ,,感叹,,,,声：表示、吃惊反问、生气、懊悔的时候发出的声音。,,ee-Q,,,,,*-Q,,,,e,,,,2,1,0,,,,,,,,,,,,eeQ,,エエッ,日,,,,,,,,
eeto,eeto,,感叹,,[1]-[2]-x,,声：说不出下一句话，思考的时候发出的声音。,,ee+to,,,,,,,,e+to,e|to,,,,2,1,0,,,,,,,,,,,,eeto,,エエト,日,,,,,,,,
ega,ega,,名,,,,（东日本）作为蚕座用的竹制器具。,,,,,,,,,,,蚕座.e,,,具,2,1,0,,,,,,,,,,,,ega,,エガ,东日,,,,,,,,
egaeru,egaeru,,自动,,,,（岩手県上閉伊郡、気仙郡、秋田県鹿角郡）（鱼等）腐烂有难闻的气味、（饭等）馊了。,,egae-,,,,,*-i-,,,,腐.e.2,,,,1,1,0,,,,,,,,,,,,,,エガエル,东北日,,,,,,,,
egahara,egahara,,名,,,,幼儿的腹部疾病。,,ega+hara,,,,,,,,?+腹,腹.p,,,疾,2,1,0,,,,,,,,,,egafara 衣賀波良,,,,エガハラ,日,,,,,,,,
ege,ege,,名,,,,（方言）鱼鳃。,,,,,,,,,,,鰓.e.2,,,器官,1,1,0,,,,,,,,,,,,,,エゲ,日,,,,,,,,
egeru,egeru,,自动,下一段,,,饱。,,ege-,,,,,,,,,,,,,2,1,0,,,,,,,,,,,,尾張 ege-,,エゲル,日,,,,,,,,
egetsunai,egetunai,,形,イ,,,给人过度困扰、不快的感觉，特指说话方式和做法都很露骨；厚脸皮又不客气的；无同情心又很残酷的；（方言）可怜的、卑鄙贪婪的、执拗的、束手无策的、靠不住的。,,egetu-na-,,,,,*-na-,,,,迷惑.e,,,,2,1,0,,,,,,,,,,,,egetuna-,,エゲツナイ,日,,,,,,,,
ego,ego,,名,,,,山、溪谷等的凹陷，也表示那里形成的水洼；河沟、沟渠，也表示利用河沟的船坞或修船设施；灌溉用水沟、田地的水口。,,,,,,,,,,,谷.e,,,地形,2,1,0,,,,,,,,,,,,ego,,エゴ,日,,,,,,,,
ego,ego（野茉莉）,,名,,[1]-x-x,,野茉莉。,,,,,,,,,,,野茉莉.e,,,灌木,3,1,0,,,,,,,,,,,,ego,ヱゴ,エゴ,日,,,,,,,,
"egobansyoa* 1, yogobansyoa* 2","egobansyoa* 1, yogobansyoa* 2",,名,,,,（北琉球，奄美大岛以南）海芋、毒芋。,,,1 奄美大島以南 *wego+ban.syo-a > 2 沖永良部 *yogo+ban.syo-a,,,,*-a,,形=の+名,,黒慈姑.w|蕃藷.p,不食芋,we/yo,草,0,1,0,,,,,,,,,,,,,,,北琉奄,,,,,,,,
egoego,egoego,,副,,[1]-x-x,,态：因肥胖而动作迟缓；上下前后摇晃肩膀。,,ego+ego,,,,,,,,ego+ego,ego,,,,2,1,0,,,,,,,,,,,,egoego,,エゴエゴ,日,,,,,,,,
egonoki,egonoki,,名,,[1/4]-x-x,,野茉莉。,,ego=no+ki,,,,,,,,野茉莉=の+木,野茉莉.e,,,灌木,3,1,0,,,,,,,,,,,,egonoki,ヱゴノキ,エゴノキ,日,,,,,,,,
egocara,egotyara,,副,,,,态：难以控制肥胖的身体，动作迟钝的样子。,,ego+tyara,,,,,,,,ego+tyara,ego|tyara,,,,2,1,0,,,,,,,,,,,,egocara,,エゴチャラ,日,,,,,,,,
"egu 1, ego 2","egu 1, ego 2",,名,,,,黑茨菇（= kuroguwai，吃起来涩口）。,,,,,,,,,,,黒慈姑.w,,u/o 交替,草本,4,1,0,,,,,1 wegu 恵具,,,,,2 wego,,,1 ヱゴ | 2 ヱグ,1 エゴ | 2 エグ,日,,,,,,,,
"egui 1, egoi 2, yogo-* 3","egui 1, egoi 2, yogo-* 3（蘞）",蘞 刳 醶,形,イ（ク）,B; B - B-B-x B-B-x,B,涩口的、刺激的、严厉的、过度的、恶心的、（琉球）痒的。,6551 | 蘞.w.a | *wegu- | 4968 | 擽.w.a | *wegau-(?),1 egu- | 2 ego-,2 *wego- > 3 奄美大島、沖永良部、沖縄島嶼 *yogo-,*wego-,,,,,,,黒慈姑.w,蘞,u/o 交替,性质,4,1,0,,,,,,,,,,1 wegu- (恵久之),,2 ego-,1 ヱゴシ | 2 ヱグシ,1 エゴイ | 2 エグイ,日|琉,,,,,,,,
egureru,egureru（抉）,抉 刳,自动,下一段（下二段）,B-x-x | egure（名词）: [0/3]-x-x,B,物体表面等有被强行挖过的地方。,,egu-re-,,,,,*-ra-i-,,,,黒慈姑.w,抉,,,3,1,0,,,,,,,,,,,,egure-,ヱグル,エグレル,日,,,,,,,,
eguriganmo*,eguriganmo*,,名,,,,（南琉球宫古）海芋、毒芋。,,,宮古 *wegu-r-i+gan.(syo)+umo,,,,,,,,黒慈姑.w|蕃藷.p|芋.u,不食芋,b/g,草,0,1,0,,,,,,,,,,,,,,,南琉宫,,,,,,,,
egurinoha*,egurinoha*,,名,,,,（南琉球八重山）海芋、毒芋。,,,八重山 *wegu-r-i=no+pa,,,,,,,,黒慈姑.w|葉.p,不食芋,,草,0,1,0,,,,,,,,,,,,,,,南琉八,,,,,,,,
eguru,eguru,,自动・他动,,,,（自动，青森県三戸郡、島根県、岡山市、広島県高田郡、長崎県北松浦郡、対馬）强烈的涩味使喉咙刺痛；（他动，岡山県苫田郡）反对。（与 eguru（抉）可能为同一个词）,,egu-r-,,,,,*-r-,,,,黒慈姑.w,,,,1,1,0,,,,,,,,,,,,,,エギル,日,,,,,,,,
"eguru 1, yogor-* 2, wagor-* 3","eguru 1, yogor-* 2, wagor-* 3（抉）",抉 刳 剔,他动,五段（四段）,B; x - B-A-B x-B-x,B,挖、剜、挖苦、追究。（或受到 kuru（刳）的影响）,4970 | 抉.w.v | *wegur- || 6553 | 抉.w.n | *wegur-i,1 egu-r-,1 *wego-r- > 2 沖永良部、沖縄島嶼、伊良部 *yogo-r- | 3 沖縄一部 *wago-r-,*wego-r-,,,*-r-,,,,黒慈姑.w,抉,,,3,1,0,,,,,,,,,,,,1 egur-,1  ヱグル,1 エグル,日|琉,,,,,,,,
egusa,egusa,,名,,,,山薄荷（= yamahaQka）。,,e+gusa,,,,,,,名=の+名,?+草,草.k,,,草,1,1,0,,,,,,,,,,,,,,エグサ,日,,,,,,,,
eguzir-*,eguzir-*（擽）,擽,他动,,,,（南琉球宫古）使发痒。,6929 | 擽.w.v | *weguzir-(?),,*wegu+[z][i]r-,,,,,,,黒慈姑+?,黒慈姑.w,蘞,,,0,1,0,,,,,,,,,,,,,,,南琉宫,,,,,,,,
eheehe,eheehe,,感叹,,,,声：轻视他人或自卑而假笑。,,e+he+e+he,,,,,,,,e+he+e+he,e|he,ehe,,,2,1,0,,,,,,,,,,,,eheehe,,エヘエヘ,日,,,,,,,,
ehehe,ehehe,,感叹,,,,声：对人谄媚或自卑而假笑。,,e+he+he,,,,,,,,e+he+he,e|he,ehe,,,2,1,0,,,,,,,,,,,,ehehe,,エヘヘ,日,,,,,,,,
ehen,ehen,,感叹,,[2]-(2)-x,,声：咳嗽声、为引起他人注意的清喉咙的声音。,,ehe-n,,,,,*-n,,,e+he,e|he,ehe,,,2,1,0,,,,,,,,,,,,ehen,,エヘン,日,,,,,,,,
eheraehera,eheraehera,,副,,,,象：大笑。,,e+he+ra+e+he+ra,,,,,,,,e+he+ra+e+he+ra,e|he|ra,ehe,,,2,1,0,,,,,,,,,,,,eheraehera,,エヘラエヘラ,日,,,,,,,,
ei,ei,,感叹・副,,[1]-x-x,,（感叹）表示回应、吃惊反问、用力、决断、呼唤、强烈感动或吃惊的时候发出的声音；（副）很多。,,e-i,,,,,*-i,,,,e,,,,2,1,0,,,,,,,,,,,ei,,,エイ,日,,,,,,,,
ei,ei（鱏）,鱏 鱝 海鷂魚,名,,?2.2b; x - [1]-[1]-A,?2.2b,软骨鱼，鳐、鲼、魟、鯆。,602 | 鱏.i.n | *epi | 2A,,*[e]p[i],*[e]p[i],,,,,,,鱏.e,,,鱼,4,1,0,,,,,(鮐),,,,,ewi 衣比,,,エヒ,エイ,日|琉,,,,,,,,
eiei,eiei,,感叹,,,,声：用力、笑声、囃子詞（用于歌谣中，填充节奏的无实义音节）、吆喝、同意回应、呼唤、战场上的呐喊声。,,e-i+e-i,,,,,*-i+CP-i,,,e+e,e,,,,2,1,0,,,,,,,,,,,eiei,,,エイエイ,日,,,,,,,,
eieiou,eieiou,,感叹,,,,声：一大群人鼓劲、战场上的呐喊声。,,e-i+e-i+o-u,,,,,*-i+CP-i+CP-u,,,e+e+o,e|o,,,,2,1,0,,,,,,,,,,,eieiou,,,エイエイオー,日,,,,,,,,
eieiwa,eieiwa,,感叹,,,,声：战场上的呐喊声。,,e-i+e-i+wa,,,,,*-i+CP-i,,,e+e+wa,e|wa,,,,2,1,0,,,,,,,,,,,,eieiwa,,エイエイワー,日,,,,,,,,
einoo,einoo（鱏）,鱏,名,,x-x-x x-x-B,,（九州、北琉球奄美、南琉球八重山）龙卷风；（北琉球冲绳、南琉球宫古）内海、礁池、珊瑚礁。,597 | 竜巻.i.n | *enau || 596 | 内海.i.n | *enau | nX,ei=no+o,*[e]p[i]=no+wo,*[e]p[i]=nǝ+wǝ,,,,,,鱏=の+尾,鱏.e|尾.w,,,风,2,1,0,,,,,,,,,,,,,エヒノウヲ,エイノウオ,九|琉,,,,,,,,
einookaze*,einookaze*（鱏風）,鱏風,名,,,,（南琉球八重山）龙卷风。,,,八重山 *[e]p[i]=no+wo+kaze,,,,,,,鱏=の+尾+風,鱏.e|尾.w|風.k,,,风,0,1,0,,,,,,,,,,,,,,,南琉八,,,,,,,,
eiou,eiou,,感叹・副,,,,（感叹）声：神乐、舞蹈等吆喝声；（副）各种各样。,,e-i+o-u,,,,,*-i+CP-u,,,e+o,e|o,,,,2,1,0,,,,,,,,,,,eiou,,,エイオー,日,,,,,,,,
eisa,eisa,,感叹,,,,声：用力时发出的吆喝声；（北琉球冲绳）冲绳本岛及其周边的盂兰盆舞的吆喝声，也指盂兰盆舞（延长是 iiyaasaasaa）。,,e-i+sa,*e-i+sa,*E-i+sa,,,*-i,,,e+sa,e|sa,esa,,,2,1,0,,,,,,,,,,,eisa,,,エイサ,日|北琉冲,,,,,,,,
eisaiyousai,eisaiyousai,,感叹,,,,声：用力移动物体时发出的吆喝声。,,e-i+sa-i+yo-u+sa-i,,,,,*-i+CP-i+CP-u+CP-i,,,e+sa+yo+sa,e|sa|yo,esa,,,2,1,0,,,,,,,,,,,eisaiyousai,,,エイサイヨーサイ,日,,,,,,,,
eisaQsa,eisaQsa,,感叹,,,,声：一边用力一边急忙地推或拉的时候，或者拼命地跑的时候发出的声音。,,e-i+sa-Q+sa,,,,,*-i+CP-Q,,,e+sa+sa,e|sa,esa,,,2,1,0,,,,,,,,,,,,eisaQsa,,エイサッサ,日,,,,,,,,
eisara,eisara,,感叹,,,,声：伴奏、推拉物体时发出的吆喝声。,,e-i+sa+ra,,,,,*-i,,,e+sa+ra,e|sa|ra,esa,,,2,1,0,,,,,,,,,,,eisara,,,エイサラ,日,,,,,,,,
eisaradou,eisaradou,,感叹,,,,声：伴奏、推拉物体时发出的吆喝声。,,e-i+sa+ra+do-u,,,,,*-i+CP-u,,,e+sa+ra+do,e|sa|ra|do,esa,,,2,1,0,,,,,,,,,,,,eisaradou,,エーサラドオ,日,,,,,,,,
eisaraei,eisaraei,,感叹,,,,声：伴奏、推拉物体时发出的吆喝声。,,e-i+sa+ra+e-i,,,,,*-i+CP-i,,,e+sa+ra+e,e|sa|ra,esa,,,2,1,0,,,,,,,,,,,,eisaraei,,エイサラエイ,日,,,,,,,,
eisaraeisa,eisaraeisa,,感叹,,,,声：伴奏、推拉物体时发出的吆喝声。,,e-i+sa+ra+e-i+sa,,,,,*-i+CP-i,,,e+sa+ra+e+sa,e|sa|ra,esa,,,2,1,0,,,,,,,,,,,eisaraeisa,,,エイサラエイサ,日,,,,,,,,
eitoko,eitoko,,名,,2 [0]-[0]/(3)-x,,用于夹铁丝、钣金、锻造材料等的工具。由钢铁制成，形状与拔钉器相似。,,e-i+to+ko,,,,,,,,e+to+ko,e|to|ko,,e/ya,具,2,1,0,,,,,,,,,,,,eitoko,,エイトコ,日,,,,,,,,
eitokona,eitokona,,感叹,,,,声：用力时的吆喝声；疲劳时或老人等活动身体的时候发出的声音。,,e-i+to+ko+na,,,,,*-i,,,e+to+ko+na,e|to|ko|na,,,,2,1,0,,,,,,,,,,,,eitokona,,エイトコナ,日,,,,,,,,
eitomoeitomo,eitomoeitomo,,感叹,,,,声：拉扯大件物品时的吆喝声。,,e-i+to+mo+e-i+to+mo,,,,,*-i+CP-i,,,e+to+mo+e+to+mo,e|to|mo,,,,2,1,0,,,,,,,,,,,eitomoeitomo,,,エイトモエイトモ,日,,,,,,,,
eitonna,eitonna,,感叹,,,,声：囃子詞之一。,,e-i+to-n+na,,,,,*-i+CP-n,,,e+to+na,e|to|na,,,,2,1,0,,,,,,,,,,,,eitonna,,エイトンナ,日,,,,,,,,
eitorieito,eitorieito,,感叹,,,,声：歌谣中使用的囃子詞。,,e-i+to+ri+e-i+to,,,,,*-i+CP-i,,,e+to+ri+e+to,e|to|ri,,,,2,1,0,,,,,,,,,,,eitorieito,,,エイトリエイト,日,,,,,,,,
eitou,eitou,,感叹・副,,,,（感叹）声：用力前进或后退时的吆喝声；（副）宾客络绎不绝；勤奋工作的样子。,,e-i+to-u,,,,,*-i+CP-u,,,e+to,e|to,,,,2,1,0,,,,,,,,,,,eitou,,,エイトー,日,,,,,,,,
"eiya 1, eiyaQ 2","eiya 1, eiyaQ 2",,感叹,,,,声：用力拉动或跳跃时发出的声音。,,1 e-i+ya | 2 e-i+ya-Q,,,,,1 *-i | 2 *-i+CP-Q,,,e+ya,e|ya,eya,,,2,1,0,,,,,,,,,,,1 eiya | 2 eiyaQ,,,1 エイヤ | 2 エイヤッ,日,,,,,,,,
eiyaeiya,eiyaeiya,,感叹,,,,声：用力激烈地拉或移动物体时的吆喝声。,,e-i+ya+e-i+ya,,,,,*-i+CP-i,,,e+ya+e+ya,e|ya,eya,,,2,1,0,,,,,,,,,,,eiyaeiya,,,エイヤエイヤ,日,,,,,,,,
eiyaou,eiyaou（副）,,副,,,,好不容易。,,e-i+ya+o-u,,,,,*-i+CP-u,,,e+漸+o,e|漸.y|o,,,,2,1,0,,,,,,,,,,,,eiyaou,,エイヤオウ,日,,,,,,,,
eiyaou,eiyaou（感叹）,,感叹,,,,声：用力时发出的吆喝声。,,e-i+ya+o-u,,,,,*-i+CP-u,,,e+ya+o,e|ya|o,eya,,,2,1,0,,,,,,,,,,,,eiyaou,,エイヤオウ,日,,,,,,,,
eiyaQ,eiyaQ,,副・名,,,[1]-x-x,（副）竭尽全力、很多、非常、好不容易、勉强；（名）挥刀互砍、剑术、战争。,,e-i+ya-Q,,,,,*-i+CP-Q,,,e+ya/漸,e|ya|漸.y,,,,2,1,0,,,,,,,,,,,1 eiya | 2 eiyaQ,,,1 エイヤ | 2 エイヤッ,日,,,,,,,,
eiyaQtou,eiyaQtou,,感叹・名,,,[1]-x-x,（感叹）声：挥刀互砍时的吆喝声；（名）挥刀互砍、剑术、战争。,,e-i+ya-Q+to-u,,,,,*-i+CP-Q+CP-u,,,e+ya+to,e|ya|to,eya,,,2,1,0,,,,,,,,,,,,eiyaQtou,,エイヤットウ,日,,,,,,,,
eiyarae,eiyarae,,感叹,,,,声：歌谣的囃子詞。,,e-i+ya+ra+e,,,,,*-i,,,e+ya+ra+e,e|ya|ra,eya,,,2,1,0,,,,,,,,,,,,eiyarae,,エイヤラエ,日,,,,,,,,
eiyarasa,eiyarasa,,感叹,,,,声：用力时发出的声音、歌谣的囃子詞。,,e-i+ya+ra+sa,,,,,*-i,,,e+ya+ra+sa,e|ya|ra|sa,eya,,,2,1,0,,,,,,,,,,,,eiyarasa,,エイヤラサ,日,,,,,,,,
"eiyaraya 1, eiyarayaa 2","eiyaraya 1, eiyarayaa 2",,感叹,,,2 [1]-x-x,声：用力时发出的声音、歌谣的囃子詞。,,1 e-i+ya+ra+ya | 2 e-i+ya+ra+yaa,,,,,*-i,,,e+ya+ra+ya,e|ya|ra,eya,元音延长,,2,1,0,,,,,,,,,,,,1 eiyaraya | 2 eiyarayaa,,1 エイヤラヤ | 2 エイヤラヤー,日,,,,,,,,
eiyarayaQto,eiyarayaQto,,副,,,[1]-x-x,好不容易。,,e-i+ya+ra+ya-Q=t=o,,,,,*-i+CP-Q,,,e+ya+ra+ya,e|ya|ra,eya,,,2,1,0,,,,,,,,,,,,eiyarayaQto,,エイヤラヤット,日,,,,,,,,
eiyatona,eiyatona,,感叹,,,[1]-x-x,声：用力时发出的声音、歌谣的囃子詞。,,e-i+ya+to+na,,,,,*-i,,,e+ya+to+na,e|ya|to|na,eya,,,2,1,0,,,,,,,,,,,,eiyatona,,エイヤトナ,日,,,,,,,,
eiya'un,eiya'un,,感叹,,,,声：用力时发出的声音。,,e-i+ya+u-n,,,,,*-i+CP-n,,,e+ya+u,e|ya|u,eya,,,2,1,0,,,,,,,,,,,,eiya'un,,エイヤウン,日,,,,,,,,
eka,eka（島）,島,名,,,,（北琉球冲绳，古）岛。,,,沖縄 *weka,,,,,,,,島.w,,,地形,0,1,0,,,,,,,,,,,,,,,北琉冲,,,,,,,,
ekaeka,ekaeka,,副,,,,态：（日本海侧）肥胖的人摇晃着身体走路的样子；老人或儿童，由于罗圈腿导致步行不畅；（东北）烈日炎炎的样子；焦躁不安的样子；起情欲的样子；（东北、新潟）口渴难受的样子；（新潟）严厉的样子；（新潟、九州）笑、婴儿天真无邪地笑的样子；（四国）马马虎虎不完整的样子。,,eka+eka,,,,,,,,eka+eka,eka,,,,1,1,0,,,,,,,,,,,,,,エカエカ,日,,,,,,,,
ekaeka,ekariekari,,副,,,,态：（东北）嗓子疼的样子；（出云）肥胖的人摇晃着身体走路的样子；老人或儿童，由于罗圈腿导致步行不畅；（九州）笑、婴儿天真无邪地笑的样子。,,eka-ri+eka-ri,,,,,*-ri+CP-ri,,,eka+eka,eka,,,,1,1,0,,,,,,,,,,,,,,エカリエカリ,日,,,,,,,,
eke*,eke*（雄）,雄,名,,,,（南琉球）男人、（对姐妹而言的）兄弟。,4972 | 雄.w.n | *weke,,南 *we+ke,,,,,,,男+子,男.w|小.k,,,人/亲,0,1,0,,,,,,,,,,,,,,,南琉,,,,,,,,
ekedomo*,ekedomo*（男）,男,名,,,,（南琉球）男人。,4973 | 男.w.n.2 | *weke+tomo,,南 *we+ke+domo,,,,,,,男+子+共,男.w|小.k|共.t,,,人,0,1,0,,,,,,,,,,,,,,,南琉,,,,,,,,
ekeeke*,ekeeke*,,副,,,,（南琉球宫古）像男人的样子。,,,宮古 *we+ke+we+ke,,,,,,,男+子+男+子,男.w|小.k,,,,0,1,0,,,,,,,,,,,,,,,南琉宫,,,,,,,,
ekeganokura*,ekeganokura*（男子）,男子,名,,,,（北琉球）男孩。,,,北 *we+ke+ga=no+ku-ra,,,,1 *-ra,,,男+子+子+子,男.w|小.k,,,人,0,1,0,,,,,,,,,,,,,,,北琉,,,,,,,,
"ekego* 1, ekega* 2, ekuga* 3","ekegura* 1, ekega* 2, ekuga* 3（男子）",男子,名,,,,（琉球）男孩、（年轻的）男人。,4974 | 男子.w.n | *weke+ga | nB || 4976 | 雄子.w.n.2 | *weke+kuCa || 4986 | 雄子.w.n | *weku+ga,,1 *we+ke+gu-ra | 2 *we+ke+ga | 3 *we+ku+ga,,,,1 *-ra,,名=の+名,男+子+子,男.w|小.k,,uCa,人,0,1,0,,,,,,,,,,,,,,,琉,,,,,,,,
ekemono*,ekemono*（雄物）,雄物,名,,,,（南琉球）男人。,4977 | 雄物.w.n | *weke+mono,,南 *we+ke+mono,,,,,,,男+子+物,男.w|小.k|物.m,,,人,0,1,0,,,,,,,,,,,,,,,南琉,,,,,,,,
ekera-*,ekera-*（少）,少,形,,x-x-x x-B-x,,（琉球）少的。,793 | 少.i.a.2 | *ekera- | nB,,*eke-ra- > 宮古 *ikɛra-,,,,*-ra-,,,,少.e.1,,,,0,1,0,,,,,,,,,,,,,,,琉,,,,,,,,
ekeri*,ekeri*（兄弟）,兄弟,名,,x-x-x x-A-x,,（琉球，对姐妹而言的）兄、弟、兄弟。,4983 | 兄弟.w.n | *weke-ri | nA,,*we+ke-ri,,,,*-ri,,,男+子,男.w|小.k,,,亲,0,1,0,,,,,,,,,,,,,,,琉,,,,,,,,
ekerya*,ekerya*（兄弟）,兄弟,名,,,,（南琉球宫古）男人。,7255 | 兄弟.w.n.2 | *weke-ri-ja,,宮古 *we+ke-ri-a,,,,*-ri-a,,,男+子,男.w|小.k,,,人,0,1,0,,,,,,,,,,,,,,,南琉宫,,,,,,,,
ekeya*,ekeya*（父親）,父親,名,,,,（南琉球八重山）父亲。,5939 | 父親.w.n | *wekeja,,八重山 *we+ke+(a)ya,,,,,,,男+子+父,男.w|小.k|父.a.2,,,亲,0,1,0,,,,,,,,,,,,,,,南琉八,,,,,,,,
"eko 1, yanokura* 2, yaka* 3, yako* 4, yaki* 5","eko 1, yanokura* 2, yaka* 3, yako* 4, yaki* 5（長子）",長子,名,,,,长子、（琉球）哥哥。,,1 e+ko,2 奄美大島 *ya=no+ku-ra | 3 与論、沖縄島嶼 *ya+ka | 4 沖縄一部 *ya+ko | 5 沖縄一部 *ya+[k]i ?< ya+ke ?< ya+ko,1 *y[e]+ko ?< *ya-i+ko | 2/3/4/5 *ya=(nǝ)+ko,,,1 *-i? | 2 *-ra,,,1/3/4/5 兄+子 | 2 兄=の+子,兄.y|小.k,,被露|e/a,亲,2,1,0,,,,,1 [yeko1] (長子),,,,,,,,,1 エコ,日|北琉,,,,,,,,
eko,eko（荏）,荏,名,,,,荏、白苏（= egoma）。,,e+ko,,,,,,,,荏+?,荏.e,,,草,2,1,0,,,,,,,,,,,eko,,,エコ,日,,,,,,,,
"ekoeko 1, egoego 2","ekoeko 1, egoego 2",,副,,,,象：高兴的样子。,,1 eko+eko | 2 ego+ego,,,,,,,,eko+eko,eko,,清浊,,2,1,0,,,,,,,,,,,,1 ekoeko | 2 egoego,,1 エコエコ | 2 エゴエゴ,日,,,,,,,,
ekubo,ekubo（靨）,靨,名,,3.2b; 上上平 - [1]-[1]-B,3.2b,酒窝。,,e+kubo,,,,,,,,笑+凹,we|凹.k,笑,,器官,3,1,0,,,,,,,,,,wekubo 恵久保,,,ヱクボ,エクボ,日,,,,,,,,
ekuri,ekuri,,名,,,,春兰（= syunran）。,,,,,,,,,,,春蘭.e,,,草,2,1,0,,,,,,,,,,,,四国 ekuri,,エクリ,日,,,,,,,,
ema-*,ema-*（新鮮）,新鮮,形,,,,（南琉球）新鲜的。,6663 | 新鮮.i.n | *ema,,南 *[e]ma-（?< ima「今」作为新借词使用）,,,,,,,,今.i,新鮮,,,0,1,0,,,,,,,,,,,,,,,南琉,,,,,,,,
emasii*,emasii*（笑）,笑,形,シイ（シク）,,,想要微笑的。,,e-ma-si-,,,,,*-ma-si-,,,,we,笑,,,3,1,0,,,,,,,,,,wemasi-,,,ヱマシ,エマシイ*,日,,,,,,,,
emasu,emasu（笑）,笑 咲,他动,五段（四段）,,,用水浸泡或热水煮使（麦子等）膨胀。,,e-ma-s-,,,,,*-ma-s-,,,,we,笑,,,3,1,0,,,,,,,,,,,,emas-,ヱマス,エマス,日,,,,,,,,
emasu,emasu（笑・尊敬）,笑 咲,自动,五段（四段）,,,笑（尊敬）。,,e-m-as-,,,,,*-m-as-,,,,we,笑,,,3,1,0,,,,,wemas- (恵麻須),,,,,,,,ヱマス,エマス,日,,,,,,,,
emau,emau（笑）,笑 咲,自动,五段（四段）,A,A,笑、花开。,,e-ma-w-,,,,,*-ma-p-,,,,we,笑,,,3,1,0,,,,,wemap- (恵麻比),,,,,,,,ヱマフ,エマウ,日,,,,,,,,
emawasii*,emawasii*（笑）,笑,形,シイ（シク）,,,想要微笑的。,,e-ma-wa-si-,,,,,*-ma-pa-,,,,we,笑,,,3,1,0,,,,,wemapasi- (恵麻波之伎),,,,,,,,ヱマハシ,エマワシイ*,日,,,,,,,,
eme-*,eme-*（小）,小,形,,,,（南琉球宫古）小的。,593 | 小.i.a | *eme-,,宮古 *[e]m[e]-,,,,,,,,小.e.2,,,,0,1,0,,,,,,,,,,,,,,,南琉宫,,,,,,,,
emeru,emeru,,他动,下一段（下二段）,,,以严厉的表情看人、瞪着。,,eme-,,,,,,,,,睨.e,,,,3,1,0,,,,,,,,,,,eme-,,エム,エメル,日,,,,,,,,
emi,emi（罅）,罅,名,,,,（东日本）裂纹。,,,,,,,,,,,罅.e,,,饰,2,1,0,,,,,,,,,,,,emi,,エミ,东日,,,,,,,,
emiemi,emiemi（笑笑）,笑笑,副,,,,象：浮现笑容的样子。,,e-m-i+e-m-i,,,,,*-m-i,,,笑+笑,we,笑,,,3,1,0,,,,,,,,,,,emiemi,,ヱミヱミ,エミエミ,日,,,,,,,,
"emisi 1, emisu 2, ebisu 3","emisi 1, emisu 2, ebisu 3（夷）",夷 蝦夷 戎,名,,1 3.2x; [1]-[1]-x | 3 ?3.1; 上上上 - [0/1]-[1]-x. 江户 HHL,1 3.2x | 3 ?3.1,古 Ainu 人、野蛮人、外国人；（南琉球八重山）乡下（八重山语或为借词）。,,,,,,,,,,,夷.e,,"m/b, i/u",族,4,1,1,,,,,1 emi1si 愛瀰詩 (蝦夷),,,,肥前 (戎),2 emisu | 3 ebisu,,,,1 エミシ | 2 エミス | 3 エビス,爱|日,"樺太 enju, enciw（人，?< *ainu-...）",,,,,,,
emu,emu（笑）,笑 咲,自动,五段（四段）,"A; A - B-B-x. 镰仓 HH, LH. 江户 LH | emi（名词）: 2.1; x - [1/2]-[1]-A. 镰仓 HH. 室町 HH. 江户 HH",A,笑、花开、果实裂开。,,e-m-,,,,,*-m-,,,,we,笑,,,4,1,0,,,,,wem- (廻牟 恵美 恵末),美濃 wem- (恵弥),,,,,,,ヱム,エム,日,,,,,,,,
en.ya,en.ya,,感叹・名,,,,（感叹）声：众人合力劳动时的吆喝声；（名）（中部）船、（中国，幼儿语）玩具船、（四国）（陡峭的）坡道。,,e-n+ya,,,,,*-n,,,e+ya,e|ya,eya,,,2,1,0,,,,,,,,,,,,enya,,エンヤ,日,,,,,,,,
"en.yakora 1, en.yakorya 2","en.yakora 1, en.yakorya 2",,感叹,,[1]-x-x,,声：用力移动重物时的吆喝声。,,1 e-n+ya+kora | 2 e-n+ya+korya,,,,,*-n,,,e+ya+kora,e|ya|kora,eya,拗音化,,2,1,0,,,,,,,,,,,,1 en.yakora | 2 en.yakorya,,1 エンヤコラ | 2 エンヤコリャ,日,,,,,,,,
en.yara,en.yara,,感叹,,[1]-x-x,,声：用力推拉重物时的吆喝声。,,e-n+ya+ra,,,,,*-n,,,e+ya+ra,e|ya|ra,eya,,,2,1,0,,,,,,,,,,,,en.yara,,エンヤラ,日,,,,,,,,
en.yaraya,en.yaraya,,感叹,,[1]-x-x,,声：用力推拉重物时的吆喝声。,,e-n+ya+ra+ya,,,,,*-n,,,e+ya+ra+ya,e|ya|ra,eya,,,2,1,0,,,,,,,,,,,,en.yaraya,,エンヤラヤ,日,,,,,,,,
en.yarayaQto,en.yarayaQto,,副,,,,好不容易。,,e-n+ya+ra+ya-Q=t=o,,,,,*-n+CP-Q,,,e+ya+ra+ya,e|ya|ra,eya,,,2,1,0,,,,,,,,,,,,en.yarayaQto,,エンヤラヤット,日,,,,,,,,
ena,ena（胞衣）,胞衣 胎衣,名,,,,胎膜和胎盘等的总称、胞衣。,,e+na,,,,,,,,胞+?,胞.i,,e/o|e/a,器官,3,1,0,,,,,(胞),,,,,,ena,,,エナ,日,,,,,,,,
ena-*,ena-*（小）,,形,,,,（北琉球奄美）小的。,,,奄美 *[e]na-,,,,,,,,小.e.1,,,性质,0,1,0,,,,,,,,,,,,,,,北琉奄,,,,,,,,
enaku,enaku,,自动,五段（四段）,,,呻吟。,,e+na-k-,,,,,*-k-,,,we+鳴,we|鳴.n,,,,3,1,0,,,,,,,,,,wenak- (恵奈久 恵奈支),,,ヱナク,エナク,日,,,,,,,,
enba,enba,,副,,,,就在这个时候、偏偏、不巧。,,,,,,,,,,,都合悪.e,,辅音延长,,2,1,0,,,,,,,,,,,,enba,,エンバ,日,,,,,,,,
"enba 1, enma 2","enba 1, enma 2（蜻蛉）",蜻蛉,名,,,,蜻蜓。,,,,,,,,,,,蜻蛉.e,,m/b,节肢,4,1,0,,,,,,,,,,1 wenba 恵无波,,2 筑前 enma,ヱンバ,エンバ,日,,,,,,,,
"enbuu 1, enbou 2","enbuu 1, enbou 2（蜻蛉）",蜻蛉,名,,,,（四国、九州为主）蜻蜓。,,?< enbau,,,,,,,,,蜻蛉.e,,u/o,节肢,2,1,0,,,,,,,,,,,,1 筑前 enbuu | 2 筑前 enbou,,1 エンブウ | 2 エンボウ,央日|九,,,,,,,,
en'en,en'en,,副・名,,[1（副）]-x-x,,声/态：大声哭泣；（名，西日本，幼儿语）（岡山市、長崎市、熊本県玉名郡）背负、（鹿児島県肝属郡）下去、（長崎県北松浦郡、新潟県西頸城郡）走路。,,e-n+e-n,,,,,*-n+CP-n,,,e+e,e,,,,2,1,0,,,,,,,,,,,,en'en,,エンエン,日,,,,,,,,
enga,enga,,副・名,,,,（副，宮城県石巻）四方脸的样子、威严的样子；（名，長野県南佐久郡）执拗的人。,,,,,,,,,,,ega,,,,1,1,0,,,,,,,,,,,,,,エンガ,东日,,,,,,,,
enga,enga（鳳仙花）,,名,,,,（方言）凤仙花。,,,,,,,,,,,鳳仙花.e,,,草,1,1,0,,,,,,,,,,,,,,エンガ,日,,,,,,,,
"enisu 1, enzu 2, enzyu 3","enisu 1, enzu 2, enzyu 3（槐）",槐,名,,,,槐树。,,,,,,,,,,,槐.e,,直音化,木,4,1,1,,,,,,,,,,1 wenisu 恵邇須 | 2 wensu | 3 wensyu,2 wenzu | 3 wenzyu,,1 ヱニス | 2 ヱンス > ヱンズ | 3 ヱンシュ > ヱンジュ,1 エニス | 2 エンズ | 3 エンジュ,日,,,槐 吴音 we；树 吴音 zyu,,,,,
enka,enka,,副,,,,（东北）少量。,,,,,,,,,,,少.e.3,,,,1,1,0,,,,,,,,,,,,,,エンカ,东北日,,,,,,,,
enko,enko,,名,,[1]-[1]-x,,（幼儿语）坐；比喻交通工具等发生故障停止不动。,,e-n+ko,,,,,*-n,,,e+子（小）,e|小.k,,,动作,2,1,0,,,,,,,,,,,,enko,,エンコ,日,,,,,,,,
enoki,enoki（榎）,榎 朴,名,,3.2a; [0]-[0/1]-A x-x-x,3.2a,朴树。,,e=no+ki,,,,,,,,榎=の+木,榎.e|木.k,,e/o,乔木,3,1,0,,,,,(朴),,,,,enoki (衣乃木),,,,エノキ,日,,,,,,,,
enpera,enpera,,名,,[0]-x-x,,乌贼的三角形鳍。,,,,,,,,,,,鰭.e,,,器官,2,1,0,,,,,,,,,,,,enpera,,エンペラ,日,,,,,,,,
ensa,ensa,,感叹,,,,声：用力时的吆喝声。,,e-n+sa,,,,,*-n,,,e+sa,e|sa,esa,,,2,1,0,,,,,,,,,,,,ensa,,エンサ,日,,,,,,,,
enta,enta,,名,,,,（方言，幼儿语）坐。,,e-n-ta,,,,,*-n-ta,,,,e,,,动作,1,1,0,,,,,,,,,,,,,,エンタ,日,,,,,,,,
"enu 1, einu 2","enu 1, einu 2（狗）",狗,名,,1 2.1; 上上 - x-[2]-x,2.1,狗崽、小狗、狗。,,enu < *wǝ+[e]nu,,,,,,,,小+犬,小.w|犬.e,,,哺乳,5,1,0,,,,,,1 美濃 wenu 恵怒,,,,1 wenu (恵沼),2 weinu,,1 ヱヌ | 2 ヱイヌ,エヌ | 2 エイヌ,日,,,,,,,,
epe-*,epe-*（少）,少,形,,,,（南琉球宫古）少的。,601 | 少.i.a | *epe-,,宮古 *[e]pe-,,,,,,,,少.e.2,,,,0,1,0,,,,,,,,,,,,,,,南琉宫,,,,,,,,
eQ,eQ,,感叹,,,,声：用力时的吆喝声；吃惊、感动、回应时发出的声音。,,e-Q,,,,,*-Q,,,,e,,,,2,1,0,,,,,,,,,,,eQ,,,エッ,日,,,,,,,,
eQka,eQka,,形动,,,,态：自信坦荡、得意洋洋、娇嫩美丽的样子。,,,,,,,,,,,eka,,辅音延长,,2,1,0,,,,,,,,,,,eQka,,,エッカ,日,,,,,,,,
eQpu,eQpu,,名,,,,（近畿）打嗝。,,,,,,,,,,,epu,,,辅音延长,1,1,0,,,,,,,,,,,,,,エップ,日,,,,,,,,
eQpuri,eQpuri,,名,,,,（近畿）打嗝。,,eQpu-ri,,,,,*-ri,,,,epu,,辅音延长,,1,1,0,,,,,,,,,,,,,,エップリ,日,,,,,,,,
eQsa,eQsa,,感叹,,[1]-x-x,,声：用力抬起重物，鼓足干劲做某事时发出的声音。,,e-Q+sa,,,,,*-Q,,,e+sa,e|sa,esa,,,2,1,0,,,,,,,,,,,,eQsa,,エッサ,日,,,,,,,,
eQsaQsa,eQsaQsa,,感叹・名,,[1]-x-x,,（感叹）声：扛东西、鼓足干劲做某事时的吆喝声，也用作囃子詞；（名，方言）单脚跳。,,e-Q+sa-Q+sa,,,,,*-Q+CP-Q,,,e+sa+sa,e|sa,esa,,,2,1,0,,,,,,,,,,,,eQsaQsa,,エッサッサ,日,,,,,,,,
eQtokona,eQtokona,,感叹,,,,声：用力时发出的吆喝声。,,e-Q+to+ko+na,,,,,*-Q,,,e+to+ko+na,e|to|ko|na,,,,2,1,0,,,,,,,,,,,,eQtokona,,エットコナ,日,,,,,,,,
eQtokosa,eQtokosa,,感叹,,,,声：用力时发出的吆喝声。,,e-Q+to+ko+sa,,,,,*-Q,,,e+to+ko+sa,e|to|ko|sa,,,,2,1,0,,,,,,,,,,,,eQtokosa,,エットコサ,日,,,,,,,,
er-*,er-*（塗）,塗,他动,,,,（南琉球宫古）涂抹（化妆品）。,4992 | 塗.b.v | *[w]er-,,宮古 *[w]er-,,,,,,,,塗.w,,,,0,1,0,,,,,,,,,,,,,,,南琉宫,,,,,,,,
era,era（鰓）,鰓 腮 顋,名,,"?2.2a, ?2.3; x - [0]-[0/1]-B","?2.2a, ?2.3",鳃、腮。（宫古语或为借词）,604 | 鰓.i.n | *era,,宮古 *era,*[e]ra,,,,,,,鰓.e.1,,,器官,2,1,0,,,,,,,,,,,,era,,エラ,日|南琉宫,,,,,,,,
era,era（穴）,,名,,,,（京都府）穴、（山口県）河岸的洞穴、（岩手県気仙郡）胃袋、（三重県、兵庫県神戸市）当然。,,,,,,,,,,,,,,,1,1,0,,,,,,,,,,,,,,エラ,日,,,,,,,,
erabaku,erabaku,,副,,,,（八丈）很多。,,era-ba=ku,,,,,*-ba,,,,偉.e,,,,1,1,0,,,,,,,,,,,,,,エラバク,八,,,,,,,,
erabas-*,erabas-*（選）,選,他动,,,,（南琉球宫古）使选择。,6870 | 選.i.v.2 | *erab-as-,,宮古 *era-ba-s-,,,,*-ba-s-,,,,選.e,,,,0,1,0,,,,,,,,,,,,,,,南琉宫,,,,,,,,
"erabu 1, eramu 2","erabu 1, eramu 2（選）",選 択 撰 採 簡,他动,五段（四段）,"B'; B - B-A-B x-B-B. 室町, 江户 HLL | era{b,m}i（名词）: x - [3]-x-x",B',选择、分别、提拔、编撰。,606 | 選.i.v | *erab- | iiB || 7179 | 選.i.n | *erab-i,1 era-b- | 2 era-m-,1 *era-b-,1 *era-b-,,,1 *-b- | 2 *-m-,,,,選.e,,b/m|e/o,,4,1,0,,,,,(択 択比),,,,,1 erab- (衣良布 衣良不),2 eram-,,,1 エラブ | 2 エラム,日|琉,,,,,,,,
erabu,erabu（海蛇）,海蛇,名,,,,永良部海蛇（毒蛇）。,608 | 海蛇.i.n | *erabu,   ,*erabu,,,,,,,,永良部.e,,,爬行,0,1,0,,,,,,,,,,,,,,,北琉冲,,,,,,,,
erabu,erabu（永良部）,永良部 沖永良部 伊良部,名,,x-x-x x-B-x,,（琉球）冲永良部（奄美群岛岛名）、伊良部（宫古群岛岛名）。,607 | 永良部.i.n | *erabu | nX || 608 | 海蛇.i.n | *erabu,,*erabu,,,,,,,,永良部.e,,,地名,2,1,0,,,,,,,,,,,,erabu,,エラブ,琉,,,,,,,,
erabuci*,erabuti*（武鯛）,武鯛,名,,,,（琉球）鹦嘴鱼（= butai）。,609 | 武鯛.i.n | *erabuti | nB,   ,*erabu+ti,,,,,,,,永良部.e,武鯛,,鱼,0,1,0,,,,,,,,,,,,,,,琉,,,,,,,,
erabucia*,erabutia*（武鯛）,武鯛,名,,,,（北琉球冲绳）鹦嘴鱼（= butai）。,,,*erabu+ti-a,,,,*-a,,,,永良部.e,武鯛,,鱼,0,1,0,,,,,,,,,,,,,,,北琉冲,,,,,,,,
erabuunagi,erabuunagi（永良部鰻）,永良部鰻,名,,[4]-x-x,,永良部海蛇（毒蛇；日语为近现代借词）,,,*erabu+[o]nagi,,,,,,,,永良部.e|鰻.o,,,爬行,2,1,0,,,,,,,,,,,,erabuunagi,,エラブウナギ,琉,,,,,,,,
eraera,eraera,,副,,,,高兴地笑的样子。,,e+ra+e+ra,,,,,,,,笑+ra,we|ra,笑,,,3,1,0,,,,,werawera 恵良恵良,,,,,,,,ヱラヱラ,エラエラ,日,,,,,,,,
erai,erai（偉）,偉 豪,形,イ（ク）,B-B-A,,严重的、意外的、疲劳的、大的、多的、伟大的、出色的。,605 | 偉.i.a | *era-,era-,*era-,*[e]ra-,,,,,,,偉.e,,,,3,1,0,,,,,,,,,,,,era-,エラシ,エライ,日|琉,,,,,,,,
erak-*,erak-*（倒）,倒,自动,,,,（南琉球宫古）倒下。,6608 | 倒.b.v | *[w]erak-,,宮古 *[w]erak-,,,,,,,,倒.w,,,,0,1,0,,,,,,,,,,,,,,,南琉宫,,,,,,,,
erakas-*,erakas-*（倒）,倒,他动,,,,（南琉球宫古）使倒下。,6931 | 倒.b.v.2 | *[w]erak-as-,,宮古 *[w]eraka-s-,,,,*-s-,,,,倒.w,,,,0,1,0,,,,,,,,,,,,,,,南琉宫,,,,,,,,
erakasu,erakasu,,他动,五段（四段）,,,欺负、戏弄、取笑。,,era-ka-s-,,,,*-ka-,*-ka-s-,俗语,,,欺.e,,,,2,1,0,,,,,,,,,,,erakas-,,,エラカス,日,,,,,,,,
erake-*,erake-*（倒）,倒,他动,,,,（南琉球宫古）使仰面躺下。,,,宮古 *[w]erak-e-,,,,*-ai-,,,,倒.w,,,,0,1,0,,,,,,,,,,,,,,,南琉宫,,,,,,,,
erakosi,erakosi,,副,,,,（八丈）再多一点。,,?< era+(su)ko=si,,,,,,,,偉+少?,偉.e|少.s,,,,1,1,0,,,,,,,,,,,,,,エラコシ,八,,,,,,,,
eraku,eraku,,自动,五段（四段）,?A,?A,高兴地笑。,,e+ra-k-,,,,,*-ra-k-,,,笑+ra,we|ra,笑,,,3,1,0,,,,,werak- (恵良伎 歓喜盈懐),,,,,,,,ヱラク,エラク,日,,,,,,,,
"eraku* 1, erago* 2","eraku* 1, erago* 2（籠）",籠,名,,,,（南琉球）一种竹制或藤制的装食物的篮子。,452 | 篭.b.n | *[w]era[k]u,,1 宮古 *[w]era+ku | 2 八重山 *[w]era+go,,,,,,2 名=の+名,?+籠,籠.k,,,,0,1,0,,,,,,,,,,,,,,,南琉,,,,,,,,
eras-*,eras-*,,他动,,,,（南琉球八重山）使中毒。,,,八重山 *wera-s-（*p 尾被改为 *r 尾，四段化）,,,,*-s-,,,,酔.w,,,,0,1,0,,,,,,,,,,,,,,,南琉八,,,,,,,,
eras-*,eras-*（塗）,塗,他动,,,,（南琉球宫古）令人想涂、涂得黏糊糊。,7010 | 塗.b.v.2 | *[w]er-as-,,宮古 *[w]era-s-,,,,*-s-,,,,塗.w,,,,0,1,0,,,,,,,,,,,,,,,南琉宫,,,,,,,,
ere,ere,,感叹,,,,（方言）声：轻微的惊讶、确认、劝诱等心情。,,e+re,,,,,,,,e+re,e|re,ere,,,1,1,0,,,,,,,,,,,,,,エレ,日,,,,,,,,
ereere,ereere,,感叹,,,,声：吃惊的时候发出的声音。,,e+re+e+re,,,,,,,,e+re+e+re,e|re,ere,,,2,1,0,,,,,,,,,,,,ereere,,エレエレ,日,,,,,,,,
eri,eri（魞）,魞 簄,名,,[2]-x-x,,一种固定式渔具。在河川、湖沼等鱼类的通道上，用竹篓围成漩涡形或迷宫形状，引导鱼自然游入围栏区域，最终在围栏的聚集处，用鱼网捞取的装置。以琵琶湖地区使用的这种装置最为著名。,,,,,,,,,,,魞.e,,,具,2,1,0,,,,,,,,,,,eri,,,エリ,日,,,,,,,,
erieri,erieri,,副,,,,态：步履蹒跚的样子。,,eri+eri,,,,,,,,eri+eri,eri,,,,2,1,0,,,,,,,,,,,erieri,,,エリエリ,日,,,,,,,,
eriwaza,eriwaza,,副,,,,故意地。,,eri+waza,,,,,,,,?+業,業.w,,,,2,1,0,,,,,,,,,,,,尾張 eriwaza,,エリワザ,东日,,,,,,,,
"eru 1, yoru 2","eru 1, yoru 2（選）",選 撰 択,他动,五段（四段）,B; x - B-B-B,B,选择。,5767 | 選.j.v | *jor- || 1195 | 選.j.n | *jor-i,1 er- | 2 yor-,与論 *yor-,,,,,,,,選.e,,e/o,,4,1,0,,,,,(択),,,,,1 er-,2 yor-,,,1 エル | 2 ヨル,日|北琉奄,,,,,,,,
eru,eru（得）,得 獲,自动・他动,下一段（下二段）,"?B; B-B-A-A x-B-x. 镰仓, 江户 uru LH",?B,（他动）获得、理解、擅长、可能；（自动）可能、得以（类似助动词）。（连用形 e- 作前缀表示潜能（能够…），只用于少数动词）,1104 | 得.i.v | *je-(?) | iiO,e-,*(y)e- ?< *e-,*a-i-,,,*-i-,,,,有.a,得,,,3,1,1,,,,,e- (衣 宇流 得),,,,,,,,ウ,エル,日|琉,,"系词，第三语基：OK 良 (*-a)；MK 어〮 (-é), 아〮 (-á)；K 어 (-eo), 아 (-a) | 获得、借、赢、生病、租：MK 얻〯다〮 (ět.tá)；K 얻다 (eotda)",,,,,,
eru,eru（啁）,啁,自动,五段（四段）,,,嬉笑玩乐。,,e-r-,,,,,*-r-,,,,we,笑,,,3,1,0,,,,,,,,,,wer- (恵留),,,ヱル,エル,日,,,,,,,,
esa,esa（餌）,餌,名,,2.3; x - [0/2]-[1]-B B-x-x,2.3,饵食、诱饵。,,e-sa,,,,,*-sa,,,,餌.w,,e/o,具,3,1,0,,,,,,,,,,,,esa,ヱサ,エサ,日,,,,,,,,
esa,esa（家）,,名,,,,（东日本）家。,,,,,,,,,,,家.e,,,场所,1,1,0,,,,,,,,,,,,,,エサ,东日,,,,,,,,
esamasa,esamasa,,感叹,,,,声：用力移动重物时的吆喝声。,,e+sa+ma+sa,,,,,,,,e+sa+ma+sa,e|sa|ma,esa,,,2,1,0,,,,,,,,,,esamasa,,,,エサマサ,日,,,,,,,,
ese,ese（似非）,似非 似而非,形・名,Ø,[0]-[0]-x,,（形）似是而非的、与真品相比有所欠缺的、非比寻常而不可用一般方法解决的；表示非难、谩骂、嘲笑；（名）似是而非、与真品相比有所欠缺。,,,,,,,,,,,似非.e,,,,2,1,0,,,,,,,,,,ese,,,,エセ,日,,,,,,,,
esemu,esemu,,自动,五段（四段）,,,（方言）嫉妒、羡慕。,,ese-m-,,,,,*-m-,,,,似非.e,,,,1,1,0,,,,,,,,,,,,,,エセム,日,,,,,,,,
eserakasu,eserakasu,,他动,五段（四段）,,,（近畿）欺负、（东北）激怒。,,ese-ra-ka-s-,,,,*-ka-,*-ra-ka-s-,,,,似非.e,,,,1,1,0,,,,,,,,,,,,,,エセラカス,日,,,,,,,,
eseru,eseru,,自动,五段（四段）,,,闹别扭、摩擦、（方言）发怒 等。,,ese-r-,,,,,*-r-,,,,似非.e,,,,2,1,0,,,,,,,,,,,,eser-,,エセル,日,,,,,,,,
etakeru,etakeru,,他动,,,,（尾張、愛知県）开玩笑、（愛知県愛知郡）戏弄。,,etake- (?),,,,,,,,,戯.e,,,,1,1,0,,,,,,,,,,,,,,エタケル,央日,,,,,,,,
etaki,etaki,,名,,,,（东日本）呕吐、猫狗的呕吐。,,,,,,,,,,,,,,,1,1,0,,,,,,,,,,,,,,エタキ,东日,,,,,,,,
etaku,etaku,,他动,,,,（东日本）呕吐、催吐。,,e+tak-,,,,,,,,we+?,we,嘔,,,1,1,0,,,,,,,,,,,,,,エタク,东日,,,,,,,,
etare,etare,,名,,,,（近畿、四国）片口鰯（= katakutiiwasi）、（九州）鰯（= iwasi）。,,,,,,,,,,,鰯.e,,,鱼,1,1,0,,,,,,,,,,,,,,エタレ,西日,,,,,,,,
"ecisai 1, eQsai 2","etisai 1, eQsai 2（悦哉）",悦哉 雀𪀚,名,,4.3 (M 4.2); 上上平平 - [0]-x-x,4.3,雄性雀鹰（tsumi）。,,,,,,,,,,,悦哉.e,,,鸟类,3,1,1,,,,,,,,,,1 etisai 悦哉,2 eQsai,,,1 エチサイ | 2 エッサイ,日,,"松鸡：K 어치 (eochi), 언치새 (eonchisae)",,,,,,
eto,eto（干支）,干支,名,,[0]-[0]-x,2.1,干支。,,e+(o)to,,,,,,,,兄+弟,兄.y|弟.ǝ,,,亲,2,1,0,,,,,,,,,,,eto,,,エト,日,,,,,,,,
etor-*,etor-*（飽）,飽,自动,,,,（南琉球宫古）吃饱。,5286 | 飽.b.v | *[w]etor-(?),,宮古 *[w]etor-,,,,,,,,飽.w,,,,0,1,0,,,,,,,,,,,,,,,南琉宫,,,,,,,,
etore-*,etore-*（飽）,飽,自动,,,,（南琉球八重山）吃饱。,,,八重山 *[w]etore-,,,,*-i-,,,,飽.w,,,,0,1,0,,,,,,,,,,,,,,,南琉八,,,,,,,,
etsu,etu（鱭魚）,鱭魚,名,,[1]-x-x,,鲚、凤尾鱼。,,,,,,,,,,,鱭.e,,,鱼,2,1,0,,,,,,,,,,,,西九州 etsu,,エツ,九,,,,,,,,
etsumotsu,etumotu,,副,,,,态：（青森県津軽）拼命努力的样子、（新潟県中蒲原郡）有种种阻碍的样子、（新潟県西蒲原郡）因肥胖而动作迟钝的样子。,,etu+motu,,,,,,,,etu+motu,etu,,,,1,1,0,,,,,,,,,,,,,,エツモツ,东北日,,,,,,,,
etsuramotsura,eturamotura,,副,,,,态：（岩手県平泉）表示动作缓慢、呆头呆脑的样子。,,etu-ra+motu-ra,,,,,*-ra+CP-ra,,,etu+motu,etu,,,,1,1,0,,,,,,,,,,,,,,エツラモツラ,东北日,,,,,,,,
"etsuri 1, yotsuri 2*","eturi 1, yoturi 2*（桟）",桟,名,,上上上?; x-[0]-x,?3.1,用绳子把木头、竹子等捆绑、排列起来，作为屋顶和墙壁的基础。,1113 | 桟.j.n | *jeturi(?),1 e+tur-i,1 *e+tur-i | 2 *yo+tur-i,*[e]+tur-i,,,*-i,,,?+釣,?|釣.t,,e/o,建,2,1,0,,,,,1 eturi 哀都利,,,,,,,,,1 エツリ,日|琉,,,,,,,,
eueu,eueu,,感叹,,,,态：东西卡在喉咙，想吐出来。,,e-u+e-u,,,,,*-u+CP-u,,,e+e,e,,,,2,1,0,,,,,,,,,,,eueu,,,エウエウ,日,,,,,,,,
ewarau,ewarau（笑笑）,笑笑,自动,五段（四段）,?A; 上上上x / 平上上x,?A,微笑、笑出声。,,e+wara-w-,,,,,*-p-,,,笑+笑,we|笑.w,笑,,,3,1,0,,,,,,,,,,wewara-,,,ヱワラフ,エワラウ,日,,,,,,,,
ewasu,ewasu（酔）,酔,他动,,,,灌醉。,4989 | 酔.w.v.2 | *wep-as-,ewa-s-,八重山 *wepa-s-,,,,*-s-,,,,酔.w,,,,3,1,0,,,,,,,,,,wewas-,,,ヱハス,エワス,日|南琉八,,,,,,,,
eyamakasyo,eyamakasyo,,感叹,,,,声：提起重物时发出的声音。,,e+ya+ma+ka+syo,,,,,,,,e+ya+ma+ka+syo,e|ya|ma|ka|syo,eya,,,2,1,0,,,,,,,,,,,,eyamakasyo,,エヤマカショ,日,,,,,,,,
eyarayaQto,eyarayaQto,,副,,,,好不容易。,,e+ya+ra+ya-Q=t=o,,,,,*-Q,,,e+ya+ra+漸,e|ya|ra|漸.y,eya,,,2,1,0,,,,,,,,,,,,eyarayaQto,,エヤラヤット,日,,,,,,,,
ezaramazara,ezaramazara,,副,,,,（山形県庄内）态：做事迟缓的样子。,,eza-ra+maza-ra,,,,,*-ra+CP-ra,,,,eza|maza,,,,2,1,0,,,,,,,,,,,,庄内 ezaramazara,,エザラマザラ,东北日,,,,,,,,
ezawaza,ezawaza,,副,,,,特意地（= wazawaza）。,,eza+waza,,,,,,,,?+業,業.w,,,,2,1,0,,,,,,,,,,,,ezawaza,,エザワザ,日,,,,,,,,
ezegu,ezegu,,他动,五段（四段）,,,（九州）嘲笑。,,eze-g-,,,,,*-g-,,,,似非.e,,,,2,1,0,,,,,,,,,,,ezeg-,,,エゼグ,九,,,,,,,,
ezikaru,ezikaru,,自动,五段（四段）,,,两腿张开膝盖弯曲，变成罗圈腿；比喻花开。,,ezikar-,,,,,,,,,蟹股.e,,,,2,1,0,,,,,,,,,,,,ezikar-,,エジカル,日,,,,,,,,
ezimeru,ezimeru,,他动,下一段,,,骗取、严加斥责。,,ezime-,,,,,,,,,騙取.e,,,,3,1,0,,,,,,,,,,,,ezimer-,ヱジメル,エジメル,日,,,,,,,,
ezo,ezo（黄金虫）,,名,,,,（关东）黄金虫（= koganemusi）。,,,,,,,,,,,黄金虫.e,,,节肢,1,1,0,,,,,,,,,,,,,,エゾ,东日,,,,,,,,
ezo,ezo（蝦夷）,蝦夷,名,,[1]-[1]-x. 镰仓、江户 HL,,古代东北不服从中央政权的人群、蝦夷地（北海道、萨哈林岛、千岛群岛的总称）。,,,,,,,,,,,夷.e,,,族,2,1,1,,,,,,,,,,,ezo,,,エゾ,爱|日,"樺太 enju, enciw（人，?< *ainu-...）",,,,,,,
ezookasu,ezookasu,,他动,五段（四段）,,,（中国方言）取笑、玩弄、愚弄、欺骗、激怒。,,ezo-o-ka-s-,,,,*-ka-,*-p[o]-ka-s- < *-pa-ka-s-,,,,似非.e,,,,1,1,0,,,,,,,,,,,,,,エゾオカシ,中日,,,,,,,,
ezu,ezu,,名,,,,（东日本，常用于 kumo=no 后）蜘蛛巢、蜘蛛丝。,,e+zu,,,,,,,,蜘蛛巣+?,蜘蛛巣.e,,,分泌物,1,1,0,,,,,,,,,,,,,,エズ,东日,,,,,,,,
ezugaru,ezugaru,,他动,五段（四段）,,,强烈地讨厌。,,ezu-ga-r-,,,,,*-ga-r-,,,,厭.e,,,,2,1,0,,,,,,,,,,,ezugar-,,,エズガル,日,,,,,,,,
ezui,ezui,,形,イ（ク）,,,令人厌恶的、麻烦的、感到恐惧的、无情粗暴的、性质强烈的、手段强硬的、聪明的、狡猾的、感觉像眼睛里进了垃圾的。,,ezu-,,,,,,,,,厭.e,,,,3,1,0,,,,,,,,,,,ezu-,,エズシ,エズイ,日,,,,,,,,
ezuku,ezuku（嘔吐）,嘔吐,自动,五段（四段）,,,呕吐。,,e+zuk-,,,,,,,名=を+动,we+吐,we|突.t,嘔,,,3,1,0,,,,,,,,,,,wedzuk-,,ヱヅク,エズク,日,,,,,,,,
"gorigansyoa* 1, egori* 2, yogori* 3, egurigansyoa* 4","gorigansyoa* 1, egori* 2, yogori* 3, egurigansyoa* 4（不食芋）",不食芋,名,,,,（琉球）海芋、毒芋。,4971 | 食わず芋.w.n | *weguri,,*wego-r-i+ban.syo-a > 1 沖縄一部 *go-r-i+gan.syo-a | 2 沖縄一部、八重山 *wego-r-i | 3 沖縄島嶼 *yogo-r-i | 4 宮古 *wegu-r-i+gan.syo-a,,,,*-r-i+CP-a,,名=の+名,,黒慈姑.w|蕃藷.p,不食芋,b/g|we/yo,草,0,1,1,,,,,,,,,,,,,,,琉,,,,他加禄 biːgaʔ,,,,
"i 1, iso 2","i 1, iso 2（五十）",五十,数,,,,五十、很多。,,1 i+(so) | 2 i+so,,,,,,,,五+十,五.e|十.s,,,,2,1,0,,,,,,,,,,1 i | 2 iso,,,,1 イ | 2 イソ,日,,,,,,,,
ibiki,ibiki（鼾）,鼾,名,,3.4; x - [3]-[1]-B,3.4,鼾声。,,i(k)=(i)-(hi)bi-k-i,,,,,*-k-i,,,生+響,生.i|響.p,,,生理,2,1,0,,,,,,,,,,ibiki 伊比支,,,,イビキ,日,,,,,,,,
ibiku,ibiku（鼾）,鼾,自动,五段（四段）,,,打鼾。,,i(k)=(i)-(hi)bi-k-,,,,,*-k-,,,生+響,生.i|響.p,,,,2,1,0,,,,,,,,,,,ibik-,,,イビク,日,,,,,,,,
ibuku,ibuku（息吹）,息吹 気吹,自动,五段（四段）,B; x - B-x-x | ibuki（名词）: [1]-[1]-x,B,呼吸、吐气。,,i(k)=(i)-buk-,,,,,,,后起的,生+吹,生.i|吹.p,,,,4,1,0,,,,,ipuk- (伊浮岐),,,,,,,ibuk-,イフク,イブク,日,,,,,,,,
ida-*,ida-*（低）,低,形,,,,（南琉球宫古）低矮的。,454 | 低.b.a | *[w]ida-,,宮古 *[w]ida,,,,,,,,低.w,,,,0,1,0,,,,,,,,,,,,,,,南琉宫,,,,,,,,
idam-*,idam-*（低）,低,自动,,,,（南琉球宫古）变低、下陷。,7024 | 低.b.v | *[w]ida-m-,,宮古 *[w]ida-m-,,,,*-m-,,,,低.w,,,,0,1,0,,,,,,,,,,,,,,,南琉宫,,,,,,,,
idamar-*,idamar-*（低）,低,自动,,,,（南琉球宫古）安定、安顿。,,,宮古 *[w]ida-ma-r-,,,,*-ma-r-,,,,低.w,,,,0,1,0,,,,,,,,,,,,,,,南琉宫,,,,,,,,
idamaras-*,idamaras-*（低）,低,他动,,,,（南琉球宫古）使安定、使安顿。,,,宮古 *[w]ida-ma-ra-s-,,,,*-ma-ra-s-,,,,低.w,,,,0,1,0,,,,,,,,,,,,,,,南琉宫,,,,,,,,
idamas-*,idamas-*（低）,低,他动,,,,（南琉球宫古）使变低、使下陷、压扁。,,,宮古 *[w]ida-ma-s-,,,,*-ma-s-,,,,低.w,,,,0,1,0,,,,,,,,,,,,,,,南琉宫,,,,,,,,
idame-*,idame-*（低）,低,他动,,,,（南琉球宫古）使变低。,,,宮古 *[w]ida-m-e-,,,,*-m-ai-,,,,低.w,,,,0,1,0,,,,,,,,,,,,,,,南琉宫,,,,,,,,
"idasu 1, dasu 2","idasu 1, dasu 2（出）",出,他动,五段（四段）,1 B; B - B-A-x B-B-x. 镰仓 B. 江户 B | 2 x - B-B-B x-B-x | dasi（名词）: x - [2]-[1]-B,B,移出、伸出、发出、出勤、出仕、出阵、出场、出演、出席、驱逐、发送、提出、提供、引发、发声、支出、露出、放出、出版。做助动词时表示动作从某个区域被带出另一个区域。,761 | 出.i.v.4 | *idas- | iiB,1 ida-s- | 2 (i)da-s-,1 *ida-s-,*ida-s-,,,*-s-,,,,出.i,,,,3,1,0,,,,,1 idas- (伊太之 伊太志) | 2 -das- (太須),,,,,,,2 das-,,1 イダス | 2 ダス,日|琉,,,,,,,,
"idekuru* 1, dekiru 2","idekuru* 1, dekiru 2（出来）",出来,自动,上一段（カ变）,"1 室町, 江户 idekuru LHLL | 2 B?< B+B; x - B-A-B x-B-x | deki（名词）: x - A-A-B",,出现、出生、发生、完成、可能、男女交好。,539 | 出来.d.v | *deke- || 538 | 出来.d.n | *deke,1 ide+ko- | 2 (i)de+ki-,2 *(i)de+ke-,*ida=i+kǝ-,,,,,,出+来,出.i|来.k,,,,4,1,0,,,,,1 ideko- (伊弖久礼 出来) (k.irr),,,,,,2 deko- (k.irr) > deki- (上一段),,1 イデク | 2 デク,1 イデクル* | 2 デキル,日|琉,,,,,,,,
"ideru* 1, deru 2","ideru* 1, deru 2（出）",出,自动,下一段（下二段）,1 B: B - B-B-x B-B-x. 镰仓 B. 江户 B | 2 x - B-B-B | de（名词）: x - A-A-B,B,外出、出发、出现、离开、产出、出版、超出。做助动词时表示动作从某个区域被带出另一个区域。,763 | 出.i.v | *ide- | iiB || 762 | 出.i.n | *ide,1 ide- | 2 (i)de-,1 *ide-,*ida-i-,,,*-i-,,,,出.i,,,,5,1,0,,,,,1 ide- (伊伝 伊弟 伊田 伊泥 伊弖 伊豆流 要出 出 乞) | 2 -de- (豆 弖 底 涅 埿 提 傅 手),,1 相模 不明 上総 下野 ide- (伊弖 伊⿰亻弖 伊田 伊埿 伊豆流) | 2 信濃 遠江 武蔵 上野 下野 能登 -de- (弖 ⿰亻弖 泥 埿 豆 度路 出流),,,,2 de-,,1 イヅ | ヅ,1 イデル* | 2 デル,日|琉,,,,,,,,
"ie 1, iwa 2, ii 3","ie 1, iwa 2, ii 3（家）",家,名,,2.3; 平平 - [2]-[1]-B. 镰仓 LL. 室町 HL. 江户 HL,2.3,家庭、家人、屋、家族、家系。,,< *[i]pi-a,,,,,,,,,家.i,,*ia,,4,1,1,,,,,1 ipe1 伊弊 伊幣 (家),,"1 上野 武蔵 常陸 下総 不明 ipe1 伊敝 伊弊 以弊, 上総 ipe2 伊閇 伊倍 | 2 上野 下野 武蔵 不明 ipa 伊波 | 3 駿河 下総 ipi1 已比 以弊",,,,,,1 イへ | 2 イハ | 3 イヒ,1 イエ | 2 イワ | 3 イイ,日,,家、屋：MK 집 (cìp)；K 집 (jip),,,,,,
ieru*,ieru*（射）,射,自动,下一段（下二段）?,?A,?A,被射。,,i-e-,,,,,,,,,矢.y,射,,,3,1,0,,,,,iye-? (伊喩 所射),,,,,,,,イユ,イエル*,日,,,,,,,,
iezii*,iezii*（家）,家,形,シイ（シク）,,,组成一个家的。,,ie+zi- < ie+n(V)+si-,,,,,*-si-,,,家+似,家.i|似.n,,,性质,3,1,0,,,,,ipe1zi- (家自久),,,,,,,,イへジ,イエジイ*,日,,,,,,,,
ika,ika（如何）,如何,副,,2.2b; 上平(-x平) - [2]-[1]-A (A)-A-x. 镰仓 HL-L. 室町 HL-L. 江户 HL,2.2b,如何、多么。（类似英语 how）,789 | 如何.i.o | *ika,,*ika,*ika,,,,,,,如何.i,,,,3,1,1,,,,,ika 以柯 伊可 伊加 (何),,上野 武蔵 不明 ika 伊可,,,,,,,イカ,日|琉,,"怎样、为什么：MK 엇뎨 (es.tyey)；K 어찌 (eojji) | （变得）怎样：MK 엇〯더〮ᄒᆞ다〮 (ěsté-hòtá,?< 엇〯더〮 (ěsté)（怎样） + ᄒᆞ다〮 (hòtá)（做）)；K 어떻다 (eotteota), 어떠하다 (eotteohada)；濟州 어떵ᄒᆞ다 (eotteonghawda)",,,,,,
ikagawasii,ikagasii（如何）,如何,形,シイ（シク）,B-B-x,,令人怀疑的、不好的。,,ika=ga-si-,,,,,*-si-,,,如何=に=か,如何.i,,,,3,1,0,,,,,,,,,,,ikagasi-,,イカガシ,イカガシイ,日,,,,,,,,
ikagawasii,ikagawasii（如何）,如何,形,シイ（シク）,B-B-A,,令人怀疑的、不好的。,,ika=ga-wa-si-,,,,,*-pa-si-,,,如何=に=か,如何.i,,,,3,1,0,,,,,,,,,,,,ikagawasi-,イカガハシ,イカガワシイ,日,,,,,,,,
ikai,ikai（厳）,厳 大,形,イ（ク）,B; B-x-x,B,威猛的、激烈的、严厉的、严重的、壮大的。,,ika-,,,,,,,,,厳.i,,,,3,1,0,,,,,,,,,,ika-,,,イカシ,イカイ,日,,,,,,,,
ikamegaru,ikamegaru,,自动,五段,,,（西日本）感到羡慕。,,ika+me-ga-r-,,,,,*-i-ga-r-,,,厳+目?,厳.i|目.m,,,,0,1,0,,,,,,,,,,,,,,,西日,,,,,,,,
ikamei,ikamei（厳）,厳,形,,,,威风的、庄严的、高大威猛的、激烈的、严厉的、严重的、郑重的、（西日本）感到羡慕的。,,ika+me-,,,,,*-i-,,,厳+目?,厳.i|目.m,,,,0,1,0,,,,,,,,,,,,,,,西日,,,,,,,,
ikamesii,ikamesii（厳）,厳,形,シイ（シク）,x- B-B-A,,威风的、庄严的、高大威猛的、激烈的、严厉的、严重的、郑重的。,,ika+me-si-,,,,,*-i-si-,,,厳+目?,厳.i|目.m,,,,3,1,0,,,,,,,,,,ikamesi-,,,イカメシ,イカメシイ,日,,,,,,,,
"ikanika 1, ikaga 2","ikanika 1, ikaga 2（如何）",如何 奈何,副・形动,,2 ?3.4; 上上上 - [2]-[1]-A x-A-x. ikanika: [2]-[1]-x,?3.4,（副）如何；（形动）怎样的、值得思考的样子。,,1 ika=n=i=ka | 2 ika=ga,2 *ika=ga,*ika=n=i=ka,,,,,,如何=に=か,如何.i,,,,3,1,0,,,,,1 ikanika 伊可爾可 (如何),,,,,2 ikaga,,,,1 イカニカ | 2 イカガ,日|琉,,,,,,,,
ikano*,ikano*,,代,,,,（北琉球冲绳）谁。,,,沖縄 *ika-no,,,,*-n[o],,,,如何.i,,,,0,1,0,,,,,,,,,,,,,,,北琉冲,,,,,,,,
ikanokoto*,ikanokoto*,,副,,,,（北琉球冲绳）如何、多么。,,,沖縄 *ika=no+koto,,,,,,,如何+事,如何.i|事.k,,,,0,1,0,,,,,,,,,,,,,,,北琉冲,,,,,,,,
ikari,ikari（碇）,碇 錨 矴 重石 沈石,名,,3.1; 上上上 - [0]-[0]-A B-A-x,3.1,锚（上古用重石代替）、一端用绳子系在猫脖子上用于固定的锚型工具。,794 | 錨.i.n | *ikari | 1A,i+(ka)ka-r-i,*i+(ka)ka-r-i,*i+(ka)ka-r-i,,,*-r-i,,,石+掛,石.i|掛.k,,,具,4,1,0,,,,,(重石),播磨 (沈石),,,,ikari 伊加利,,,,イカリ,日|琉,,,,,,,,
"ikaru 1, okoru 2","ikaru 1, okoru 2（怒）",怒 忿 恚 慍 嗔 瞋 憤,自动,五段（四段）,1 A; A - A/B-A-A. 室町 A. 江户 A | 2 B-A-x | ikari（名词）: A - [0/3]-[0]-A,A,（ikaru）生气、愤怒地威胁、瞪眼、物体形状起角、气势猛烈地移动；（okoru）生气、训斥。,7275 | 怒.i.v | *ikar-,1 ika-r- | 2 oko-r-,,,,,*-r-,,,,厳.i,,i-a/o-o,,3,1,0,,,,,1 ikar- (伊加留),,,,,,,2 okor-,,1 イカル | 2 オコル,日,,,,,,,,
ikasi*,ikasi*,,副,,,,（北琉球）如何、多么。,,,北 *ika-si,,,,*-si,,,,如何.i,,,,0,1,0,,,,,,,,,,,,,,,北琉,,,,,,,,
ikasu,ikasu（生）,生 活,他动,五段（四段）,B; x - B-A-B x-B-x,B,使复苏、保命、活用。,795 | 生.i.v.2 | *ik(e)-as-,ika-s-,*[e]ka-s-,*[e]ka-s-,,,*-s-,,,,生.i,,,,2,1,0,,,,,,,,,,,ikas-,,,イカス,日|琉,,,,,,,,
ikatsu,ikatu（厳）,厳,形动,,,,死板而不变通的样子、蛮横的样子、不考虑身边人的想法无耻的样子。,,ika-tu,,,,,,,,厳=つ,厳.i,,,,2,1,0,,,,,,,,,,,ikatsu,,,イカツ,日,,,,,,,,
ikatsui,ikatui（厳）,厳,形,イ（ク）,A/B-B-A,,严厉的、死板的（方言：傲慢的、急躁粗暴的、狠毒的、奇怪的、有精神的、了不起的、多的）。,,ika-tu-,,,,,,,,厳=つ,厳.i,,,,3,1,0,,,,,,,,,,,,ikatsu-,イカツシ,イカツイ,日,,,,,,,,
ikazuci,ikazuti（雷）,雷,名,,4.1; 上上上上 - [0]-[0]-x,4.1,雷。,,ika-zu-ti,,,,,,,不明,厳=つ+霊,厳.i|霊.t,,,天象,4,1,0,,,,,ikaduti 伊加豆知 (雷公 雷),美濃 ikaduti 伊加都知,,,,,,,イカヅチ,イカズチ,日,,,,,,,,
ike,ike（池）,池,名,,2.3; 平平 - [2]-[1]-B B-B-(A). 室町 HL. 江户 HL,2.3,池塘。,798 | 池.i.n | *ike | 3B,ike,*ike,*ika-i,,,*-i,,,,生.i,,,地形,2,1,0,,,,,ike2 伊気 (塘),,,,,,,,,イケ,日|琉,,,,,,,,
ikera,ikera,,副,,,,（北琉球冲绳）少许、多么。,,,沖縄 *eke-ra,,,,,,,,幾.e,,,,0,1,0,,,,,,,,,,,,,,,北琉冲,,,,,,,,
ikeru,ikeru（生）,生 活 埋,他动,下一段（下二段）,B; (B) - B-B-B x-B-x | ike（名词）: [2]-x-x,B,使复苏、保命、插花、用灰埋火、用土埋蔬菜、埋在地里、（徳島県海部郡、香川県高見島）把鱼放在鱼塘（岐阜県稲葉郡、北飛騨）、种植、（秋田県鹿角郡）埋葬。,800 | 活.i.v | *ike-,ik-e-,*ik-e-,*ik-ai-,,,*-ai-,,,,生.i,,,,4,1,0,,,,,,,不明 (生),,,ike-,,,イク,イケル,日|琉,,,,,,,,
"iki 1, oki 2","iki 1, oki 2（息）",息,名,,平上 - [1]-(0)-B B-B-C. 镰仓 LH(-H). 室町 LH. 江户 LH,,气息、呼吸、命、气势、新鲜。,804 | 息.i.n | *iki | 4C,1 ik-i | 2 ok-i,1 *ik-i,*ik-i,,,*-i,,,,生.i,,,生理,2,1,0,,,,,1 iki1 伊企 (気 気息) | 2 oki1 於吉 於伎,,,,,,,,,1 イキ | 2 オキ,日|琉,,,,,,,,
"ikidoorosii 1, ikidoorasii 2","ikidoorosii 1, ikidoorasii 2（憤）",憤,形,シイ（シク）,?B; B-x-x,?B,非常生气的。,,1 ik=i+doo-ro-si- | 2 ik=i+doo-ra-si-,,,,,*-rǝ-si-,,动=に+动,生+通,生.i|通.t,,a/o,,4,1,0,,,,,1 iki1do2poro2si- (異枳廼倍呂之),,,,,,,2 ikidoorasi-,1 イキドホロシ | 2 イキドホラシ,1 イキドオロシイ* | 2 イキドオラシイ*,日,,,,,,,,
ikidooru,ikidooru（憤）,憤,自动,五段（四段）,B; B - B-A-B | ikidoori（名词）: x - [0/5]-[0]-B,B,愤怒、愤慨。,,ik=i+doo-r-,,,,,*-r-,,动=に+动,生+通,生.i|通.t,,,,3,1,0,,,,,iki1do2por- (伊伎騰保流),,,,,,,,イキドホル,イキドオル,日,,,,,,,,
ikik-*,ikik-*,,自动・他动,,,,（北琉球冲绳）生存。,,,沖縄 *ik=(i)+ik-?,,,,,,,生+生?,生.i,,,,0,1,0,,,,,,,,,,,,,,,日|北琉冲,,,,,,,,
ikioi,ikioi（勢）,勢,名・副,,?4.5; B - [3]-[2]-B x-B-x,?4.5,（名词）气势、权势、形势、势力、余势；（副词）必然地。,,ik-i-ow-i,*[i]k-i-pop-i,*ik-i-pǝp-i,,,*-i-pǝ-p-i,,,,生.i,,,抽象,4,1,0,,,,,(胆気 徳),,,,,ikiwowi,,,イキホヒ,イキホイ,日|琉,,,,,,,,
ikiou,ikiou（勢）,勢,自动,五段（四段）,?B; B-x-x,?B,鼓起勇气、有权势。,810 | 勢.i.n | *ikipopi,ik-i-ow-,,,,,*-i-pǝ-p-,,,,生.i,,,,3,1,0,,,,,,,,,,ikiwow-,,,イキホフ,イキオウ,日,,,,,,,,
"ikizukasii* 1, ikizukusii* 2","ikizukasii* 1, ikizukusii* 2（息衝）",息衝,形,シイ（シク）,1 ik-i-zuka-si- | 2 ik-i-zuku-si-,,可叹的、呼吸困难的。,,1 ik=i+zuka-si- | 2 ik=i+zuku-si-,,,,,*-si-,,动=に+动,生+突,生.i|突.t,,a/u,,4,1,0,,,,,1 iki1dukasi- (伊伎豆加思 気衝之),,2 武蔵 iki1dukusi- (伊伎都久之),,,,,,1 イキヅカシ | 2 イキヅクシ,1 イキヅカシイ* | 2 イキヅクシイ*,日,,,,,,,,
"ikizuku 1, ikuzuku 2","ikizuku 1, ikuzuku 2（息衝）",息衝,自动,五段（四段）,B-A-x. 江户 HHLL,,呼吸、叹息、喘息、松口气、继续存在。,,1 ik=i+zuk- | 2 ik=u+zuk-,,,,,,,动=に+动,生+突,生.i|突.t,,u/i,,3,1,0,,,,,1 iki1duk- (伊岐豆岐),,1 常陸 不明 iki1duk- (伊伎豆久) | 2 不明 ikuduk- (伊久豆君),,,,,,,1 イキヅク | 2 イクヅク,日,,,,,,,,
ikoeru*,ikoeru*（憩）,憩 息,他动,下一段（下二段）,?B,?B,使休息。,,iko-e-,,,,,*-p-ai-,,,,生.i,,,,4,1,0,,,,,[iko2pe2-] (慰 息),,,,,ikowe- (伊己不),,,イコフ,イコエル*,日,,,,,,,,
"ikou 1, yokou 2","ikou 1, yokou 2（憩）",憩 息,自动・他动,五段（四段）,B; B - B-A-A x-B-B | ikoi（名词）: [0]-[0]-x,B,（自动）休息；（他动）使休息。,1155 | 憩.j.v | *jokop- | oB/C || 1156 | 憩.j.n | *jokop-i | oX,1 iko-w- | 2 yoko-w-,*yoko-p-,*ik[ǝ]-p-,,,*-p-,,,,生.i,,i/yo,,4,1,0,,,,,,,,,,1 ikow-,2 yokow-（自动）,,1 イコフ | 2 ヨコフ,1 イコウ | 2 ヨコウ,1 日|琉 | 2 九|琉,,,,,,,,
"iku 1, ikiru 2","iku 1, ikiru 2（生）",生,自动,五段（四段） > 上一段,B; (B) - B-B-B B-B-x. 镰仓 B. 江户 B | iki（名词）：[0/2]-[1]/(2)-x,B,生存。,787 | 生.i.v.3 | *ik- || 801 | 生.i.v | *ike- || 799 | 生.i.n | *ik[e] | B,1 ik- | 2 iki-,*ik-,*ik-,,,,,,,生.i,,活用,,5,1,0,,,,,1 ik- (伊家),,1 不明 ik- (伊吉),,,2 iki-,,,1 イク,1 イク | 2 イキル,日|琉,,,,,,,,
iku-,iku-（幾）,幾,数词前缀,,?2.2b; [1]-(0)-x,?2.2b,多少、很多。,813 | 幾.i.o | *[e]ku-,,*eku-,*[e]ku-,,,,,,,幾.e,,,,2,1,0,,,,,iku 伊久 伊句 (幾),,,,,,,,,イク,日|琉,,,,,,,,
ikubaku,ikubaku（幾何）,幾何 幾許,副,,"?4.10; 平上平平 - [0]-(0)-B. 镰仓 LHLL; 室町 HHLL, LHLL",?4.10,多少、没多少、不怎么。,,iku-ba=ku,,,,,*-ba,数,,,幾.e,,,,2,1,0,,,,,,,,,,ikubaku,,,,イクバク,日,,,,,,,,
ikuda,ikuda（幾）,幾,副,,,,多少。,,iku-da,,,,,*-da,数,,,幾.e,,,,2,1,0,,,,,ikuda 伊久陁 (何太),,,,,,,,,イクダ,日,,,,,,,,
"ikuha 1, yukuha 2","ikuha 1, yukuha 2（的）",的,名,,1 ?3.5x; 平平上,?3.5x,弓箭的标的。,,1 ikuh-a | 2 yukuh-a ?< (i)=i+kuw-a,,,,,*-a,,,射+交?,矢.y,射,i/yu,具,3,1,0,,,,,(的),,,,,1 ikufa 以久波 | 2 yukufa 由久波,,,,1 イクハ | 2 ユクハ,日,,,,,,,,
"ikuka 1, iQka 2","ikuka 1, iQka 2（幾日）",幾日,数,,2 [1]-x-x x-A-x,,多少天、很多天、哪天（沖縄：一个月里的第几天）。,818 | 幾日.i.n | *[e]ku-ka | o,1 ik(u)+uka | 2 iQ+ka,,,,,,,,幾+日,幾.e|日.u,,,,4,1,0,,,,,(幾日),,,,,1 ikuka,2 iQka,,,1 イクカ | 2 イッカ,日|琉,,,,,,,,
ikura,ikura（幾）,幾,数・副,,3.3; 上平平 - [1]-(0)-A x-x-A. 江户 LHL. 1700 大阪 HLL,3.3,（数）几；（副）无论如何、无论多少。,823 | 幾.i.n.2 | *[e]ku-ra | 7X,iku-ra,南 *eku-ra,*[e]ku-ra,,,*-ra,数,,,幾.e,,,,2,1,0,,,,,ikura 伊久良,,,,,,,,,イクラ,日|南琉,,,,,,,,
ikuri,ikuri,,名,,,,大海中的岩石、礁石。,,i+kuri,,,,,,,,石+?,石.i,,,地形,2,1,0,,,,,ikuri 伊久理,,,,,,,,,イクリ,日,,,,,,,,
ikusa,ikusa（軍）,軍 戦,名,,3.4; 平平平 - [0/3]-(2)-B B-B-x,3.4,射箭、武人、战士、士兵、军队、军势、战斗、战争。,824 | 軍.i.n | *ikusa | 4B,iku-sa,*eku-sa,*[e]ku-sa ?< *[e]=i+kup(i)-sa,,,*-sa,,,射+交?,矢.y,射,,动作,3,1,0,,,,,ikusa (射 軍 軍兵),,常陸 -kusa 久佐,,,,,,,イクサ,日|琉,,,,,,,,
ikutari,ikutari（幾人）,幾人,数,,[1]-(3)-x,,几个人。,825 | 幾人.i.n.2 | *[e]ku-tari | o,iku-t(u)+a-r-i,*eku-t(u)+a-r-i,*[e]ku-t(u)+a-r-i,,,*-tu+CP-r-i,数,,幾+有,幾.e|有.a,,,,2,1,0,,,,,,,,,,ikutari,,,,イクタリ,日|琉,,,,,,,,
ikute*,ikute*（幾年）,幾年,数,,,,（南琉球）许多年、某年。,826 | 幾年.i.n.2 | *[e]ku+te,,南 *eku+te,,,,,,,幾+年,幾.e|年.t,,,,0,1,0,,,,,,,,,,,,,,,南琉,,,,,,,,
"ikutose 1, ikutosi 2","ikutose 1, ikutosi 2（幾年）",幾年,数,,1 [1]-(0)-x | 2 [1]-x-x,,哪年、许多年。,,1 iku+tose | 2 iku+tosi,,,,,,,,幾+年,幾.e|年.t,,,,3,1,0,,,,,,,,,,1 ikutose,2 ikutosi,,,1 イクトセ | 2 イクトシ,日,,,,,,,,
ikutsu,ikutu（幾）,幾,数,,3.7b; x - [1]-(2)-B B-B-A. 1700 大阪 LHH,3.7b,几个、几岁。,828 | 幾つ.i.n | *[e]ku-tu | 7X,iku-tu,*eku-tu,*[e]ku-tu,,,*-tu,数,,,幾.e,,,,2,1,0,,,,,,,,,,ikutu,,,,イクツ,日|琉,,,,,,,,
ikuu,ikuu（射）,射,他动,五段（四段）,A,A,射、互射。,,ikuw- ?< (i)=i+kuw-,,,,,,,,射+交?,矢.y,射,,,3,1,0,,,,,[ikup-] (射),,,,,,,,イクフ,イクウ,日,,,,,,,,
imaimasii,imaimasii（忌忌）,忌忌,形,シイ（シク）,x - B-B-B. 江户 B,,不祥的、阴沉的、必须避开的、会后悔的、讨厌的、很生气的、很遗憾的。,,ima+ima-si-,,,,,*-si-,,,忌+忌,忌.i,,,,3,1,0,,,,,,,,,,imaimasi-,,,イマイマシ,イマイマシイ,日,,,,,,,,
imasii,imasii（忌）,忌,形,シイ（シク）,,,讨厌的、很生气的、很遗憾的。,,ima-si-,,,,,*-si-,,,,忌.i,,,,3,1,0,,,,,,,,,,,,imasi-,イマシ,イイマシ,日,,,,,,,,
imasimeru,imasimeru（戒）,戒 誡 警 禁 箴 勅,他动,下一段（下二段）,?B; B - A/B-A-A. 镰仓 B. 室町 A | imasime（名词）: B - [0/4]-[0]-A x-B-x,?B,训诫、制止、呵斥、讨厌、禁止、戒严。,6338 | 戒.i.v | *im-asime-,ima-si-m-e-,*[e]ma-si-m-e-,*[e]ma-si-m-ai-,,,*-si-m-ai-,,,,忌.e,,,,4,1,0,,,,,(戒),,,,,imasime-,,,イマシム,イマシメル,日|琉,,,,,,,,
imawasii,imawasii（忌）,忌,形,シイ（シク）,B; x - B-B-B,B,不祥的、讨厌的。,,ima-wa-si-,,,,,*-pa-si-,,,,忌.e,,,,3,1,0,,,,,,,,,,,imawasi,,イマハシ,イマワシイ,日,,,,,,,,
imi,imi（忌）,忌 斎 諱,名,,x - [2]-[1]-x x-B-x,,斋戒、忌讳、丧期,,,,,,,,,,,忌.e,,,抽象,0,1,0,,,,,,,,,,,,,,,日|琉,,,,,,,,
imina,imina（諱）,諱 謚 諡,名,,3.4; 平平平 - [0/2]-[0/1/2]-x,3.4,本名（是死者生前的名字）、谥号（死后的尊称）。,,im-i+na,,,,,*-i+CP,,,忌+名,忌.e|名.n,,,人名,3,1,0,,,,,(諱),,,,,imina 伊美奈,,,,イミナ,日,,,,,,,,
imizii*,imizii*（貴）,貴,形,シイ（シク）,B-B-x,,很、非常（痛苦、悲惨、激烈、严重、高兴、好）的。,,im-i+zi- < im-i+n(V)-si-,,,,,*-si-,,,忌+似,忌.e|似.n,,,,3,1,0,,,,,,,,,,imizi-,,,イミジ,イミジイ*,日,,,,,,,,
imoi,imoi（斎）,斎 忌,名,,3.4; 平平平 - [2]-x-x,3.4,斋戒、素菜。,,imo+(i)i,,,,,,,,忌+飯,忌.e|飯.i,,,肴,4,1,0,,,,,(斎食),,,,,imowi,,,イモヒ,イモイ,日,,,,,,,,
imu,imu（忌）,忌 斎 諱,自动・他动,五段（四段）,?B B - B-B-A,?B,（他动）忌讳、视为禁忌、顾忌、憎恶、嫌弃；（自动）保持清净、受戒。,7278 | 忌.i.v | *im- || 839 | 忌.i.n | *im-i | 3B,im-,*[e]m-,*[e]m-,,,,,,,忌.e,,,,3,1,0,,,,,(戒 禁),,,,,im-,,,,イム,日|琉,,,,,,,,
ina,ina（否）,否,感叹,,2.4; 平上 - [1]-[1]-x,,表示否定回应：不、不同意。,,,,,,,,,,,否.i,,,,3,1,0,,,,,ina 伊奈 (否 不欲 不聴),,常陸 ina 伊奈,,,,,,,イナ,日,,,,,,,,
inabikari,inabikari（稲光）,稲光,名,,5.16; 平平平上平 - [3]-[3]-B,5.16,雷。,845 | 稲光.i.n | *ina+pikari || 7391 | 稲光屋.i.n | *ina+pikari-ja,ina+bika-r-i,,,,,*-r-i,,,稲+光,稲.i|光.p,,,天象,2,1,0,,,,,,,,,,inabikari 以奈比加利,,,,イナビカリ,日|琉,,,,,,,,
"inabiru* 1, inamiru* 2","inabiru* 1, inamiru* 2（辞）",辞 否,他动,上一段（上二段）,B; B - B-A-x,B,拒绝、不同意、推辞。,,1 ina-bi- | 2 ina-mi-,,,,,1 *-mpǝi- | 2 *-mǝi-,,,,否.i,,b/m,,4,1,0,,,,,(辞),,,,,1 inabi- | 2 inami-,,,1 イナブ | 2 イナム,1 イナビル* | 2 イナミル*,日,,,,,,,,
"inabu 1, inamu 2","inabu 1, inamu 2（否）",否,他动,五段（四段）,B; B - B-A-x | 2 江户 B,B,拒绝、不同意、推辞。,,1 ina-b- | 2 ina-m-,,,,,1 *-mp- | 2 *-m-,,,,否.i,,b/m,,4,1,0,,,,,(謝),,,,,,1 inab-,2 inam-,,1 イナブ | 2 イナム,日,,,,,,,,
"inatsurubi 1, inatsurumi 2","inaturubi 1, inaturumi 2（稲交）",稲交,名,,,,雷。,,1 ina+turu-b-i | 2 ina+turu-m-i,,,,,1 *-b-i | 2 *-m-i,,,稲+連,稲.i|連.t,,b/m,天象,2,1,0,,,,,,,,,,1 inaturubi | 2 inaturumi,,,,1 イナツルビ | 2 イナツルミ,日,,,,,,,,
inatsuruki,inaturuki（稲）,稲,名,,,,雷。,,ina+turu-k-i,,,,,*-k-i,,,稲+連,稲.i|連.t,,,天象,2,1,0,,,,,,,,,,inaturuki,,,,イナツルキ,日,,,,,,,,
inazuma,inazuma（稲妻）,稲妻 電,名,,[0/2]-[0]-x,,雷。,,ina+zuma,,,,,,,,稲+妻,稲.i|端.t,,,天象,3,1,0,,,,,,,,,,inaduma 以奈豆末,,,イナヅマ,イナズマ,日,,,,,,,,
"ine 1, ina- 2, -sine 3","ine 1, ina- 2, -sine 3（稲）",稲,名,,1 2.4; 平上 - [1]-(0)-B B-B-B,2.4,稻。,844 | 稲.i.n.2 | *ina- | 非A || 851 | 稲.i.n | *ine | 4B,1 ine | 2 ina- | 3 -s(a)-ine,1 *ine | 2 *ina-,*ina-i,,,*-i,,,,稲.i,,被露,农作物,4,1,0,,,,,1 ine 伊禰 | 2 ina- 伊那 (稲 穂) | 3 [-sine] (稲),美濃 ine 伊尼,,,,3 -sine 之禰,,,,1 イネ | 2 イナ- | 3 -シネ,日|琉,,,,,,,,
inisie,inisie（古）,古 往古,名,,4.2; 上上上平 - [0]-[0]-A,4.2,过去、故人。,,in-i-si+e,,,,,*-i-si+CP,,,去+辺,去.i|辺.p,,,抽象,3,1,0,,,,,inisipe1 伊尓之敝 (古),,,,,,,,イニシヘ,イニシエ,日,,,,,,,,
inu,inu（往）,往 去,自动,五段（ナ变） > 五段（四段）,A; A - A-A-A x-(A)-x. 镰仓 A. 江户 A,A,去、（时间）过去、死。,6557 | 去.i.v | *in-,in-,,,,,,,,,去.i,,,,3,1,2,,,,,inu (伊奴 伊那 伊仁 伊爾 伊奴流),,武蔵 不明 in- (伊尒 伊奈),,,,,,,イヌ,日,,"诞生、出现、发生、爆发、结束、生长、传播、表完成：MK 나다 (nata)；K 나다 (nada)，使动 내다 (naeda) | 出去、离开、前进、采取、推出、传开、失去、花费、价值、上班：MK 나〮가다〮 (ná-kà-tá,?< 나 (na（出，不定式）) +‎ 가다 (gada（去）)；K 나가다 (nagada)",,,,,"pTg *na:-（出去）: Evk., Even. -na:-, Sol. -na:-, Neg. -na-, Na. -nda-, Olch. -ŋda-, Oroch, Orok, Ud. -na-, Sibe -na-, Ma. -na- ~ -ne- ~ -no-",
io,io（五百）,五百,数,,x-[1]-x,,五百、泛指很多。,,i(tu)+o,,,,,,,,五+百,五.e|百.p,,,,3,1,0,,,,,ipo 伊裒 (庵),,,,,,,,イホ,イオ,日,,,,,,,,
"ioci 1, iotsu 2","ioti 1, iotu 2（五百箇）",五百箇,数,,,,五百个，泛指很多。,,1 i(tu)+o-ti | 2 i(tu)+o-tu,,,,,1 *-tu-i | 2 *-tu,,,五+百,五.e|百.p,,,,3,1,0,,,,,1 ipoti 伊本知 伊保知 | 2 ipotu 伊保都 (五百都 五百津),,,,,,,,1 イホチ | 2 イホツ,1 イオチ | 2 イオツ,日,,,,,,,,
ira,ira（刺）,刺 莿 苛,名,,2.3; 平平 - x-[1]-x,2.3,刺、荆棘、刺草（= irakusa）、刺虫（= iramusi）、水母（琉球用此义）。,603 | 海月.i.n | *era | 5X,,*era,*[e]ra,,,,,,,刺.e,,,器官,2,1,0,,,,,,,,,,ira 伊良 以良,,,,イラ,日|琉,,,,,,,,
iradatasii,iradatasii（苛立）,苛立,形,シイ（シク）,B; x - B-x-x,B,焦躁的、一肚子火的。,,ira+data-si-,,,,,*-si-,,,刺+立,刺.e|立.t,,,,3,1,0,,,,,,,,,,,iradatasi-,,イラダタシ,イラダタシイ,日,,,,,,,,
iradateru,iradateru（苛立）,苛立,他动,下一段（下二段）,?B: x - B-A/B-B,?B,令人烦躁。,,ira+dat-e-,,,,,*-ai-,,,刺+立,刺.e|立.t,,,,3,1,0,,,,,,,,,,,,iradate-,イラダツ,イラダテル,日,,,,,,,,
iradatsu,iradatu（苛立）,苛立,自动・他动,五段（四段）,?B: x - B-A/B-B | iradati（名词）: x - [0]-[0]-B,?B,（自动）刺或毛竖起、焦躁；（他动）令人烦躁。,,ira+dat-,,,,,,,名+动,刺+立,刺.e|立.t,,,,2,1,0,,,,,,,,,,,iradat-,,,イラダツ,日,,,,,,,,
iraeru*,iraeru*（借）,借,他动,下一段（下二段）,A; x - x-x-x x-(A)-(A),A,借入。,876 | 借.i.v | *irap- || 878 | 借.i.n | *irap-i,ira-e-,*era-p-e-,*[e]ra-p-ai-,,,*-p-ai-,,,,借.e,,,,4,1,0,,,,,(貸),,,,,irawe- (伊良不),,,イラフ,イラエル*,日|琉,,,,,,,,
iraira,iraira（苛苛）,苛苛 刺刺,名・副,,B; x - [1]-[1]-x,B,刺草（= irakusa）。态：有很多刺；皮肤和粘膜感受到的反复刺痛的小刺激或火辣辣的刺激、光线和暑气等强烈刺激人；焦虑而不从容；事情不像自己想的那样顺利，因焦虑而情绪激动。,,ira+ira,,,,,,,,刺+刺,刺.e,,,草,2,1,0,,,,,,,,,,,iraira,,,イライラ,日,,,,,,,,
irairasii,irairasii（苛苛）,苛苛,形,シイ（シク）,B; x - B-x-x,B,焦躁的。,,ira+ira-si-,,,,,*-si-,,,刺+刺,刺.e,,,,3,1,0,,,,,,,,,,irairasi-,,,イライラシ,イライラシイ,日,,,,,,,,
"iraka 1, ireka* 2","iraka 1, ireka* 2（甍）",甍,名,,"1 3.5a; 平平上 - [0]-[1]-B x-B-x. 室町, 江户 HLL",3.5a,屋顶最高的地方、屋顶上的瓦片。（疑似与 iroko（鱗）同源）,614 | 甍.i.n | *erika,1 ira+ka,1 *era+ka | 2 北琉球、宮古 *ere+ka,*[e]ra+ka,,,,,,色+子?,色.e|小.k,,,具,3,1,0,,,,,(甍 盖),,,,,1 iraka 伊良加,,,,1 イラカ,日|琉,,,,,,,,
irame-*,irame-*（借）,借,他动,,x-x-x x-x-A,,（南琉球八重山与那国）借出。,877 | 借.i.v.3 | *irap-asime-,,与那国 *era-(si)me-,,,,*-simai-,,,,借.e,,si 缩减,,0,1,0,,,,,,,,,,,,,,,南琉,,,,,,,,
iranai*,iranai*（苛）,苛,形,イ（ク）,B-x-x,,尖锐的、强的、夸张的、做作的、心痛的、过分的。,,ira-na-,,,,,*-na-,,,,刺.e,,,,3,1,0,,,,,,,,,,iranasi-,,,イラナシ,イラナイ,日,,,,,,,,
iraQsyaru,iraQsyaru,,自动,五段（四段）,B-A-x,,进入（尊敬）（原意）；来、去、存在（尊敬）；（补助动词）-iru 的尊敬语，表示状态的持续或进行。（ir-ase-rare- 的四段化）,,ir=aQs=yar- < ir=ase=rare-,,,,,,,,,入.i,,,,2,1,0,,,,,,,,,,,,iraQsyar-,,イラッシャル,日,,,,,,,,
irara,irara,,名,,3.6; 平上上,3.6,刺、窄叶野豌豆（= karasunoendou）、鱼骨。,,ira+(i)ra,,,,,,,,刺+刺,刺.e,,,植物,2,1,0,,,,,,,,,,irara 伊良々,,,,イララ,日,,,,,,,,
irasu,irasu（貸）,貸,他动,五段（四段）,A; A - x-A-x x-A-x,A,借出。,,ira-s-,*era-s-,*[e]ra-s-,,,*-s-,,,,借.e,,,,2,1,0,,,,,iras- (伊良須 貸),,,,,,,,,イラス,日|琉,,,,,,,,
irawas-*,irawas-*（借）,貸,他动,,,,（琉球）借出。,5575 | 借.i.v.2 | *irap-as-,,*era-pa-s-,,,,*-pa-s-,,,,借.e,,,,0,1,0,,,,,,,,,,,,,,,琉,,,,,,,,
ireru,ireru（入）,入 容 納 内 函,他动,下一段（下二段）,A; A - A-A-A x-A-x. 江户 A | ire（名词）: [0]-x-x,A,置入、使经过、使加入、载入、集中精神、加入、交纳、收容、承认。做助动词时表示动作被带入某个区域。,879 | 入.i.v.2 | *ire- | iA || 5249 | 入.i.n.2 | *ire | 1A,ir-e-,*ir-e-,*ir-ai-,,,*-ai-,,,,入.i,,,,4,1,0,,,,,ire- (伊礼 納 入),,能登 (入),,,,,,イル,イレル,日|琉,,,,,,,,
irie*,irie*（西）,西,名,,,,（琉球）西。,882 | 入.i.n | *iri | 1A || 897 | 西辺.i.n | *iro pe,,*ir-i+pe,,,,*-i,,,入+辺,入.i|辺.p,,,方位,0,1,0,,,,,,,,,,,,,,,琉,,,,,,,,
irieomote*,irimote*（西表）,西表,名,,,,（南琉球八重山）琉球群岛八重山列岛的岛名。,895 | 西表.i.n | *iri(o)mote,,八重山 *ir-i+(pe)+(o)mo-te,,,,*-i+CP-i,,,入+辺+表+手,入.i|辺.p|表.ǝ|手.t,,,地名,0,1,0,,,,,,,,,,,,,,,南琉八,,,,,,,,
iro,iro（色）,色,名・形动,,2.3; 平平 - [2]-[1]-B B-B-B,2.3,（名）色彩、脸色、音色、情色；（形动）美丽的样子、好色的样子、风流的样子。,615 | 色.i.n | *ero | 3B,,*ero,*[e]rǝ,,,,,,,色.e,,,色,3,1,1,,,,,iro2 伊呂,,武蔵 不明 iro2 伊呂,,,,,,,イロ,日|琉,北海道 iró,,,,,,,
iro,iro（同）,同母,形,Ø,,,同母的。,,,,,,,,,,,同母.i,,,,2,1,1,,,,,iro2 伊呂,,,,,,,,,イロ,日,"词根 ir-（兄弟姐妹）, 沙流 ír-utar（（堂）兄弟姐妹）, ír-okkayo（兄弟）, irwak（兄弟姐妹或年龄相仿的其他亲属）",,,,,,,
irodo,irodo,妹,名,,?2.2b|1.3b ?< ?2.3); 平xx - x-[0]-x,?2.2b,同母弟、同母妹。,,iro+(o)do,,,,,,,形=の+名,同母+弟,同母.i|弟.ǝ,,,亲,2,1,0,,,,,iro2do2 伊呂杼 (弟 伊呂弟),,,,,,,,,イロド,日,,,,,,,,
iroe,iroe,兄,名,,,,同母兄。,,iro+e,,,,,,,,同母+兄,同母.i|兄.y,,,亲,2,1,0,,,,,[iroye] (兄),,,,,,,,,イロエ,日,,,,,,,,
iroeru*,iroeru*（色）,色 艷,他动,下一段（下二段）,?B; A - B-A-x,?B,配色、润色、（用金属和宝石等）装饰。,,iro-e-,,,,,*-p-ai-,,,,色.e,,,,3,1,0,,,,,,,,,,irowe-,,,イロフ,イロエル*,日,,,,,,,,
"iroko 1, uroko 2, irike* 3, ireki* 4, irake* 5","iroko 1, uroko 2, irike* 3, ireki* 4, irake* 5（鱗）",鱗,名,,3.4; 平平平 - [0/1]-[1]-B x-B-x,3.4,鳞片、头屑。,891 | 鱗.i.n | *irike | 5B,1 iro+ko | 2 uro+ko,1 *ero+ko (> 与那国 *eQko) | 3 *eri+ke | 4 沖縄 *ere+ki | 5 八重山 *era+ke,*[e]rǝ+ko,,,,,,色+子,色.e|小.k,,e/o|音节调换,器官,3,1,0,,,,,,,,,,1 iroko 伊侶古,2 uroko,,,1 イロコ | 2 ウロコ,日|琉,,,,,,,,
"irokuzu 1, urokuzu 2","irokuzu 1, urokuzu 2（鱗）",鱗,名,,4.6; 平平平上 - [3]-[2]-x. 室町 HHLL,4.6,鳞片。,,1 iro+kuzu | 2 uro+kuzu,,,,,,,,色+屑,色.e|屑.k,,,器官,4,1,0,,,,,,,,,,1 irokudu 伊路久都,2 urokudzu,,1 イロクヅ | 2 ウロクヅ,1 イロクズ | 2 ウロクズ,日,,,,,,,,
iromo,iromo,妹,名,,,,同母妹。,,iro+(i)mo,,,,,,,,同母+妹,同母.i|妹.i,,,亲,2,1,0,,,,,iro2mo1 (伊呂妹),,,,,,,,,イロモ,日,,,,,,,,
irone,irone,兄 姉,名,,,,同母兄、同母姐。,,iro+(a)ne,,,,,,,,同母+姉,同母.i|姉.a.1,,,亲,2,1,0,,,,,iro2ne 伊呂泥 (兄),,,,,,,,,イロネ,日,,,,,,,,
irose,irose,,名,,,,同母兄弟。,,iro+se,,,,,,,,同母+兄,同母.i|兄.s,,,亲,2,1,0,,,,,iro2se 伊呂勢 (弟世),,,,,,,,,イロセ,日,,,,,,,,
irou,irou（色）,色 艷,自动,五段（四段）,?B; A - B-A-x,?B,色彩照映、色彩交错。,,iro-w-,,,,,*-p-,,,,色.e,,,,3,1,0,,,,,,,,,,irow-,,,イロフ,イロウ,日,,,,,,,,
iru,iru（入）,入 要,自动,五段（四段）,A; A-A-A-A A-A-A. 镰仓 A. 室町 A | iri（名词）：[0]-[0]-x,A,"进入、加入、到（时期）、到达（境界）、包含在内、需要、ari, iru, ku, iku 等的尊敬语。做助动词时表示动作被带入某个区域。",871 | 入.i.v | *ir- | i || 872 | 要.i.v | *ir-,ir-,*ir-,*ir-,,,,,,,入.i,,,,4,1,0,高句驪 伊 (入),,,,ir- (伊里 伊理 入),,遠江 不明 ir- (伊流 伊利),,,,,,,イル,日|琉,,,,,,,,
iru,iru（射）,射 沃 鋳,自动,上一段,射：?A; A - B-A-A B-B-x | 铸：?A; A - B-A-A,?A,射箭（琉球用此义）、射中、（光、目光）射、注入、铸造、冶炼。,870 | 射.i.v | *ir-,i-,*i-,*yi-,,,,,,,矢.y,射,,,3,1,0,,,,,(射流),,,,,i-,,,,イル,日|琉,,,,,,,,
iru,iru（坐）,坐 居,自动,上一段（上二段/上一段）,A; A - A-A-A A-A-(A),A,在、坐、停留、进行态、继续态。,4998 | 座.w.v | *wi- | iA || 4996 | 座.w.n | *wi | A,i-,*wi-,*wǝ-i-（上二段） > *w(ǝ)-i-（上一段）,,,*-i-,,,,居.w,,,,4,1,0,,,,,1 wi- (于 座) (上二段) | 2 wi- (謂屡 為流 韋 居) (上一段),,上総 常陸 wi- (爲),,,,,,1 ウ | 2 ヰル,イル,日|琉,,,,,,,,
isagiyoi,isagiyoi（潔）,潔 屑 清,形,イ（ク）,?A - B-B-B,?A,清洁的、情景的、清爽的、清白的、果断的、心情舒畅的。,,isa+giyo-,,,,,,,,勇+清,勇.i|清.k,,,,4,1,0,,,,,(清 明廉),,,,,isagiyo-,,,イサギヨシ,イサギヨイ,日,,,,,,,,
isago,isago（砂子）,砂子 砂 沙,名,,3.1; 上上上 - [0]-[0]-x. 室町 HHH. 江户 HHH,3.1,沙。,,i+s(un)a+go,,,,,,,名=の+名,石+砂+子,石.i|砂.s|小.k,,,材,2,1,0,,,,,isago1 異佐誤,,,,,,,,,イサゴ,日,,,,,,,,
isaka-*,isaka-*（少）,少,形,,x-x-x x-x-C,,（琉球）少的。,900 | 少.i.a.3 | *isasaka-sa-(?),,*isa-ka-,,,,*-ka-,,,,些.i,,,,0,1,0,,,,,,,,,,,,,,,琉,,,,,,,,
isamasii,isamasii（勇）,勇,形,シイ（シク）,x - B-B-A,,勇敢的、干劲十足的、雄壮的。,,isa-ma-si-,,,,,*-ma-si-,,,,勇.i,,,,3,1,0,,,,,,,,,,isamasi-,,,イサマシ,イサマイ,日,,,,,,,,
isameru,isameru（勇）,勇 慰,他动,下一段（下二段）,A/B-x-x,,打气、安慰。,,isa-m-e-,沖縄 *esa-me-,*[e]sa-ma-Ci-,,,*-ma-Ci-,,,,勇.i,,,,3,1,0,,,,,,,,,,,isame-,,イサム,イサメル,日|北琉冲,,,,,,,,
isamu,isamu,,自动,五段（四段）,,,（西日本、九州）船灵在渔业丰收或海上有暴风雨的时候发出铃铛般的声音。,,isa-m-,,,,,*-m-,,,,勇.i,,,,1,1,0,,,,,,,,,,,,,,イサム,西日|九,,,,,,,,
isamu,isamu（勇）,勇,自动,五段（四段）,?A/B; A - A/B-A-B. 江户 A | isami（名词）: 3.1; x - [0]-[0]-x x-(A)-x,?A/B,鼓起勇气。,,isa-m-,,,,,*-m-,,,,勇.i,,,,2,1,0,,,,,isam- (伊佐美),,,,,,,,,イサム,日,,,,,,,,
isao,isao（渠帥）,渠帥 勇男,名,,,,勇敢的男人、勇士、熊袭的头目。,,isa+o,,,,,,,,勇+男,勇.i|男.w,,,人,4,1,0,,,,,,,,,隼人 [isawo] (渠帥 桀豪),isawo 夷装嗚,,,イサヲ,イサオ,日,,,,,,,,
"isaosi 1, isao 2","isaosi 1, isao 2（功）",功 勲,名,,1 ?B; [0]-[0]-x | 2 [0]-[0]-x,?B,功绩。,,1 isa+o-si | 2 isa+o,,,,,1 *-si-,,,勇+男,勇.i|男.w,,音节缩减,,5,1,0,,,,,(有功),,,,,,1 isawosi,2 isao,1 イサヲシ | 2 イサヲ,1 イサオシ | 2 イサオ,日,,,,,,,,
isaosii*,isaosii*（功）,功 勲,形,シイ（シク）,?B; 镰仓 A,?B,勇敢的、雄壮的、勤奋的、有功绩的。,,isa+o-si-,,,,,*-si-,,,勇+男,勇.i|男.w,,,,3,1,0,,,,,isawosi- (伊佐乎之 強幹 忠 尚忠 功勲),,,,,,,,イサヲシ,イサオシイ,日,,,,,,,,
isasa,isasa,細小,形,Ø,B,B,些许的、一点点的。,,isa+(i)sa,,,,,,,,些+些,些.i,,,,2,1,0,,,,,isasa 伊佐左,,,,,,,,,イササ,日,,,,,,,,
isasaka,isasaka,些 聊,形动・副,,4.x; 平平上?上? - [2]-[0]-B x-x-x. 室町、江户 HLLL,4.x,（形动）一点点的样子、稍微的样子；（副）一点也（不）、稍微、相当。,,isa+(i)sa-ka,,,,,*-ka,,,些+些,些.i,,,,2,1,0,,,,,isasaka (伊佐左可),,,,,,,,,イササカ,日,,,,,,,,
isasakei*,isasakei*,聊,形,イ（ク）,B-x-x,,一点点的。,,isa+(i)sa-ke-,,,,,*-ka-i-,,,些+些,些.i,,,,3,1,0,,,,,[isasake-] (小),,,,,,,,イササケシ,イササイ*,日,,,,,,,,
ise-*,ise-*（坐）,坐,他动,,,,（琉球）放置、使坐下、使冷静。,5002 | 座.w.v.2 | *wise- || 6549 | 座.w.n.2 | *wise,,*wi-se-,,,,*sa-i-,,,,居.w,,,,0,1,0,,,,,,,,,,,,,,,琉,,,,,,,,
isi,isi（石）,石,名,,2.2b; 上平 - [2]-[1]-A A-A-A(/?B). 镰仓 HL. 江户 HL,2.2b,石。,902 | 石.i.n | *isi | 2A,i-si,*i-si,*i-so-i,,,*-so-i,,,,石.i,,,材,3,1,0,,,,,isi 伊斯 伊志,,下野 能登 isi 伊之 (石),,,,,,,イシ,日|琉,,,,,,,,
isiboko*,isiboko*,,名,,,,（南琉球八重山）投石。,7229 | 石.i.n.2 | *isi+boko,i-si+boko,,,,,*-so-i,,拟声浊化,石+poko,石.i|poko,,,材,0,1,0,,,,,,,,,,,,,,,南琉八,,,,,,,,
isigaki,isigaki（石垣）,石垣,名,,[0]-[0]-x,,石墙、京都石垣町、琉球群岛中八重山群岛的石垣岛。,5326 | 石垣.i.n | *isi+kaki || 6043 | 石垣.i.n.2 | *isigaki(?),i-si+gaki,*i-si+gaki,*i-so-i+gaki,,,*-so-i,,名=の+名,石+垣,石.i|垣.k,,,地名,4,1,0,,,,,,,,,,,isikaki,isigaki,イシカキ,イシガキ,日|琉,,,,,,,,
"isinago 1, inago* 2","isinago 1, inago* 2（石子）",石子,名,,[0]-x-x,,小石、一种利用小石游玩的游戏、（关东、南琉球八重山）沙。,847 | 砂.i.n | *inago,1 i-si+(su)na+go,1 *i-si+(su)na+go > 2 *i-(si)+(su)na+go,*i-so-i+(su)na+go,,,,,名=の+名,石+砂+子,石.i|砂.s|小.k,,si 缩减,材,2,1,0,,,,,,,,,,,isinago,,,イシナゴ,日|南琉,,,,,,,,
isiwara,isiwara（石原）,石原,名,,[0]-x-x,,布满小石的粗糙的平原、（西日本、九州）多石地、（香川県）多石的田地、（南琉球宫古）收集田间石头堆成的石堆。,904 | 石原.i.n | *isi+para,i-si+wara,*i-si+para > 宮古 *isɛɛra,,,,*-so-i,,,石+原,石.i|原.p,,,地形,3,1,0,,,,,,,,,,,isiwara,,イシハラ,イシワラ,日|琉,,,,,,,,
isizue,isizue（礎）,礎 磌 礩,名,,4.1; 上上上上 - [0/3/4]-[0]-A x-A-x,4.1,基石。,5682 | 礎.i.n | *isi+suwe,i-si+zue,,,,,*-so-i+CP+(i)-i,,名=の+名,石+据,石.i|据.s,,,材,3,1,0,,,,,,,,,,isizuwe 以之須恵,,,イシズヱ,イシズエ,日|琉,,,,,,,,
"iso 1, isu 2, osu 3, osi 4","iso 1, isu 2, osu 3, osi 4（磯）",磯 礒 石,名,,1 2.1; x - [0]-[0]-A A-x-x. 镰仓 HH. 江户 HH,2.1,石、岩岸。（EOJ 疑似发生元音调换）,911 | 礒.i.n | *iso | 1A,1 i-so | 2 i-su | 3 o-su | 4 o-si,1 *i-so,*i-so,,,*-so,,,,石.i,,被露/元音调换,地形,3,1,0,,,,,1 iso1 伊蘇 (礒) | 2 isu 伊須,,1 遠江 相模 駿河 不明 iso1 伊宗 伊蘇 已蘇 | 3 下総 osu 於須 | 4 駿河 osi 於思,,,,,,,1 イソ | 2 イス | 3 オス | 4 オシ,日|琉,,,,,,,,
isogasii,isogasii（忙）,忙 急 匆 怱,形,シイ（シク）,B; (B) - B-B-B,B,忙的、急的、不停的。,915 | 忙.i.a | *isogasi-,iso-ga-si-,*iso-ga-si-,*iso-ga-si-,,,*-ga-si-,,,,急.i,,,,3,1,0,,,,,,,,,,isogasi-,,,イソガシ,イソガシイ,日|琉,,,,,,,,
isogawasii,isogawasii（急）,急,形,シイ（シク）,B-x-x,,忙的、急的（第三者视角）。,,iso-ga-wa-si-,,,,,*-ga-pa-si-,,,,急.i,,,,3,1,0,,,,,,,,,,isogawasi-,,,イソガハシ,イソガワシイ,日,,,,,,,,
isogu,isogu（急）,急,自动・他动,五段（四段）,B; B - B-A-B B-B-B. 江户 B. isogi: x - [3]-[0]-B x-B-x,B,（自动）急于…；（他动）加快做、提前准备。,913 | 急.i.v | *isog- | ii || 916 | 急.i.n | *isog-i,iso-g-,*iso-g-,*iso-g-,,,*-g-,,,,急.i,,,,3,1,0,,,,,,,駿河 iso1g- (已蘇岐),,,isog- (伊曾伎),,,,イソグ,日|琉,,,,,,,,
isoiso,isoiso,,副,,[1]-[1]-x,,态：心急、勇敢、关怀备至、因为高兴而做出动作。,,iso+iso,,,,,,,,急+急,急.i,,,,2,1,0,,,,,,,,,,,,isoiso,,イソイソ,日,,,,,,,,
isosii,isosii（勤）,勤,形,シイ（シク）,?B,?B,勤奋的、忙的。（现代用于方言：忙碌工作的、勤奋认真的（和歌山県日高郡、徳島県、美馬郡、香川県三豊郡、愛媛県、宇和島、高知市）；健康的、平安的（奈良県吉野郡、和歌山県新宮、愛媛県）；心情好的（熊本県球磨郡））,,iso-si-,,,,,*-si-,,,,急.i,,,,4,1,0,,,,,(勤),,,,,iso1si- (伊曾志支),,,イソシ,イソシイ,日,,,,,,,,
isou,isou（争）,争 勤,他动,五段（四段）,B,B,争先（工作）。,,iso-w-,,,,,*-p-,,,,急.i,,,,3,1,0,,,,,iso1p- (伊蘇波久 争),,,,,,,,イソフ,イソウ,日,,,,,,,,
isozi,isozi（五十）,五十 五十路,数,,[1/2]-[0/1]-x,,五十、五十岁、五十年。,,i(tu)+so-zi,,,,,*-tu-i,,不明,五+十,五.e|十.s,,,,4,1,0,,,,,,,,,,1 isoti,,2 isoji,1 イソチ | 2 イソヂ,イソジ,日,,,,,,,,
"ita 1, ito 2","ita 1, ito 2（痛）",痛 甚,副,,1 [1]-[0]/(1)-x | 2 ?2.2b; 上平 - [1]-[1]-x. 镰仓 HL,,非常、太、严重、激烈、痛苦、真是。,,,,,,,,,,,痛.i,,a/o,,3,1,0,,,,,"1 ita 伊多 異哆 | 2 ito1 伊刀, ito2 伊等 伊登 (甚)",,1 上野 下野 ito1 伊刀 | 2 不明 ito2 伊等,,,,,,,1 イタ | 2 イト,日,,,,,,,,
itai,itai（痛）,痛 甚,形,イ（ク）,B; B - B-B-B x-B-x. 镰仓 B. 江户 B,B,痛的、严重的、（徳島県、香川県、愛媛県、熊本県、宮崎県、鹿児島県大隅）热的、（千葉県長生郡、徳島県、佐賀県三養基郡）生病的、身体不舒服的、（奄美）疼痛的、（热水、汁、饭）温热的、（琉球其他）可惜的、心痛的。,919 | 痛.i.a | *ita- | iiB,ita-,*ita-,*ita-,,,,,,,痛.i,,,,4,1,0,,,,,ita- (伊多伎 痛伎),,遠江 ita- (伊多久) | 不明 -ta- (-多),,,,,,イタシ,イタイ,日|琉,,,,,,,,
itaitasii,itaitasii（痛痛）,痛痛 傷傷,形,シイ（シク）,B-B-B,,看起来非常可怜的、非常严重的。,,ita+ita-si-,,,,,*-si-,,,痛+痛,痛.i,,,,3,1,0,,,,,,,,,,itaitasi-,,,イタイタシ,イタイタシイ,日,,,,,,,,
itamakasu,itamakasu（痛）,痛,他动,五段（四段）,,,（北陆）伤害、破坏。,,ita-ma-ka-s-,,,,*-ka-,*-ma-ka-s-,俗语,,,痛.i,,,,1,1,0,,,,,,,,,,,,,,イタマカス,央日,,,,,,,,
itamasii,itamasii（痛）,痛 傷,形,シイ（シク）,B; x - B-B-B,B,因同情感到心痛的、身心苦恼的。,,ita-ma-si-,,,,,*-ma-si-,,,,痛.i,,,,3,1,0,,,,,,,,,,,itamasi-,,イタマシ,イタマシイ,日,,,,,,,,
itamasu,itamasu（痛）,痛,他动,五段（四段）,,,使痛苦。,7571 | 痛.i.v.3 | *ita-m-as-,ita-ma-s-,*ita-ma-s-,*ita-ma-s-,,,*-ma-s-,,,,痛.i,,,,2,1,0,,,,,,,,,,,,itamas-,,イタマス,日|琉,,,,,,,,
itameru,itameru（痛）,痛 傷,他动,下一段（下二段）,B; B - B-A-B. 镰仓 B. 江户 B,B,使痛苦、弄坏。,6058 | 痛.i.v | *ita-me-,ita-m-e-,*ita-m-e-,*ita-m-ai-,,,*-m-ai-,,,,痛.i,,,,3,1,0,,,,,,,,,,,itame-,,イタム,イタメル,日|琉,,,,,,,,
itamu,itamu（痛）,痛 傷 悼 弔 疼 惨 悽 悵 惻 悲 愴,自动・他动,五段（四段）,B; B - B-A-B x-B-x. 镰仓 B. 江户 B | itami（名词）: 3.4; B - [3]-[0]-x. 室町 HHL. 江户 HHH,B,（自动）痛、受损、坏；（他动）感到痛苦、哀悼。,6230 | 痛.i.v.2 | *ita-m- || 923 | 痛.i.n | *itam-i | 4X,ita-m-,*ita-m-,*ita-m-,,,*-m-,,,,痛.i,,,,3,1,0,,,,,(痛 哀傷),,,,,itam- (伊太牟),,,,イタム,日|琉,,,,,,,,
itatsuku,itatuku（労）,労 病,自动・他动,五段（四段）,?B; (B) - A/B-x-x | itatuki（名词）: [0]-[0]-x,?B,（自动）辛苦、烦恼；（他动）劳烦、照顾。,,ita+tuk-,,,,,,,形=に+动,痛+付,痛.i|付.t,,,,3,1,0,,,,,(労竭),,,,,itatuk-,,,,イタツク,日,,,,,,,,
itawaru,itawaru（労）,労,自动・他动,五段（四段）,?A/B; B - B-A-A | itawari（名词）: x - [3/4]-[0]-A,?A/B,（自动）苦劳、辛苦；（他动）慰劳、治疗、款待、安慰、怜悯。,,ita-wa-r-,,,,,*-pa-r-,,,,痛.i,,,,4,1,0,,,,,(労 劬労),,,,,itawar-,,,イタハル,イタワル,日,,,,,,,,
"itawasii 1, itoosii 2, itosii 3","itawasii 1, itoosii 2, itosii 3（労）",労 痛 愛,形,シイ（シク）,1 B; B - B-B-B | 2 ?B; x - B-B-A. 江户 HHHL-L | 3 B-B-x,B,辛苦的、痛苦的、重视的、令人怜悯的、可爱的、令人仰慕的。,,ita-wa-si-,,,,,*-pa-si-,,,,痛.i,,a/o,,5,1,0,,,,,1 itapasi- (伊多波斯 労),,,,,2 itowosi-,3 itosi-,,1 イタハシ | 2 イトホシ | 3 イトシ,1 イタワシイ | 2 イトオシイ | 3 イトシイ,日,,,,,,,,
itazukawasii*,itazukawasii*（労）,労,形,シイ（シク）,B-B-x,,竭尽全力的、疲惫的、烦恼的。,,ita+zuka-wa-si-,,,,,*-pa-si-,,形=に+动,痛+付,痛.i|付.t,,,,3,1,0,,,,,,,,,,itadukawasi-,,,イタヅカハシ,イタズカワシイ,日,,,,,,,,
itazura,itazura（徒）,徒 悪戯,名・形动,,4.1; 上上上上 - [0]-[0]-A x-A-x. 室町 HHHH,4.1,（名）无益的行为；（形动）徒劳的样子、无价值的样子、空虚的样子、闲暇的样子。,922 | 徒.i.n | *itadura,ita+zura,*[e]ta+dura,,,,,,形=に+形,痛+辛,痛.i|辛.t,,,抽象,3,1,0,,,,,itadura 伊多豆良 (閑曠),,,,,,,,イタヅラ,イタズラ,日|琉,,,,,,,,
icihayai*,itihayai*（逸早）,逸早 逸速,形,イ（ク）,B; x - B-B-x,B,激烈的、严厉的、暴躁的、迅速的、性急的。,,iti+ha-ya-,,,,,*-ya-,,形=に+形,甚+疾,痛.i|疾.p,,,,3,1,0,,,,,itipayasi (厳忌),,,,,,,,イチハヤシ,イチハヤイ,日,,,,,,,,
icisiroi*,itisiroi*（著）,著,形,イ（ク）,,,显著的。,,iti+ziro-,,,,,,,形=に+形,甚+白,痛.i|白.s,,,,3,1,0,,,,,itisiro1- (伊知之路久),,,,,,,,イチシロシ,イチシロイ*,日,,,,,,,,
icizirusii,itizirusii（著）,著,形,シイ（シク）,B; B - B-B-A,B,显著的。,,iti+ziru-si-,,,,,*-si-,,形=に+形,甚+白,痛.i|白.s,,,,5,1,0,,,,,(皎),,,,,itisiru- (移知シルク),icizirusi-,,イチシルシ,イチジルシイ,日,,,,,,,,
ito,ito（暇）,,名,,,,（长山静、伊豆）内、期间、时间。,5779 | 暇.i.n.2 | *ito,,,,,,,,,,暇.i,,,时,2,1,0,,,,,,,,,,,,ito,,イト,日,,,,,,,,
"itoma 1, itsuma 2","itoma 1, ituma 2（暇）",暇 遑,名,,3.4; 平平平 - [0/3]-[0]-B x-(B)-x. 室町 HHH. 江户 HHL,3.4,空闲期、闲暇、休暇、缝隙、离别。,940 | 暇.i.n | *itoma | xB,1 ito+ma | 2 itu+ma,*ito+ma,*ito+ma,,,,,,暇+間,暇.i|間.m,,u/o,时,3,1,0,,,,,1 ito1ma 伊刀末 (間）,,2 遠江 ituma 伊豆麻,,,,,,,1 イトマ | 2 イツマ,日|琉,,,,,,,,
itonai*,itonai*（暇無）,暇無,形,イ（ク）,B-x-x,,没空的、不断的、忙的。,5765 | 忙.i.a.2 | *itonasi-,ito+na-,*ito+na-,*ito+na-,,,,,,暇+無,暇.i|無.n,,,,4,1,0,,,,,(靡盬),,,,,itona- (伊止奈志),,,イトナシ,イトナイ*,日|琉,,,,,,,,
itonamu,itonamu（営）,営,自动,五段（四段）,?B; B - B-A-A | itonami（名词）: x - [0/3/4]-[0]-A x-B[Lit.]-x,?B,忙于工作、经营、准备、行祭神佛事。,,ito+na-m-,,,,,*-m-,,,暇+無,暇.i|無.n,,,,2,1,0,,,,,,,,,,itonam-,,,,イトナム,日,,,,,,,,
"itori 1, itsutari 2","itori 1, itutari 2（五人）",五人,数,,1 3.7x; 平上平 - x-[1/2]-x x-(B)-x,3.7x,五人。,,1 itori ?< itu-(tu)+a-r-i | 2 itu-t(u)+a-r-i,*etu-t(u)+a-r-i,*[e]tu-t(u)+a-r-i,,,*-tu+CP-r-i,,,五+有,五.e|有.a,,,,4,1,0,,,,,(五人),,,,,1 itori,2 itutari,,,1 イトリ | 2 イツタリ,日|琉,,,,,,,,
"itsu 1, iQtsu 2","itu 1, iQtu 2（何時）",何時,代,,"1 ?2.4, ?2.5; 平上 - [1]-(0)-B A-A-A. 镰仓 LH. 江户 LH","?2.4, ?2.5",何时、不定时。后接强调 -mo2 时表示「总是」。（方言：早就、以前、突然、强行、无论如何也）,941 | 何時.i.n | *[e]tu | 4X,,1 *etu,*[e]tu,,,,,,,何時.e,,,,5,1,1,,,,,itu 伊都,播磨 itu 伊都,上総 不明 itu 以都 伊都,,,,iQtsu,,,イツ,日|琉,,"哪时候、某时：MK 언제 (encey,?< 어느 (enu)（哪个）（> K 어느 (eoneu)） + 적 (cek)（时间） + -의 (-uy)（在）)；K 언제 (eonje)",,,,,,
"itsu 1, yutsu 2","itu 1, yutu 2（厳）",厳 稜威 斎,形,Ø,"?2.3, 1.3a-tu",?2.3,威猛的、尊贵庄严的、神圣的。,,,,,,,,,,,斎.i,,i/yu,,2,1,0,,,,,1 itu 伊都 伊川 | 2 yutu (湯津),,,,,,,,,1 イツ | 2 ユツ,日,,,,,,,,
itsu,itu（五）,五,数,,?2.3; [1]-[1]-x,?2.3,五、五个。,942 | 五.i.n | *[e]tu | B,,*etu,*[e]tu,,,,,,,五.e,,,,4,1,1,高句驪 于次 (五),,,,itu 伊都,,下総 itu 以都,,,,,,,イツ,日|琉,,,,,,,,"手掌：Eskimo itummak, utummak"
itsue,itue（五重）,五重,数,,[2]-x-x,,五层。,,itu+e,,,,,,,,五+重,五.e|隔.p,,,,3,1,0,,,,,,,,,,ituwe,,,イツへ,イツエ,日,,,,,,,,
itsuka,ituka（何時）,何時,副,,3.7b = ?2.4/5|1.3; 平上平 - [1]-(2)-A A-A-A,3.7b,哪个时候、不论何时。,,it(u)+uka,*et(u)+uka,*[e]t(u)+uka,,,,,,何時+日,何時.e|日.u,,,,2,1,0,,,,,ituka 伊都可,,,,,,,,,イツカ,日|琉,,,,,,,,
itsuka,ituka（五日）,五日,数,,"3.4; x - [0/3]-[0/1]-x B-x-x. 镰仓 LLL. 江户 HHL, HLL",3.4,五天、第五天、农历初五。,944 | 五日.i.n | *it-uka | 4B,it(u)+uka,*et(u)+uka,*[e]t(u)+uka,,,,,,五+日,五.e|日.u,,,,2,1,0,,,,,,,,,,ituka,,,,イツカ,日|琉,,,,,,,,
itsukasii*,itukasii*（寵）,寵,形,シイ（シク）,?B,?B,尊贵的、了不起的、被小心对待的。,,itu-ka-si-,,,,,*-ka-si-,,,,斎.i,,,,3,1,0,,,,,,,,,,itukasi-,,,イツカシ,イツカシイ*,日,,,,,,,,
itsuku,ituku（斎）,斎 寵 傅,自动・他动,五段（四段）,B; B - B-x-x | ituki（名词）: x - [0/3]-[0]-x,B,（自动）祛除污秽保持清净侍奉神；（他动）珍惜、疼爱。,,itu-k-,,,,,*-k-,,,,斎.i,,,,2,1,0,,,,,ituk- (伊都久 伊都玖 伊都岐 伊都伎),,,,,,,,,イツク,日,,,,,,,,
itsukusii*,itukusii*（厳）,厳 慈 美,形,シイ（シク）,B; B - (B)-x-x,B,灵妙的、充满威力的、严肃的、严厉的、高贵的、美丽的。（室町时代后与 utukusii 混同）,,itu+ku-si-,,,,,*-si-,,,斎+奇,斎.i,,,性质,3,1,0,,,,,itukusi- (伊都久志吉),,,,,,,,イツクシ,イツクシイ*,日,,,,,,,,
itsute*,itute*（五年）,五年,,,,,（南琉球）五年。,948 | 五年.i.n.2 | *[e]tu+te,,南 *etu+te,,,,,,,五+年,五.e|年.t,,,,0,1,0,,,,,,,,,,,,,,,南琉,,,,,,,,
itsutsu,itutu（五）,五,数,,"?3.5b, ?3.4; 平平平 - [2]-[1]-B (B)-B-A. 镰仓 LLH(-H). 室町 HLL. 1700 大阪 HLL","?3.5b, ?3.4",五、第五、五个、五岁、五人、古代定时法的第五时刻。,950 | 五つ.i.n | *[e]tu-tu | 5X,itu-tu,*etu-tu,*[e]tu-tu,,,*-tu,,,,五.e,,,,2,1,0,,,,,itutu 伊都都,,,,,,,,,イツツ,日|琉,,,,,,,,
iwa,iwa（岩）,岩 磐 巖 石,名,,2.2a; 上平 - [2]-[1]-A A-A-x. 镰仓 HL. 江户 HL,2.2a,岩石。,860 | 岩.i.n | *ipa | 2A,i-wa,北 *i-pa,*i-pa,,,*-pa,,,,石.i,,,地形,5,1,1,高句驪 波兮 波衣 巴衣（？）,,,,ipa 伊波 (磐),,常陸 不明 ipa 伊波 | 信濃 -pa -波,,,,,,イハ,イワ,日|北琉,,,,,PKS (PTai) *pja (pace Thurgood’s *pra (1988: 211)) A1,,,
iwao,iwao（巖）,巖,名,,3.1; 上上上 - [0]-[0]-A,3.1,大岩石。,,i-wa+o,,,,,*-pa,,,石+秀,石.i|穂.p,,,地形,4,1,1,,,,,ipapo 伊波保,,不明 ipapo 伊波保,,,,,,イハホ,イワオ,日,,"OK 岩乎 (*PAKwo)；MK 바회〮 (pàhwóy)；K, 濟州 바위 (bawi), 慶尚 바구 (bagu), 방구 (banggu), 바우 (bau)",,,,,,
iwaro,iwaro（家）,家,名,,,,（上代东国）家。,,iwa-ro,,,,,*-rǝ,,,,家.i,,,,4,1,0,新羅 邑勒 (在外),,,,,,上野 武蔵 iparo2 伊波呂,,,,,,イハロ,イワロ,东日,,,,,,,,
"iya 1, iyo 2","iya 1, iyo 2",彌 益 重 転,副,,?2.1; 上上 - [1]-[0]-x,?2.1,越来越、严重、最、充足地、完全地。,,,,,,,,,,,彌.i,,,,4,1,0,,,,,1 iya 伊夜 伊野 伊也 異椰 (彌 益),,1 上野 常陸 不明 iya 伊夜,,,,2 iyo,,,1 イヤ | 2 イヨ,日,,,,,,,,
iya,iya（否）,否 嫌 厭,感叹・形动・形,Ø,[1/2]-[0]-x,,（感动）不；（形）不好的；（形动）讨厌的样子。,,,,,,,,,,,嫌.i,,,,2,1,0,,,,,,,,,,,iya,,,イヤ,日,,,,,,,,
iyagaru,iyagaru（嫌）,嫌,他动,五段（四段）,B; x - B-A-A,B,讨厌。,,iya-ga-r-,,,,,*-ga-r-,,,,嫌.i,,,,2,1,0,,,,,,,,,,,iyagar-,,,イヤガル,日,,,,,,,,
iyarasii,iyarasii（嫌）,嫌 厭,形,シイ（シク）,B-B-A,,讨厌的、下流的。,,iya-ra-si-,,,,,*-ra-si-,,,,嫌.i,,,,3,1,0,,,,,,,,,,,,iyarasi-,イヤラシ,イヤラシイ,日,,,,,,,,
iyasii,iyasii（賤）,賤 卑 鄙 劣 俚 俗 陋,形,シイ（シク）,?B; B - A/B-B-A B-x-C. 镰仓 A. 室町 A. 江户 A,?B,身份或地位低的、贫穷的、应鄙夷的、下流的、吝啬的、,785 | 卑.i.a | *ijasi-,iya-si-,*iya-si-,*iya-si-,,,*-si-,,,,嫌.i,,,,3,1,0,,,,,iyasi- (伊也之伎 伊夜之吉 陋 賤 惟虚薄),,,,,,,,イヤシ,イヤシイ,日|琉,,,,,,,,
"iyodatsu 1, yodatsu 2","iyodatu 1, yodatu 2",彌立,自动,五段（四段）,A; x-A-x. 镰仓 A,A,（因寒冷或恐惧而）汗毛倒竖。,,1 iyo+dat- | 2 yo+dat-,,,,,,,,彌+立,彌.i|立.t,,,,4,1,0,,,,,,,,,,1 iyotatu | 2 yodatu,,1 iyodatsu,1 イヨタツ,1 イヨダツ | 2 ヨダツ,日,,,,,,,,
"iyoyo 1, iyoiyo 2, iyaiya 3","iyoyo 1, iyoiyo 2, iyaiya 3",彌彌 彌 愈,副・形动,,1 [1]-x-x | 2 4.3; 上上平平 - [2]-[1]-A. 室町 HHLL | 3 iyaiya: ?4.3; 上上xx (?= *上上平平),,（副）越来越、将要可行、即将实现、终于、更；（形动）地位和序列低下的样子。,,1 iyo+(i)yo | 2 iyo+iyo | 3 iya+iya,,,,,,,,彌+彌,彌.i,,,性质,4,1,0,,,,,1 iyo2yo2 伊与余 伊与餘 伊余与,,,,,2 iyoiyo,3 iyaiya,,,1 イヨヨ | 2 イヨイヨ | 3 イヤイヤ,日,,,,,,,,
"iyoyoka 1, iyoyaka 2","iyoyoka 1, iyoyaka 2",森然 巍,形动,,4.11; 平平上平 - x-[3]-x,4.11,高耸的样子、明显的样子、多的样子。,,1 iyo+yo-ka | 2 iyo+ya-ka,,,,,1 *-yǝ-ka | 2 *-ya-ka,,,彌+彌,彌.i,,,性质,3,1,0,,,,,,,,,,1 iyoyoka 伊予々加,2 iyoyaka,,,1 イヨヨカ | 2 イヨヤカ,日,,,,,,,,
izarai,izarai（臀）,臀,名,,x-[0/2]-x,,臀部。（?< *膝行时触碰地面之部位；也可解读为 isarai）,,(i)=i+zara-i,,,,,*-p-i,,动=に+动,居+去,居.w,膝行,,器官,3,1,0,,,,,,,,,,wizarawi (井佐良比),,,ヰザラヒ,イザライ,日,,,,,,,,
izari,izari（耒底）,耒底 犂底,名,,3.1; 上上上 - x-[0]-x,3.1,犂底、（琉球）锄头、犂。,,(i)=i+zar-i,北 *w(i)=i+zar-i,*w(i)=i+zar-i,,,*-i,,动=に+动,居+去,居.w,膝行,,具,3,1,0,,,,,,,,,,wizari 為佐利,,,ヰザリ,イザリ,日|北琉,,,,,,,,
izari,izari（膝行）,膝行 躄,名,,x - [0]-(0)-B,,膝行；行动不便、无法站立行走者。,,(i)=i+zar-i,,,,,*-i,,动=に+动,居+去,居.w,膝行,,形动,3,1,0,,,,,,,,,,wizari,,,ヰザリ,イザリ,日,,,,,,,,
izaru,izaru（膝行）,膝行 躄,自动,五段（四段）,?A/B; x - A/B-A-B,?A/B,膝行、坐、物体底部接触地面摩擦前进。（宫古语或为借词）,5003 | 膝行.w.v | *wizar- || 5004 | 膝行.w.n | *wizari,(i)=i+zar-,,,,,,,动=に+动,居+去,居.w,膝行,,,3,1,0,,,,,,,,,,wizar-,,,ヰザル,イザル,日,,,,,,,,
izu,izu（何）,何,代・代词前缀,,,,（代）何处；（代词前缀）哪。,5148 | 何処.i.n.3 | *idu,,,,,,,,,,何処.i,,,,4,1,1,,,,,idu 伊豆 伊頭 (何時),,不明 idu 伊豆 (pron),,,,,,イヅ,イズ,日,,"哪里、某处、某种方式、某物：MK 어듸〮 (ètúy)；K 어디 (eodi)；濟州 어디 (eodi), 어드 (eodeu), 어긔 (eogui)",,,,,,
"izuku 1, izuko 2, toko 3, doko 4","izuku 1, izuko 2, toko 3, doko 4（何処）",何処 何所,代,,12 3.6; 平上上 - [0/1]-(0)-A. 镰仓 LHH. 江户 LHH | 34 ?2.1?< 3.6 x - [1]-[0]-(B). 江户 HH. 1700 大阪 HH,"3.6, ?2.1",不定场所、何处。,,1 izu+ku | 2 izu+ko | 3 to+ko | 4 do+ko,,,,,,,,何処+処,何処.i|処.k,,,,5,1,0,,,,,1 iduku 伊豆久,,,,,2 iduko 伊津古 | 3 toko,4 doko,,1 イヅク | 2 イヅコ,1 イズク | 2 イズコ | 3 トコ | 4 ドコ,日,,,,,,,,
izuma*,izuma*（何処）,何処,代,,,,（琉球）不定场所、何处。,772 | 何処.i.n.2 | *idu+ma || 964 | 何処に.i.o | *idu+ma=ni,,*idu+ma,,,,,,,何処+間,何処.i|間.m,,,,0,1,0,,,,,,,,,,,,,,,琉,,,,,,,,
izumi,izumi（泉）,泉,名,,?3.7a ?< 3.4; 平平平 - [0]-[1]-B x-B-x. 室町 HHL,?3.7a,泉水、源泉、（方言）井。,771 | 泉.i.n | *idomi | xB,iz=u(ru)+mi,*id=u(ru)+mi,*id(a)-(i)=u(ru)+mi,,,*-i-,,,出+水,出.i|水.m,,,地形,5,1,0,,,,,(泉),,,,筑紫 idumi 伊豆弥,idumi,,,イヅミ,イズミ,日|琉,,,,,,,,
izumo,izumo（出雲）,出雲,名,,x - [1]-(2)-A,,今岛根县。,,iz=(uru)+(k)umo,,,,,,,,出+雲,出.i|雲.k,,音节缩减,地名,5,1,0,,邪馬臺 投馬,,,idumo1 伊豆毛 伊弩毛 (出雲 八雲立-出雲),美濃  idumo1 伊都毛,,,,,,,イヅモ,イズモ,日,,,,,,,,
izuno*,izuno*,,代,,,,（北琉球奄美德之岛）谁。,,,徳之島 *idu-no,,,,*-n[o],,,,何処.i,,,,0,1,0,,,,,,,,,,,,,,,北琉奄,,,,,,,,
izura,izura（何）,何,代,,"[1]-(0)-x. 镰仓 LHH, 江户 LHL",,何处、怎么了（催促）。,962 | 何処.i.n | *idu+ra | xX,izu-ra,*idu-ra,*idu-ra,,,*-ra,,,,何処.i,,,,3,1,0,,,,,idura 伊豆良,,,,,,,,イヅラ,イズラ,日|琉,,,,,,,,
"izurare* 1, izuraro* 2","izurare* 1, izuraro* 2",,代,,,,（南琉球八重山）不定指、何处、哪个、谁。,,,八重山 1 *izu-ra-re | 2 *izu-ra-ro,,,,*-ra-r[e],,,,何処.i,,,,0,1,0,,,,,,,,,,,,,,,南琉八,,,,,,,,
"izure 1, dore 2, izuro* 3","izure 1, dore 2, izuro* 3（何）",何 孰,代,,1 3.6; 上平平 - [0]-(0)-A B-B-A. 江户 LLH | 2 ?2.1 ?< 3.6 - [1]-[0/1]-x,3.6,不定指、何处、哪个、谁。,773 | 孰.i.n.2 | *idure | xX,1 izu-re | 2 do-re,1 *idu-re | 3 *idu-ro,*idu-r[e],,,*-r[e],,,,何処.i,,,,5,1,0,,,,,1 idure 伊都礼 伊豆礼 伊頭礼,,1 下総 idure 以都例,,,2 dore,,,1 イヅレ,1 イズレ | 2 ドレ,日|琉,,,,,,,,
"izuci 1, izusi 2, doci 3, doQci 4","izuti 1, izusi 2, doti 3, doQti 4（何処）",何処 何方,代,,"1 3.7b; 平上平 - [1]-(0)-x. 镰仓 LHL, 江户 LLH | 3 ?2.1; [1]-x-x | 4 ?3.1; [1]-[0]-x. 1700 大阪 HHL",3.7b,不定方向、不定场所、何方、哪个、哪边。,,1 izu+ti | 2 izu+si | 3 do+ti | 4 do+Qti,,,,,,,,何処+道,何処.i|道.t,,,,5,1,0,,,,,1 iduti 伊豆知,,2 不明 idusi 伊豆思,,,,3 doti | 4 doQti,,1 イヅチ | 2 イヅシ,1 イズチ | 2 イズシ | 3 ドチ | 4 ドッチ,日,,,,,,,,
"karaei 1, karei 2","karaei 1, karei 2",鰈 蚯 王余魚,名,,1 4.6; 平平平上 | 2 3.5b?< 4.6; 平平上 - [1]-[1]-B,4.6,比目鱼。,,1 kara-ei | 2 kar-ei,,,,,,,,韓+鱏,鱏.e|韓.k,,,鱼,3,1,0,,,,,,,,,,1 karaewi 加良衣比 | 2 karewi 加礼比,,,1 カラエヒ | 2 カレヒ,1 カラエイ | 2 カレイ,日,,,,,,,,
matahabu*,matahabu*（赤楝蛇）,赤楝蛇,名,,,,（北琉球奄美）赤栋蛇（= yamakagasi）,,,奄美 *mata+pabu,,,,,,,叉+蛇,叉.m|蛇.p,,,爬行,0,1,0,,,,,,,,,,,,,,,北琉奄,,,,,,,,
ni*,ni*（兄）,兄,名,,,,（北琉球）哥哥。,,,北 *ni,,,,,,,,兄,,,亲属,0,1,0,,,,,,,,,,,,,,,北琉,,,,,,,,
"niwanoai 1, niwanai 2, niinae 3, niiname 4","niwanoai 1, niwanai 2, niinae 3, niiname 4（新嘗）",新嘗,名,,4 [0]-x-x,,新尝祭（古代阴历十一月第二个卯日，天皇将当年收获的新谷等供奉给天神地祇，进行感谢奉告，并将这些贡品作为神的恩赐亲自食用的仪式，现代每年 11 月 23 日在宫中三殿附近的神嘉殿举行；同日，全日本的神社也会举行）。,,1 niwa=no+a-i | 2 niwa=n(o)+a-i | 3 nii=n(o)+ae | 4 nii=n+ame,,,,,1 2 *-i | 3 4 *-(i)-i,,,新=の+合,新.n|合.a,,,,5,1,0,,,,,1 [nipanoapi] (新嘗) | 2 [nipanapi] (新嘗),,,,,3 niinawe,4 niiname,,1 ニハノアヒ | 2 ニハナヒ | 3 ニヒナへ | 4 ニヒナメ,1 ニワノアイ | 2 ニワナイ | 3 ニイナエ | 4 ニイナメ,日,,,,,,,,
oe-*,oe-*（稼）,稼,他动,,,,（南琉球宫古）做有薪劳动。,7329 | 稼.b.v | *[w]oCe-(?) || 5264 | 稼.b.n | *[w]oCe(?),,宮古 *[w]o[C]e-,,,,*-i-,,,,稼.w,,,,0,1,0,,,,,,,,,,,,,,,南琉宫,,,,,,,,
og-*,og-*（誘）,誘,他动,,,,（南琉球宫古）引诱。,5034 | 誘.w.v | *[w]oog-,,宮古 *[w]og-,,,,,,,,誘.w,,,,0,1,0,,,,,,,,,,,,,,,南琉宫,,,,,,,,
ogas-*,ogas-*（誘）,誘,他动,,,,（南琉球宫古）使引诱。,6930 | 誘.w.v.2 | *[w]oog-as-,,宮古 *[w]oga-s-,,,,*-s-,,,,誘.w,,,,0,1,0,,,,,,,,,,,,,,,南琉宫,,,,,,,,
"okozi 1, okoze 2","okozi 1, okoze 2（鰧）",鰧 虎魚,名,,3.4; 平平平 - [2]-[1]-x,3.4,虎鱼。,,,,,,,,,,,鰧.o,,,鱼,4,1,0,,,,,,,,,,1 wokozi 乎古之,2 wokoze,,1 ヲコジ | 2 ヲコゼ,1 オコジ | 2 オコゼ,日,,,,,,,,
omeku,omeku（喚）,喚 叫,自动,五段（四段）,B-A-x | omeki（名词）: [3]-x-x,,大叫、大嚷。,,o-mek-,,,,,*-miak-,,,,o,,,,3,1,0,,,,,,,,,,womek-,,,ヲメク,オメク,日,,,,,,,,
oogi,oogi（扇）,扇,名,,3.4; 平平平 - [3]-[1]-B B-B-x. 江户 HHL,3.4,扇。,,ao-g-i,*ap[o]-g-i,*ap[o]-g-i,,,*-g-i,,,,扇.a,,,,3,1,0,,,,,,,,,,apugi 阿布歧,,,アフギ,オウギ,日|琉,,,,,,,,
"oonie 1, oonbe 2, onbe 3, ooname 4","oonie 1, oonbe 2, onbe 3, ooname 4（御贄）",御贄 大嘗 大贄 苞苴,名,,1 4.6/4.7 = 2.3|2.1; 平平平上 | 2 4.7 = 2.3|2.1; 平平(|)上上 | 3 3.5x. 镰仓 LLH,,大尝祭（特指天皇即位之礼后首次举行的新尝祭）。,,1 oo+ni(i)+(a)e | 2 oo+n(ii)+(a)be | 3 o(o)+n(ii)+(a)be | 4 oo+n(ii)+ame,,,,,*-(i)-i,,,大+新+合,大.ǝ|新.n|合.a,,,,4,1,0,,,,,1 oponipe2 (於保邇倍 贄 大贄 苞苴),,,,,2 oonbe | 3 onbe | 4 ooname,,,1 オホニヘ | 2 オホンベ | 4 オホナメ,1 オオニエ | 2 オオンベ | 3 オンベ | 4 オオナメ,日,,,,,,,,
oria*,oria*（同年）,同年,名,,,,（南琉球宫古）同龄人。,6609 | 同年性.b.n | *[w]oorja,,宮古 *wor-i-a,,,,*-i-a,,,,折.w,,,人,0,1,0,,,,,,,,,,,,,,,南琉宫,,,,,,,,
osa*,osa*（尾）,尾,名,,,,（南琉球八重山）尾巴。,479 | 尾.b.n | *[w][o]sa,,八重山 *wo-sa,,,,*-sa,,,,尾.w,,,器官,0,1,0,,,,,,,,,,,,,,,南琉八,,,,,,,,
osopo*,osopo*（尾）,尾,名,,,,（南琉球八重山）尾巴。,5913 | 尾.w.n.2 | *[w][o]s[o]p[o],,八重山 *wo-so-po,,,,*-so-po,,,,尾.w,,,器官,0,1,0,,,,,,,,,,,,,,,南琉八,,,,,,,,
otsukurai*,otukurai*,,,,,,（南琉球八重山）包袱布。,,,八重山 *o+tuku-ra-p-i,,,,*-ra-p-i,,,御+作,御.ǝ|築.t,作,k/p,具,0,1,0,,,,,,,,,,,,,,,南琉八,,,,,,,,
"otsukuri* 1, otsupuri* 2","otukuri* 1, otupuri* 2",,,,,,（琉球）包袱布。,,,1 *o+tuku-r-i (< *o+tuk[o]-r-i) > 2 南 *o+tupu-r-i,,,,*-r-i,,,御+作,御.ǝ|築.t,作,k/p,具,0,1,0,,,,,,,,,,,,,,,琉,,,,,,,,
otupuria*,otupuria*,,,,,,（南琉球宫古）包袱布。,,,宮古 o+tu[p]u-r-i-a（参考：南 *o-tupur-i）,,,,*-r-i-a,,,御+作,御.ǝ|築.t,作,k/p,具,0,1,0,,,,,,,,,,,,,,,南琉宫,,,,,,,,
ocokuru,otyokuru,,他动,,,,嘲笑、开玩笑。,,o.t.yoku-r-,,,,*-t-,*-r-,不明,,,枉惑.w,枉着,,,2,1,0,,,,,,,,,,,,ocokur-,,オチョクル,日,,,,,,,,
ouras-*,ouras-*（喧嘩）,喧嘩,他动,,,,（北琉球冲绳）使战斗、使打架。,,,沖縄 *a[u]ra-s-（*p 尾被改为 *r 尾，四段化）,,,,*-s-,,,,合.a,喧嘩,,,0,1,0,,,,,,,,,,,,,,,北琉冲,,,,,,,,
oucaku,outyaku（横着）,横着 枉着 誑着 抂惑,名,,[3/4]-[3]-x,,脸皮厚、狡猾、懒惰、（琉球）恶作剧、玩笑。,4899 | 横着.w.n | *wacjako | oX,ou.t.yaku,*wa.t.yaku,*waũ.t.yaku < *waũ.t.waku,,*-t-,,不明,,,枉惑.w,枉着,,性格,3,1,0,,,,,,,,,,,waucaku,,ワウチャク,オウチャク,日|琉,,,,,,,,
"ouwaku 1, wawaku 2","ouwaku 1, wawaku 2（枉惑）",枉惑 抂惑 誑惑 横惑,名,,,,欺骗迷惑、脸皮厚、狡猾。,4901 | 誑惑.w.n | *wajaku,1 ou.waku | 2 wa.waku < *waũ.waku,,,,,,,,,枉惑.w,,音节缩减,性格,4,1,1,,,,,,,,,,1 wauwaku 誑惑,2 wawaku,,1 ワウワク,1 オウワク | 2 ワワク,汉|日,,,吴音/汉音 枉 (waũ)；吴音 惑 (waku),,,,,
oyozure,oyozure（妖）,妖,名,,,,令人迷惑的话语、可疑的言论、不祥的假话、谣言（= oyozurekoto）。,,oyo+zure,,,,,*-(i)-i,,,怪+連,怪.a,,a/o,抽象,3,1,0,,,,,oyo2dure 於余頭礼 於与豆礼 (妖),,,,,,,,オヨヅレ,オヨズレ,日,,,,,,,,
ra,ra,,代,,,,（方言）自称。,,,,,,,,,,,我.r,,,人称,1,1,0,,,,,,,,,,,,,,ラ,西日,,,,,,,,
raQko,raQko（海獺）,猟虎 獺虎 海獺,名,,[0]-(0)-x,?3.6,海獭。,,,,,,,,,,,猟虎.r,,,哺乳,2,1,1,,,,,,,,,,,raQko,,,ラッコ,爱|日,rakko,,,,,,,
raQkuri,raQkuri,,副,,,,象：紧张被消除，心情变得轻松的样子。,,raQku-ri,,,,,*-ri,,,,楽.r,,,,2,1,1,,,,,,,,,,,,raQkuri,,ラックリ,日,,,樂 吴音/汉音 raku,,,,,
raQkyou,raQkyou（辣韮）,辣韮 辣韭 薤,名,,[0]-(0)-x,,薤。,3605 | 辣韭.r.n | *raQ.kjau | oC,raQ.kyou,*raQ.kyou（借词）,,,,,,,,辣韮.r,,,草,2,1,1,,,,,,,,,,,,raQkyou,,ラッキョウ,汉|日|琉,,,"辣韮 辣韭 辣 吴音 rati, 汉音 ratu；韭 汉音 kiu",,,,,
ren,rento,,副,,,,象：（东北）悠闲的样子。,,ren=t=o,,,,,,,,,ren,,,,1,1,0,,,,,,,,,,,,,,レン,日,,,,,,,,
rero,rero,,名,,,,（方言）舌、腔调、口才。,,,,,,,,,,,rero,,,器官,1,1,0,,,,,,,,,,,,,,レロ,日,,,,,,,,
rerorero,rerorero,,副・形动,,,,声：哄幼儿时，用舌头拨动上颚发出声音；态：（醉酒或麻痹等原因）舌头打结，发音不清晰；幼儿舌头不灵活；模仿幼儿说话不不清的样子。,,rero+rero,,,,,,,,rero+rero,rero,,,,2,1,0,,,,,,,,,,,,rerorero,,レロレロ,日,,,,,,,,
rifuzin,rihuzin（李夫人）,李夫人,名,五段（四段）,,,（方言）温州橘（= unsyuumikan）。,,ri.hu.zin,,,,,,,,,李夫人.r,,,果,1,1,1,,,,,,,,,,,,,,リフジン,汉|日,,,李 吴音/汉音 ri；夫 汉音 pu；人 汉音 zin,,,,,
riin,riin,,副,,,,声：金属相互接触的声音、铃铛、铃声；态：声音通地回响。,,,,,,,,,,,rin,,,,2,1,0,,,,,,,,,,,,riin,,リイン,日,,,,,,,,
rikimu,rikimu（力）,力,自动,五段（四段）,B-A-x | rikimi（名词）: [0]-x-x,,身体用力、摆架子、干劲十足、拉紧。,2 | 力.i.v | *(n)ikom-(?),riki-m-,,,,,*-m-,,,,力.r,,,,2,1,0,,,,,,,,,,,,rikim-,,リキム,日,,,,,,,,
"rindou 1, ryuutan 2, ryuudou 3","rindou 1, ryuutan 2, ryuudou 3（龍胆）",龍胆,名,,1 ?4.8; x - [1]-[1]-x | 2 [0]-x-x,?4.8,龙胆（植物）。,,1 rin.dou | 2 ryuu.tan | 3 ryuu.dou,,,,,,,,,龍胆.r,,韵尾调换,草,3,1,1,,,,,,,,,,1 rindau | 2 riutan | 3 riudau,,,1 リンダウ | 2 リウタン | 3 リウダウ,1 リンドウ | 2 リュウダン | 3 リュウタウ,汉|日,,,龍 吴音 ryuũ；膽 吴音/汉音 tam,,,,,
rinrin,rinrin,,副,,[1]-[1]-x,,声：金属相互接触的声音、铃铛、铃声；水沸腾时釜和铁壶等发出的声音；铃虫、松虫等鸣叫的声音；态：声音通透且尖锐地回响。,,rin+rin,,,,,,,,rin+rin,rin,,,,2,1,0,,,,,,,,,,,rinrin,,,リンリン,日,,,,,,,,
ro,ro,,动,,,,"系词，可能是系动词 to- 的变体。上代时，ro2 可以独用或者与 kamo, kamu 连用，可用于非活用形容词 woso2（轻率的）、活用形容词连体 -ki、名词后，说明 ro2 是一个系词，而且由于 kamo 要求系结动词连体形，因此 ro2 是连体形，但有些情况应分析为终止形。",,,,,,,,,,,コピュラ.r,,,,3,1,1,,,,,"ro2 呂 (ro2-kamo2 呂-迦母, ro2-kamo 呂-介茂 呂-賀聞 呂-可聞, ro2-kamu 呂-可儛)",,不明 ro2 呂,,,,,,,ロ,日,,"是：OK 是 (*i-)；MK -이〮라〮 (-í-lá), -이로다 (-ilwota)；K -이다 (-ida)",,,,,,
roQka,roQka,,名,,,,（近畿、四国）蜻蜓。,,,,,,,,,,,蜻蛉.r,,,虫,1,1,0,,,,,,,,,,,,,,ロッカ,央日,,,,,,,,
"rorerore1 , rore 2","rorerore1 , rore 2",,副,,,,"态：说话含糊不清的样子。（rore 为简写；来自名词 ryoritu, roretu（呂律，表示「发音，腔调」））",,ro.re+ro.re,,,,,,,,呂律+呂律,呂律.r,,音节缩减,,2,1,1,,,,,,,,,,,,1 rorerore | 2 rore,,1 ロレロレ | 2 ロレ,日,,,"呂 吴音 ro；律 吴音 riti, 汉音 ritu",,,,,
rorimeku,rorimeku,,自动,五段（四段）,,,象：（因担心和惊讶而感到）不安、兴奋。,,rori-mek-,,,,,*-miak-,,,,rori,,,,2,1,0,,,,,,,,,,,rorimek-,,,ロリメク,日,,,,,,,,
rorirori,rorirori,,副,,,,象：（因恐惧等而）不安、惊慌失措的样子；态：（高知県）摇摇晃晃的样子。,,rori+rori,,,,,,,,rori+rori,rori,,,,2,1,0,,,,,,,,,,,rorirori,,,ロリロリ,日,,,,,,,,
runrun,runrun,,副,,[1]-x-x,,态：心情兴奋时哼歌的样子。,,run+run,,,,,,,,run+run,run,,,,2,1,0,,,,,,,,,,,,runrun,,ルンルン,日,,,,,,,,
"ryousyou 1, nousen 2","ryousyou 1, nousen 2（凌霄）",凌霄,名,,2 [0]-x-x,,紫葳，凌霄。,,1 ryou.syou | 2 nou.sen,,,,,,,,,凌霄.r,,r/n,藤,4,1,1,,,,,,,,,,,1 reuseu,2 nousen,1 レウセウ,1 リョウショウ | 2 ノウゼン,汉|日,,,凌 吴音/汉音 ryoũ；霄 吴音/汉音 seu,,,,,
ryuukyuu,ryuukyuu（琉球）,琉球 流虬 流求 琉求 瑠求 瑠球 流鬼,名,,[3]-[0]-x C,,琉球（台湾东北侧群岛名，古时也指台湾）。,3623 | 琉球.r.n | *rjuu.kjuu | oC,ryuu.kyuu,*riu.kiu,*riu.kiu,,,,,,,琉球.r,,,地名,3,1,1,,,,,riukiu 留求 琉球,,,,,,,,リウキウ,リュウキュウ,汉|日|琉,,,流 汉音 riu；求 汉音 kiu,,,,,
ryuuryuu,ryuuryuu,,副,,[0]-x-x,,声：表示刀、枪、箭等速度快的声音；态：（岡山県児島郡）装模做样地走路、（熊本県）飒爽的样子、（長崎県対馬）迅速行动、（長崎県壱岐島）进展顺利。,,ryuu+ryuu,,,,,,,,riu+riu,riu,,,,3,1,0,,,,,,,,,,,,1 "riuriu" = 2 ryuuryuu,1 リウリウ,2 リュウリュウ,日,,,,,,,,
umobansyo*,umobansyo*,,名,,,,（北琉球冲绳）海芋、毒芋。,,,沖縄 *umo+ban.syo,,,,,,,,芋.u|蕃藷.p,不食芋,,草,0,1,0,,,,,,,,,,,,,,,北琉冲,,,,,,,,
wa,wa（環）,輪 環,名,,1.3a; 平 - [1]-(0)-B A-(x)-x,1.3a,圆环、车轮、桶箍。,4896 | 輪.w.n | *wa | 3A,,*wa,,,,,,,,環.w,,,形状,2,1,0,,,,,wa 和 (勾),,,,,,,,,ワ,日|琉,,,,,,,,
wa,wa（曲）,曲,名,,,,山脚、河流、海岸等地形弯曲的地方。,,,,,,,,,,,環.w,曲,,地形,3,1,0,,,,,(曲),,,,,wa 和 (曲),,,,ワ,日,,,,,,,,
wa,wa（倭）,倭 委,名,,[1]-x-x,,倭（委）国，中国汉朝记载的日本国名。,,,,,,,,,,,倭.w,,,地名,2,1,1,,漢印 委；邪馬臺 倭,,,,,,,,,,,,ワ,日,,,OC 委 (*q(r)ojʔ),,,,,
wa,wa（我）,我 吾 和,代,,"1.3a; ?< 2.3, ?< 2.4; x - [1]-[0]-x B-B-(A/C). 镰仓 L(-H). 江户 R",1.3a,我、我们、你（亲昵、轻视）、自己、那个人自身。（WOJ 必须接格助词，EOJ 可独用。在 EMJ 代替了 a。南琉球的 a- 表示第一人称单数，但 wa- 表示第一人称复数；在琉球，此短式接所有格 *=ga）,4895 | 我.w.n | *wa,,*wa,*wa,,,,,,,我.w,,,,4,1,1,,,,,wa 和,,wa 和（我） | 能登 (吾)（我们）,,大宝二年戸籍帳（筑紫） wa 和,,,,,ワ,日|琉,,,,,,,MMo. ba（主格、属格）; WMo ba（我们（排除式））; Dag. ba:; Khal. ba; Kalm. ma; Eastern Yug. bǝ; pMo *ba,
waa,waa,,副・感叹,,,,声：惊讶声；突然大声剧烈哭泣；很多人一起喊。,,,,,,,,,,,wa,,,,2,1,0,,,,,,,,,,,waa,,,ワア,日,,,,,,,,
waaan,waaan,,副,,[0/4]-x-x,,声：小虫成群振翅；态：小虫成群飞翔。,,waaa-n,,,,,*-n,,,,wa,,,,2,1,0,,,,,,,,,,,,waaan,,ワワアン,日,,,,,,,,
waai,waai,,副・感叹,,,,声：高兴、逗人、起哄、惊讶声。,,waa-i,,,,,*-i,,,,wa,,,,2,1,0,,,,,,,,,,,,waai,,ワアイ,日,,,,,,,,
waaiwaai,waaiwaai,,副・感叹,,,,声：高兴、逗人、起哄、惊讶声。,,waa-i+waa-i,,,,,*-i+CP-i,,,wa+wa,wa,,,,2,1,0,,,,,,,,,,,,waaiwaai,,ワアイワアイ,日,,,,,,,,
waaQ,waaQ,,副・感叹,,,,声：惊讶声、哭笑声、振奋精神声；为了惊吓他人或者振奋精神而突然发出的大声；突然大声剧烈哭泣。,,waa-Q,,,,,*-Q,,,,wa,,,,2,1,0,,,,,,,,,,,,waaQ,,ワアッ,日,,,,,,,,
waawaa,waawaa,,副,,[1]-[1]-x,,声：大声剧烈哭泣；态：很吵闹的样子。,,waa+waa,*waa+waa,*waa+waa,,,,,,wa+wa,wa,,,,2,1,0,,,,,,,,,,,waawaa,,,ワアワア,日|南琉八,,,,,,,,
wabiru,wabiru（侘）,侘 詫,自动,上一段（上二段）,A; A - A-B-A. 镰仓 A | wabi（名词）: 2.1; 上上 - [0/2]-[0/1]-A x-A-x、,A,沮丧、泄气、困惑、寂寞、生活落魄、闲寂、恳求、道歉、焦急做。（冲绳语或为借词）,6238 | 詫.w.v | *wabi(r)- || 4898 | 詫.w.n | *wabi | 2A,wabi-,沖縄 *wab[e]-,*wab[ǝ]-i-,,,*-i-,,,,侘.w,,,,3,1,0,,,,,wabi2- (和備),,,,,,,,ワブ,ワビル,日|北琉冲,,,,,,,,
wabisigaru,wabisigaru（侘）,侘,他动,五段（四段）,B-A-x,,使表现出孤寂的心情。,,wabi-si-ga-r-,,,,,*-i-si-ga-r-,,,,侘.w,,,,2,1,0,,,,,,,,,,,wabisigar-,,,ワビシガル,日,,,,,,,,
wabisii,wabisii（侘）,侘,形,シイ（シク）,B; x - B-B-A. 镰仓 B,B,泄气无力的、困惑的、郁闷的、悲伤的、心里没底的、美中不足的、寂寞的、贫穷的、静寂的。,,wabi-si-,,,,,*-i-si-,,,,侘.w,,,,3,1,0,,,,,wabi2si- (和備思),,,,,,,,ワビシ,ワビシイ,日,,,,,,,,
wabisimeru*,wabisimeru*（侘）,侘,他动,下一段（下二段）,B-x-x,,使感到孤寂、使感到困惑。,,wabi-si-m-e-,,,,,*-i-si-m-ai-,,,,侘.w,,,,3,1,0,,,,,,,,,,,wabisime-,,ワビシム,ワビシメル*,日,,,,,,,,
wabureru*,wabureru*（侘）,侘,自动,下一段（下二段）,A,A,沮丧、泄气、困惑、寂寞、生活落魄、闲寂、恳求、道歉、焦急做。,,wabu-re-,,,,,*-ra-i-,,,,侘.w,,,,3,1,0,,,,,wabure- (和夫礼),,,,,,,,ワブル,ワブレル*,日,,,,,,,,
wada,wada（曲）,曲,名,,?2.3,?2.3,地形弯曲的地方（如入海口）、曲折。,,wa-da,,,,,*-da,,,,環.w,曲,,地形,2,1,0,,,,,wada 和太,,,,,,,,,ワダ,日,,,,,,,,
wadakamaru,wadakamaru（蟠）,蟠,自动・他动,五段（四段）,A/B-A-x | wadakamari（名词）: [0]-[0]-x,,（自动）弯曲成环形、盘绕、弯曲、内心扭曲、心情不畅、凝固停滞；（他动，后起的）私吞、侵吞。,,wa-da-ka-ma-r-,,,,*-ka-,*-da-ka-ma-r-,俗语,,,環.w,曲,,,2,1,0,,,,,,,,,,wadakamar-,,,,ワダカマル,日,,,,,,,,
wadamaru,wadamaru（蟠）,蟠,自动,五段（四段）,,,曲成环形、盘绕、弯曲、内心扭曲、心情不畅、凝固停滞。,,wa-da-ma-r-,,,,,*-da-ma-r-,,,,環.w,曲,,,2,1,0,,,,,,,,,,wadamar- (和太万留),,,,ワダマル,日,,,,,,,,
wadan,wadan,,名,,[0/1]-x-x,,假黄鹌菜（Crepidiastrum platyphyllum）。一种菊科草本植物，生长于关东南部至东海道海岸。,,,,,,,,,,,わだん.w,,,草,2,1,0,,,,,,,,,,,,wadan,,ワダン,日,,,,,,,,
wadaci,wadati（轍）,轍,名,,[0/1]-[0]-x,,车辙、车轮。,,wa+dat-i,,,,,*-i,,名=の+名,環+立,環.w|立.t,,,部件,2,1,0,,,,,,,,,,,wadaci,,,ワダチ,日,,,,,,,,
wadawada,wadawada,,副,,,,态：战战兢兢的样子。,,wada+wada,,,,,,,,wada+wada,wada,,,,2,1,0,,,,,,,,,,wadawada,,,,ワダワダ,日,,,,,,,,
wae,wae（若枝）,若枝,名,,,,幼枝。,,wa+e,,,,,,,,若+枝?,若.w|支.y,,,植物器官,3,1,0,,,,,,,,,,wawe 和恵 (枝),,,ワヱ,ワエ,日,,,,,,,,
wagamama,wagamama（我儘）,我儘,名,,[3/4]-(0)-x,,变成自己想要的样子、如己所愿；不考虑他人，随心所欲、任性自私；肆意挥霍。,,wa=ga+mama,*wa=ga+mama,,,,,,,我=が+儘,我.w|儘.m,,,性格,2,1,0,,,,,,,,,,wagamama,,,,ワガママ,日|琉,,,,,,,,
waganeru,waganeru（綰）,綰,他动,下一段（下二段）,?A/B; A - B-A-x,?A/B,使弯成圆圈。,,wa-ga-n-e-,,,,,*-ga-na-i-,,,,環.w,綰,,,3,1,0,,,,,,,,,,wagane-,,,ワガヌ,ワガネル,日,,,,,,,,
wagaru,wagaru（綰）,綰 曲,自动,五段（四段）,,,（西日本）弯曲。,,wa-ga-r-,,,,,*-ga-r-,,,,環.w,綰,,,2,1,0,,,,,,,,,,,wagar-,,,ワガル,西日,,,,,,,,
wageru,wageru（綰）,綰,他动,下一段（下二段）,?A; A - A-A-x | wage（名词）: x - [0]-x-x,?A,使弯成圆圈、梳发髻。（名词：发髻）,,wa-ge-,,,,,*-ga-i-,,,,環.w,綰,,,3,1,0,,,,,,,,,,wage-,,,ワグ,ワゲル,日,,,,,,,,
wagi-*,wagi-*（怒）,怒,自动,,x-x-x x-A-A,,（琉球）生气。,5673 | 怒.w.v | *wa[d]ir-,,*wagi-,,,,*-i-,,,,沸.w,,,,0,1,0,,,,,,,,,,,,,,,琉,,,,,,,,
"wagie 1, waie 2","wagie 1, waie 2（我家）",我家,名,,?3.7b; x - x-(2)-x,?3.7b,我家。,,1 wa=g(a)+ie | 2 wa+ie,,,,,,,,我=が+家,我.w|家.i,,gi/i,建,3,1,0,,,,,1 wagi1pe1 和岐幣 和企弊 | 2 waipe1 (和伊戸),,,,,,,,1 ワギヘ | 2 ワイヘ,1 ワギエ | 2 ワイエ,日,,,,,,,,
"wagimo 1, wagime 2","wagimo 1, wagime 2（吾妹）",吾妹,名,,3.7b; 平上平 - [1]-(2)-x,3.7b,我的妻子、我的恋人。,,1 wa=g(a)+imo | 2 wa=g(a)+ime,,,,,,,,我=が+妹,我.w,,o/e,亲,4,1,0,,,,,"1 wagi1mo1 和芸毛, wagi1mo 和伎母",,1 信濃 不明 wagi1mo1 和伎毛 和藝毛 | 2 駿河 wagi1me2 和伎米,,wagi1mo1 和岐毛,,,,,1 ワギモ | 2 ワギメ,日,,,,,,,,
wagiras-*,wagiras-*（沸）,沸,他动,,x-x-x x-x-A,,（南琉球八重山与那国）使沸腾。,,,与那国 *wagi-r-as-,,,,*-i-ra-s-,,,,沸.w,,,,0,1,0,,,,,,,,,,,,,,,南琉八,,,,,,,,
wagomu,wagomu（綰）,綰,自动,,,,（西日本）弯曲。,,wa-go-m-,,,,,*-g[o]-m-,,,,環.w,綰,,,1,1,0,,,,,,,,,,,,,,ワゴム,西日,,,,,,,,
wagore,wagore,,代,,,,（西日本）你、你们。,,wa-go-re?,,,,,*-r[e],,,,我.w,,,,1,1,0,,,,,,,,,,,,,,ワゴレ,西日,,,,,,,,
wagoru,wagoru,,自动・他动,,,,（中部）水流形成漩涡；（四国）草木繁茂。,,wa-go-r-,,,,,*-g[o]-r,,,,環.w,綰,,,1,1,0,,,,,,,,,,,,,,ワゴル,央日,,,,,,,,
wagotamaru,wagotamaru（綰）,綰,自动,五段（四段）,,,弯成圆圈。,,wa-go+ta-ma-r-,,,,,*-g[o]+CP-ma-r-,,,綰+矯,環.w|撓.t,綰,,,2,1,0,,,,,,,,,,,wagotamar-,,,ワゴタマル,日,,,,,,,,
wagu,wagu,,副,,,,态：张大嘴咬的样子。,,,,,,,,,,,wagu,,,,2,1,0,,,,,,,,,,,,wagu,,ワグ,日,,,,,,,,
wagumu,wagumu（綰）,綰,他动,五段（四段）,,,使弯成圆圈。,,wa-gu-m-,,,,,*-g[o]-m-,,,,環.w,綰,,,2,1,0,,,,,,,,,,wagum-,,,,ワグム,日,,,,,,,,
waguri,waguri,,副,,[2/3]-x-x,,态：张大嘴咬的样子。,,wagu-ri,,,,,*-ri,,,,wagu,,,,2,1,0,,,,,,,,,,,,waguri,,ワグリ,日,,,,,,,,
"wagutameru* 1, wagotameru 2","wagutameru* 1, wagotameru 2（綰）",綰,他动,下一段（下二段）,,,使弯成圆圈。,,wa-gu+ta-m-e-,,,,,*-g[o]+CP-m-ai-,,,綰+矯,環.w|撓.t,綰,u/o,,3,1,0,,,,,,,,,,,,1 wagutame- | 2 wagotame-,1 ワグタム,1 ワグタメル* | 2 ワゴタメル,日,,,,,,,,
wahaha,wahaha,,感叹,,,,声：大笑。,,wa+ha+ha,,,,,,,,wa+ha,wa|ha,,,,2,1,0,,,,,,,,,,,,wahaha,,ワハハ,日,,,,,,,,
waisyo,waisyo,,感叹,,,,声：振奋精神时的吆喝声。,,wa-i+syo,,,,,*-i+CP,,,wa+syo,wa|syo,,,,2,1,0,,,,,,,,,,,,waisyo,,ワイショ,日,,,,,,,,
waita,waita,,名,,,,（方言）东北风、西北风等。,,,,,,,,,,,風.w,,,风,2,1,0,,,,,,,,,,,waita,,,ワイタ,日,,,,,,,,
waiwai,waiwai,,副,,[1]-[1]-x,,声：大声剧烈哭泣；狐狸叫声；声：很多人一起大声喧闹；唠叨的样子。,,wa-i+wa-i,,,,,*-i+CP-i,,,wa+wa,wa,,,,2,1,0,,,,,,,,,,,waiwai,,,ワイワイ,日,,,,,,,,
waiyakuya,waiyakuya,,副,,,,态：混乱无序的样子。,,waiya+kuya,,,,,,,,waiya+kuya,waya|kuya,waiya,,,2,1,0,,,,,,,,,,,,waiyakuya,,ワイヤクヤ,日,,,,,,,,
waiyari,waiyari,,副,,,,态：事情进展不顺、多次推延的样子。,,waiya-ri,,,,,*-ri,,,,waya,,,,2,1,0,,,,,,,,,,,,waiyari,,ワイヤリ,日,,,,,,,,
"waiyawaya 1, waiyawaiya 2","waiyawaya 1, waiyawaiya 2",,副,,,,态：喧闹的样子。,,1 waiya+waya | 2 waiya+waiya,,,,,,,,waiya+waiya,waya,waiya,音节缩减,,2,1,0,,,,,,,,,,,,1 waiyawaya | 2 waiyawaiya,,1 ワイヤワヤ | 2 ワイヤワイヤ,日,,,,,,,,
waka,waka,,名,,,,（东北）巫女。,,,,,,,,,,,巫女.w,,,人,1,1,0,,,,,,,,,,,,,,ワカ,东北日,,,,,,,,
waka,waka（若）,若,名・形,,[1]-[1]-x,,（名）年幼（用于表达感动）、身份高贵的家庭的幼儿、少年；（形）年轻的、年幼的；当一家中的某一地位两世代交替代时，表示新一代；加在名词后表示年幼男子的名字。,,,,,,,,,,,若.w,,,人,2,1,0,,,,,,,,,,waka,,,,ワカ,日,,,,,,,,
wakabiru*,wakabiru*（若）,若,自动,上一段（上二段）,,,带有年轻感、装作年轻、表现得很幼稚。,,waka-bi-,,,,,*-mpǝi-,,,,若.w,,,,3,1,0,,,,,,,,,,wakabi-,,,ワカブ,ワカビル*,日,,,,,,,,
wakae,wakae,,名,,,,（东北）东日本食用蘑菇的一种。既有生长在枫树、山毛榉上的，也有生长在桑树、水胡桃和上沟樱等枯树上的。,,,,,,,,,,,菇.w,,,菌,1,1,0,,,,,,,,,,,,,,ワカエ,东北日,,,,,,,,
wakae,wakae（若枝）,若枝,名,,,,幼枝，也指年轻女性。,,waka+e,,,,,,,,若+枝,若.w|支.y,,,植物器官,2,1,0,,,,,,,,,,wakae,,,,ワカエ,日,,,,,,,,
wakaeru*,wakaeru*（若）,若,自动,下一段（下二段）,B. 镰仓 B,B,变年轻。,,waka-e-,,,,,*-ya-i-,,,,若.w,,,,4,1,0,,,,,(少),,,,,wakae-,,,ワカユ,ワカエル*,日,,,,,,,,
wakagaru,wakagaru（若）,若,自动,五段（四段）,B-x-x,B,装年轻。,,waka-ga-r-,,,,,*-ga-r-,,,,若.w,,,,2,1,0,,,,,,,,,,,,wakagar-,,ワカガル,日,,,,,,,,
wakagiri*,wakagiri*（蜥蜴）,蜥蜴,名,,,,（吐噶喇）蜥蜴。,,waka+giri,,,,,,,,若+蜥蜴?,若.w|蜥蜴.k,,,爬行,1,1,0,,,,,,,,,,,,,,ワカギリ,吐,,,,,,,,
wakagiria*,wakagiria*（蜥蜴）,蜥蜴,名,,,,（琉球）蜥蜴。,4909 | 蜥蜴.w.n | *wakagira,,*waka+giri-a,,,,*-a,,,若+蜥蜴?,若.w|蜥蜴.k,,,爬行,0,1,0,,,,,,,,,,,,,,,琉,,,,,,,,
wakago,wakago（若子）,若子 若児,名,,[2]-x-x,,幼儿。,,waka+go,,,,,,,,若+子,若.w|小.k,,,人,4,1,0,,,,,(若子),,,,,wakako 和可古,,,ワカコ,ワカゴ,日,,,,,,,,
wakai,wakai（若）,若 稚,形,イ（ク）,B; B - B-B-B B-B-C. 江户 B,B,年幼的、萌发不久的、时间短的、天真的、不成熟的、年轻的（中古出现的用法，二十岁左右）、看起来年轻的。（汉字用「若」是因为中古与「弱」同音）,4905 | 若.w.a | *waka- | iiB,waka-,*waka-,*waka-,,,,,,,若.w,,,,4,1,2,,,,,waka- (和加 倭柯倶 和可家礼 若),,不明 waka- (和可),,,,,,ワカシ,ワカイ,日|琉,wakai,,,,,,"WMo. baɣa（年轻的）, pMo *baga",
wakakue,wakakue（若）,若,名,,,,年轻的时候。,,waka=ku+e,,,,,*-(i)-i,,,若+辺?,若.w|辺.p,,,时期,3,1,0,,,,,wakakupe2 和加久閇,,,,,,,,ワカクヘ,ワカクエ,日,,,,,,,,
wakame,wakame（若布）,若布 和布 稚和布,名,,[2]-[1]-x,?3.5b,裙带菜。,,waka+me,,,,,,,,若+藻,若.w|藻.m,,,藻,3,1,0,,,,,,,不明 wakame2 和可米,,,,wakame,,,ワカメ,日,,,,,,,,
wakameku,wakameku（若）,若,自动,五段（四段）,B-x-x,,看起来很年轻。,,waka-mek-,,,,,*-miak-,,,,若.w,,,,2,1,0,,,,,,,,,,,,wakamek-,,ワカメク,日,,,,,,,,
wakamiru*,wakamiru*（若）,若,他动,上一段（上二段）,,,使带有年轻感。,,waka-mi-,,,,,*-mpǝi-,,,,若.w,,,,3,1,0,,,,,,,,,,,,wakami-,ワカム,ワカミル*,日,,,,,,,,
wakaraka,wakaraka（若）,若,形动,,,,很年轻的、未经世故的。,,waka-ra-ka,,,,,*-ra-ka,,,,若.w,,,,2,1,0,,,,,,,,,,wakaraka,,,,ワカラカ,日,,,,,,,,
wakaras-*,wakaras-*（別）,別 分,他动,,,,（北琉球冲绳）使知道、（南琉球宫古）使分开。,6916 | 別.w.v.2 | *wakar(e)-as-,,*waka-ra-s-,,,,*-ra-s-,,,,分.w,,,,0,1,0,,,,,,,,,,,,,,,琉,,,,,,,,
"wakareru 1, hakareru* 2","wakareru 1, hakareru* 2（分）",分 別,自动,下一段（下二段）,B; B - B-A-B x-B-x. 镰仓 B | wakare（名词）: 3.4; x - [3]-[1]-B x-B-(B). 镰仓 LLL. 室町 HHL. 江户 HHL,B,被分开、分歧、分离、别离、能区分。,4912 | 別.w.v | *wakare- || 4911 | 別.w.n | *wakare | 4B/C,1 waka-re- | 2 haka-re-,1 *waka-re-,*waka-ra-i-,,,*-ra-i-,,,,分.w,,w/p,,4,1,0,,,,,1 wakare- (和加例 和加礼 分),,1 武蔵 上総 wakare- (和可礼 和可例 和加例) | 2 上総 pakare- (波可礼),,,,,,1 ワカル | 2 ハカル,1 ワカレル | 2 ハカレル*,日|琉,,,,,,,,
wakaru,wakaru（分）,分 別 解 判,自动・他动,五段（四段）,B; (B) - B-A-B x-B-x | wakari（名词）: x - [3]-[0]-B,B,（自动）被分开、了解、通事故、判明；（他动，后起的）同意。,4910 | 分.w.v | *wakar- | ii,waka-r-,*waka-r-,*waka-r-,,,*-r-,,,,分.w,,,,3,1,0,,,,,,,下野 wakar- (和可流) (vi),,,,wakar-,,,ワカル,日|琉,,,,,,,,
wakas-*,wakas-*（分）,分,他动,,x-x-x x-B-x,B,（琉球）分割、区分、分发、判别、仲裁。,4914 | 分.w.v.3 | *wakas-,,*waka-s-,,,,*-s-,,,,分.w,,t/s,,0,1,0,,,,,,,,,,,,,,,琉,,,,,,,,
wakasi-*,wakasi-*（可笑）,可笑,形,,,,（琉球）可笑的。,,,*waka-si-,,,,*-si-,,,,痴.w,,,,0,1,0,,,,,,,,,,,,,,,琉,,,,,,,,
wakasu,wakasu（沸）,沸 湧 涌,他动・自动,五段（四段）,A; A - A-A-A x-A[new?]-A,A,（他动）煮沸、加热溶解、使发酵、使涌出、使振奋；（自动，后起的）生气、焦躁。,4913 | 沸.w.v.2 | *wak-as- || 6707 | 発酵.w.v.2 | *wak-as-,waka-s-,*waka-s-,*waka-s-,,,*-s-,,,,沸.w,,,,2,1,0,,,,,wakas- (和可世 沸),,,,,,,,,ワカス,日|琉,,,,,,,,
wakatakeru,wakatakeru（擭加多支鹵）,擭加多支鹵,名,,,,倭王武（雄略）。,,waka+take-r=u,,,,,*-r-,,,若+猛,若.w|猛.t,,,人名,2,1,0,,,"稲荷山古墳出土金錯銘鉄剣 擭加多支鹵(...-治天下-), 江田船山古墳銀錯銘大刀 (治天下-)獲□□□歯",,,,,,,,,,,ワカタケル,日,,,,,,,,
wakatsu,wakatu（分）,分 別,他动,五段（四段）,B; B-A-x | wakati（名词）: [3]-[0]-x,B,分割、区分、分发、判别。,,waka-t-,,,,,*-t-,,,,分.w,,t/s,,2,1,0,,,,,,,,,,wakat-,,,,ワカツ,日,,,,,,,,
wakawaka,wakawaka（若若）,若若,副,,[3]-x-x,,很年轻的样子、孩子似的样子。,,waka+waka,与論 *waka+waka,*waka+waka,,,,,,若+若,若.w,,,,2,1,0,,,,,,,,,,wakawaka,,,,ワカワカ,日|北琉奄,,,,,,,,
wakawakasii,wakawakasii（若若）,若若,形,シイ（シク）,B; x - B-B-B,B,幼稚的、很年轻的。,,waka+waka-si-,,,,,*-si-,,,若+若,若.w,,,,3,1,0,,,,,,,,,,wakawakasi-,,,ワカワカシ,ワカワカシイ,日,,,,,,,,
wakayagasu,wakayagasu（若）,若,他动,五段（四段）,,,使看起来年轻有活力、使充满活力，特指酒席上频繁交杯，热闹非凡。,,waka-ya-ga-s-,,,,,*-ya-ga-s-,,,,若.w,,,,2,1,0,,,,,,,,,,,,wakayagas-,,ワカヤガス,日,,,,,,,,
wakayagu,wakayagu（若）,若,自动,五段（四段）,B-A-x | wakayagi（名词）: [0/4]-x-x,,变年轻、看起来年轻、宴席变热闹、成为新年之物。,,waka-ya-g-,,,,,*-ya-g-,,,,若.w,,,,2,1,0,,,,,,,,,,wakayag-,,,,ワカヤグ,日,,,,,,,,
wakayaka,wakayaka（若）,若,形动,,[2]-x-x,,很年轻的、未经世故的。,,waka-ya-ka,,,,,*-ya-ka,,,,若.w,,,,2,1,0,,,,,,,,,,wakayaka,,,,ワカヤカ,日,,,,,,,,
wakayaru,wakayaru（若）,若,自动,五段（四段）,,,看起来年轻。,,waka-ya-r-,,,,,*-ya-r-,,,,若.w,,,,2,1,0,,,,,wakayar- (和加夜流),,,,,,,,,ワカヤル,日,,,,,,,,
wake,wake（戯奴）,戯奴,代,,,,我（谦卑）、你（轻蔑、亲昵）。,,wa-ke?,,,,,,,,,我.w,,,,2,1,0,,,,,wake2 和氣 (戯奴),,,,,,,,,ワケ,日,,,,,,,,
wakeru,wakeru（分）,分 別 区 弁 岐 折 判 派 班 剖 訣 部 頒,他动,下一段（下二段）,B; (B) - B-B-B x-B-x | wake（名词）: ?2.5 ?< 2.3; x - [1]-(2)-B x-B-x,B,分开、区分、分发、分类、判别、判断、解释（名词：古代的姓）。,4920 | 分.w.v.2 | *wake- | iiB || 4918 | 分.w.n | *wake || 4919 | 挽.w.n | *wake || 4917 | 訳.w.n | *wake | 5B,wak-e-,*wak-e-,*wak-ai-,,,*-ai-,,,,分.w,,,,4,1,0,,邪馬臺 獲支；稲荷山古墳出土金錯銘鉄剣 獲居,,,wake2- (和気),,,,,,,,ワク,ワケル,日|琉,,,,,,,,
waki,waki（脇）,脇 腋 掖,名,,2.3; 平平 - [2]-[1]-B. 江户 HL,,腋下、侧面、旁边、辅助、次要、事情结束之后、附近、他人。,,wak-i,*wak-i,*wak-i,,,*-i,,,,分.w,脇,,器官,2,1,0,,,,,,,,,,waki 和支 和岐,,,,ワキ,日|琉,,,,,,,,
wakibamu,wakibamu,,他动,五段（四段）,,,爱惜。,,wak-i-bam-,,,,,*-i-bam-,,,,分.w,脇?,,,2,1,0,,,,,,,,,,wakibam-,,,,ワキバム,日,,,,,,,,
wakida*,wakida*（腋）,腋,名,,,,（南琉球）腋下。,4924 | 腋.w.n.2 | *wakida,,南 *wak-i+da ?< *wak-i+z(i)ta,,,,*-i+CP,,名=の+名,脇+下,分.w|下.s,脇,,,0,1,0,,,,,,,,,,,,,,,南琉,,,,,,,,
wakigawara*,wakigawara*,,名,,,,（南琉球八重山）涌泉。,7441 | 湧川.w.n | *waki+kapa,,八重山 *wak-i+ga(pa)+para,,,,*-i+CP,,名=の+名,沸+川+原,沸.w|川.k|原.p,,,地形,0,1,0,,,,,,,,,,,,,,,南琉八,,,,,,,,
wakimaeru,wakimaeru（弁）,弁 辨,他动,下一段（下二段）,B-A-x,,区别、赔偿、理解。,,wak-i-ma-e-,北 *wak-i-ma-p-e-,*wak-i-ma-p-ai-,,,*-i-ma-p-ai-,,,,分.w,,,,5,1,0,,,,,(相辨),,,,,1 wakimawe-,2 wakimae-,,1 ワキマフ | 2 ワキマユ,ワキマエル,日|北琉,,,,,,,,
wagimek-*,wakimek-*,,自动,,,,（北琉球奄美冲永良部）生气。,,,沖永良部 *waki-mek-?,,,,*-i-miak-,,,,沸.w,,,,0,1,0,,,,,,,,,,,,,,,北琉奄,,,,,,,,
wakiratsuko,wakiratuko（稚郎子）,稚郎子,名,,,,应神天皇皇子的名字（菟道稚郎子）的一部分。,,waku+ira=tu+ko,,,,,,,,若+同母=つ+子（小）,若.w|同母.i,,,人名,2,1,0,,,,,waki2ratuko1 (和紀郎子 稚郎子),,,,,,,,,ワキラツコ,日,,,,,,,,
"wakitameru* 1, waitameru* 2","wakitameru* 1, waitameru* 2（弁）",弁 辨,他动,下一段（下二段）,,,区别、赔偿。,,1 wak=i+ta-m-e- | 2 wa=i+ta-m-e-,,,,,*-m-ai-,,,分+矯,分.w|撓.t,,ki/i,,5,1,0,,,,,(辨),,,,,,1 wakitame-,2 waitame-,1 ワキタム | 2 ワイタム,1 ワキタメル* | 2 ワイタメル*,日,,,,,,,,
"wakiwakisii* 1, waiwaisii* 2","wakiwakisii* 1, waiwaisii* 2（分分）",分分,形,イ（ク）,,,明确的、明显的。,,1 wak-i+wak-i-si- | 2 wa-i+wa-i-si-,,,,,*-i+CP-i-si-,,,分+分,分.w,,ki/i,,3,1,0,,,,,,,,,,"wakiwakisi- 1, waiwaisi 2",,,ワキワキシ 1 | ワイワイシ 2,ワキワキシイ* 1 | ワイワイシイ* 2,日,,,,,,,,
wakowako,wakowako,,副,,,,态：眯眼睛的样子。,,wako+wako,,,,,,,,wako+wako,wako,,,,2,1,0,,,,,,,,,,,wakowako,,,ワコワコ,日,,,,,,,,
waku,waku（沸）,沸 湧 涌 沖 洶 濆,自动,五段（四段）,A; A - A-A-A x-A-x | waki（名词）: x - [0]-[0]-A,A,沸腾、熔化、激动、涌现、涌出、孳生、发生。,4904 | 沸.w.v | *wak- | A || 5135 | 湧.w.n | *wak-i || 6706 | 発酵.w.v | *wak-,wak-,*wak-,*wak-,,,,,,,沸.w,,,,2,1,1,,,,,,,,,,wak-,,,,ワク,日|琉,,"热闹、冒泡、沸腾的样子：바글바글 (bageulbageul), 바그르르 (bageureureu), 빠글빠글 (ppageulppageul), 빠그르르 (ppageureureu), 버글버글 (beogeulbeogeul), 버그르르 (beogeureureu), 뻐글뻐글 (ppeogeulppeogeul), 뻐그르르 (ppeogeureureu), 보글보글 (bogeulbogeul), 보그르르 (bogeureureu), 뽀글뽀글 (ppogeulppogeul), 뽀그르르 (ppogeureureu), 부글부글 (bugeulbugeul), 부그르르 (bugeureureu), 뿌글뿌글 (ppugeulppugeul), 뿌그르르 (ppugeureureu), 와글와글 (wageurwageul), 와그르르 (wageureureu), 워글워글 (wogeurwogeul), 워그르르 (wogeureureu), 오글오글 (ogeurogeul), 오그르르 (ogeureureu), 우글우글 (ugeurugeul), 우그르르 (ugeureureu)",,,,,,
waku,waku（分）,別 分,他动,五段（四段）,B; x-B-x | waki（名词）: 2.3; 平平 - [2]-[1]-B. 江户 HL,B,区别、判别、锯木材。,4903 | 挽.w.v | *wak- | B || 4922 | 腋.w.n | *waki | 3B,wak-,*wak-,*wak-,,,,,,,分.w,,,,2,1,0,,,,,wak- 和久 (和可 和岐),,,,,,,,,ワク,日|琉,,,,,,,,
waku,waku（蛙）,蛙,名,,,,（九州）蟾蜍、青蛙。,,,,,,,,,,,蟾.w,,,两栖,1,1,0,,,,,,,,,,,,,,ワク,九,,,,,,,,
waku,waku（枠）,枠 籰 籆 篗 框,名,,2.3; 平平 - [2]-[1]-B B(/A)-B-x,2.3,卷线的工具（将两根或四根木头成对，钉在横木上，中央部分设轴旋转）；框、界限、轮廓、范围、护板。,4926 | 糸巻.w.n | *waku,,*waku,*waku,,,,,,,枠.w,,,具,2,1,0,,,,,,,,,,waku 和久,,,,ワク,日|琉,,,,,,,,
waku*,waku*（共同作業）,共同作業,名,,,,（琉球）两人以上合力办事；工作。,4927 | 共同作業.w.n | *waku,,*waku,,,,,,,,共同作業.w,,,抽象,0,1,0,,,,,,,,,,,,,,,琉,,,,,,,,
wakudou,wakudou（蛙）,蛙,名,,,,（九州等地）蟾蜍、青蛙。,,waku+dou,,,,,,,,蟾+?,蟾.w,,,两栖,2,1,0,,,,,,,,,,,九州 wakudou,,,ワクドウ,九,,,,,,,,
wakudoubiki,wakudoubiki（蛙）,蛙,名,,,,（九州）蟾蜍、青蛙。,,waku+dou+biki,,,,,,,名=の+名,蟾+蟇,蟾.w,,,两栖,1,1,0,,,,,,,,,,,,,,ワクドウビキ,九,,,,,,,,
wakugo,wakugo（若子）,若子,名,,平平平 - x-[1]-x,,年轻男子。,,waku+go,,,,,,,,若+子,若.w|小.k,,,人,2,1,0,,,,,wakugo1 和倶吾 和久胡,,,,,,,,,ワクゴ,日,,,,,,,,
"wakuhiki 1, wakubiki* 2","wakuhiki 1, wakubiki* 2（蛙）",蛙,名,,x-x-x x-A-x,,（九州、北琉球冲绳）蟾蜍。,4928 | 蛙.w.n | *waku+biki | oA,1 waku+hiki,2 沖縄 *wak[u]+biki,*wak[u]+(N)+piki,,,,,2 名=の+名,蟾+蟇,蟾.w,,,两栖,2,1,0,,,,,,,,,,,九州 wakuhiki,,,ワクヒキ,九|北琉冲,,,,,,,,
wakuraba,wakuraba（病葉）,病葉 嫩葉,名,,[3]-[3]-x,,嫩叶、病叶（特指夏季带红、黄色的枯叶）。（「嫩叶」含义可能与 wakai（若）有关）,,wakura+ba,,,,,,,名=の+名,?+葉,葉.p,,,植物器官,2,1,0,,,,,,,,,,,wakuraba,,,ワクラバ,日,,,,,,,,
wakusii*,wakusii*（分）,分,形,シイ（シク）,,,区别清楚的、明显的。,,wak=u-si-,,,,,*-si-,,,,分.w,,,,3,1,0,,,,,,,,,,,,wakusi-,ワクシ,ワクシイ*,日,,,,,,,,
wakuwaku,wakuwaku,,副,,[1]-[1]-x,,象：因喜悦、期待或担心等心情不平静而躁动不安。（与 waku（沸）有关）,,waku+waku,,,,,,,,waku+waku,waku,,,,2,1,0,,,,,,,,,,,,wakuwaku,,ワクワク,日,,,,,,,,
wakya*,wakya*,,代,,,,（琉球）我们（在区分除括性的方言中，如喜界、北冲绳、宫古、广域八重山，表示包括式）。,,,*wa-k[e][C]a,,,,*-k[e][C]a,,,,我.w,,,,0,1,0,,,,,,,,,,,,,,,琉,,,,,,,,
wamekas-*,wamekas-*,,他动,,,,（南琉球宫古）使大叫。,,,宮古 *wa-meka-s-,,,,*-miaka-s-,,,,wa,,,,0,1,0,,,,,,,,,,,,,,,南琉宫,,,,,,,,
wameku,wameku（喚）,喚,自动,五段（四段）,B; x - B-A-B | wameki（名词）: [3]-x-x,,大叫、大嚷。,4929 | 喚.w.v | *wamek- || 6760 | 喚.w.n | *wamek-i,wa-mek-,宮古 *wa-mek-,*wa-miak-,,,*-miak-,,,,wa,,,,2,1,0,,,,,,,,,,,wamek-,,,ワメク,日|南琉宫,,,,,,,,
wan,wan,,副,,[1]-x-x,,声：犬吠；态：一齐跳出来或袭击；突然放声大哭；张大嘴的样子。,,wa-n,,,,,*-n,,,,wa,,,,2,1,0,,,,,,,,,,,,wan,,ワン,日,,,,,,,,
wana,wana（罠）,罠 羂 輪奈 綰,名,,2.4; 平上/平平 - [1]-(0)-B,2.4,把绳子等做成圆圈形状的东西、颈圈、圈套、陷阱。,4932 | 罠.w.n | *wana | 4B,wa+na,*wa+na,*wa+na(pa),,,,,,環+縄,環.w|縄.n,罠,,工具,3,1,0,,,,,wana 和那,,相模 wana 和奈,,,,,,,ワナ,日|琉,,,,,,,,
wanaku,wanaku（絞）,絞 経,他动,五段（四段）,,,绞首。,,wa+na-k-,,,,,*-k-,,,環+縄,環.w|縄.n,罠,,,2,1,0,,,,,[wanak-] (経),,,,,,,,,ワナク,日,,,,,,,,
wananakasii*,wananakasii*（戦慄）,戦慄,形,シイ（シク）,,,（因恐惧和紧张而）将要颤抖的。,,wana+(wa)na-ka-si-,,,,,*-ka-si-,,,wana+wana,wana,,,,3,1,0,,,,,,,,,,wananakasi-*,,,ワナナカシ,ワナナカシイ*,日,,,,,,,,
wananakasu,wananakasu（戦慄）,戦慄,他动,五段（四段）,B-x-x,,使（因恐惧和紧张而）颤抖。,,wana+(wa)na-ka-s-,,,,,*-ka-s-,,,wana+wana,wana,,,,2,1,0,,,,,,,,,,wananakas-,,,,ワナナカス,日,,,,,,,,
"wananaku 1, ononoku 2","wananaku 1, ononoku 2（戦）",戦 戦慄,自动,五段（四段）,A; A - A-A-A | wananaki（名词）: [3/4]-[0]-x,A,（因恐惧、紧张、寒冷、生病等）战栗、颤抖、混乱。,,1 wana+(wa)na-k- | 2 ono+(o)no-k-,,,,,*-k-,,,wana+wana,wana,,a/o,,4,1,0,,,,,1 wananak- (和那那岐),,,,,2 wononok- (乎乃乃久),,,2 ヲノノク,1 ワナナク | 2 オノノク,日,,,,,,,,
wanaru,wanaru,,自动,五段（四段）,,,大叫。,,wa+na-r-,,,,,*-r-,,,wa+鳴,wa|鳴.n,,,,2,1,0,,,,,,,,,,,,wanar-,,ワナル,日,,,,,,,,
wanawana,wanawana,,副,,[1]-[1]-x,,态：（因寒冷、恐惧、愤怒、兴奋等）身体剧烈颤抖。,,wana+wana,,,,,,,,wana+wana,wana,,,,2,1,0,,,,,,,,,,,wanawana,,,ワナワナ,日,,,,,,,,
wane,wane,,代,,,,（东北，用于对等以下）你。,,wa-ne,,,,,*-n[e],,,,我.w,,,,2,1,0,,,,,,,,,,,,wane,,ワネ,东北日,,,,,,,,
wanguri,wanguri,,副,,[3]-x-x,,态：张大嘴咬或吞下的样子、非常热闹的样子、（方言）弯曲的样子。,,wangu-ri,,,,,*-ri,,,,wagu,,,,2,1,0,,,,,,,,,,,,wanguri,,ワングリ,日,,,,,,,,
wani,wani（鰐）,鰐,名,,2.3; 平平 - [1]-[1]-A,2.3,鲨鱼、鲨鱼翅、鳄鱼、（岛根）脚向外弯、O 型腿、（山口）弯腿。,,,,,,,,,,,鰐.w,,,爬行,2,1,2,,,,,wani 和邇 和爾,,,,,,,,,ワニ,日,,,OC 鱷 (*[ŋˤ]ak)；汉音 黿 (gwen),,"龙、咸水鳄：PT *ŋïek D2L；South-Western Tai: Siamese ŋɨǝk3, White Tai ŋɨ4, Black Tai ŋɨǝɁ5, Shan ŋɨk3（鳄鱼、短吻鳄）, Nong Khai ŋɨǝk5, Lue of Chieng Hung, Lue of Muong Yong ŋɨɨk5; Central Tai: Lei Ping hɨɨk5, Lungming ŋɨɨk5, Western Nung ŋɨk5, Lungchow ŋɨɨk4, Ping Siang ŋɨɨk5; Northern Tai: Yay ŋɨǝk5, Saek ŋuǝk5, Po-ai ŋɨɨk6",,,
waniru,waniru,,自动,上一段,,,（东日本）害羞（与 hanikamu 有关？）。,,wani-,,,,,,,,,羞.w,,,,2,1,0,,,,,,,,,,,,wani-,,ワニル,东日,,,,,,,,
"wanizame 1, wanisaba* 2","wanizame 1, wanisaba* 2（鰐）",鰐鮫,名,,[2]-[0]-x,,鲨鱼、鲨鱼翅、鳄鱼。（琉球语或为借词）,,1 wani+zame,2 *wani+saba,*wani+(N)+sampa-i,,,,,名=の+名,鰐+鮫,鰐.w|鮫.s,,被露交替,爬行,2,1,0,,,,,,,,,,,,wanizame,,ワニザメ,日|琉,,,,,,,,
wanko,wanko,,名,,,,（幼儿语）狗、（栃木）四肢着地匍匐前进。,,wa-n+ko,,,,,*-n,,,wa+子,wa|小.k,,,哺乳,2,1,0,,,,,,,,,,,,wanko,,ワンコ,日,,,,,,,,
wannare,wannare,,副,,,,（东日本）不巧、而且。,,wana-re?,,,,,,,,,wana,,辅音延长,,1,1,0,,,,,,,,,,,,,,ワンナレ,东日,,,,,,,,
wanniri,wanniri,,副,,,,态：圆润丰满的样子。,,wanni-ri,,,,,*-ri,,,,wani,,辅音延长,,2,1,0,,,,,,,,,,,,wanniri,,ワンニリ,日,,,,,,,,
wanoma*,wanoma*,,代,,,,（南琉球八重山）我们（排除式）。,,,八重山 *wa-n[o]-ma,,,,*-n[o]-ma,,,,我.w,,,,0,1,0,,,,,,,,,,,,,,,南琉八,,,,,,,,
wanona*,wanona*,,代,,,,（琉球）我们（在区分除括性的方言中，如喜界、北冲绳、广域八重山，表示排除式）。,,,*wa-n[o]-na,,,,*-n[o]-na,,,,我.w,,,,0,1,0,,,,,,,,,,,,,,,琉,,,,,,,,
wanota*,wanota*,,代,,,,（南琉球）我们（排除式）。（一些宫古语用 ti ?< *te 代替 *ta，暗示此后缀可能来自 *te（手））,,,南 *wa-n[o]-ta,,,,*-n[o]-ta,,,,我.w,,,,0,1,0,,,,,,,,,,,,,,,南琉,,,,,,,,
wanote*,wanote*,,代,,,,（南琉球宫古）我们（排除式）。,,,宮古 *wa-n[o]-te,,,,*-n[o]-te,,,,我.w,,,,0,1,0,,,,,,,,,,,,,,,南琉宫,,,,,,,,
wanotea*,wanotea*,,代,,,,（南琉球宫古）我们（排除式）。,,,宮古 *wa-n[o]-te-a,,,,*-n[o]-ta-e,,,,我.w,,,,0,1,0,,,,,,,,,,,,,,,南琉宫,,,,,,,,
"wanpaku 1, wanbaku 2","wanpaku 1, wanbaku 2（腕白）",腕白,名,,[0/1]-[0]-x,,小孩子（尤其是男孩）淘气不听话。,,,,,,,,,,,腕白.w,,清浊,性格,2,1,0,,,,,,,,,,,,1 wanpaku | 2 wanbaku,,1 ワンパク | 2 ワンバク,日,,,,,,,,
wansa,wansa,,副,,[1]-[1]-x,,态：很多人蜂拥而至；很多的样子。,,,,,,,,,,,wansa,,,,2,1,0,,,,,,,,,,,,wansa,,ワンサ,日,,,,,,,,
wansaka,wansaka,,副,,[1]-x-x,,态：很多人蜂拥而至、物品过剩的样子。,,wansa-ka,,,,,*-ka,,,,wansa,,,,2,1,0,,,,,,,,,,,,wansaka,,ワンサカ,日,,,,,,,,
wansawansa,wansawansa,,副,,[1]-x-x,,态：很多人蜂拥而至、很多人混杂在一起。,,wansa+wansa,,,,,,,,wansa+wansa,wansa,,,,2,1,0,,,,,,,,,,,,wansawansa,,ワンサワンサ,日,,,,,,,,
wanu,wanu（我）,我 吾,代,,,,（琉球、EOJ）我、自身。（琉球可能存在非间接格 wa 与间接格 wan(u）的对立，实际上 EOJ 的 wanu 也用于间接格（与格）；与中古日语类似，首里 wan 只用于属格以外的格（属格用 waa），与 EOJ 不同，EOJ wanu 不能接话题 =pa，OR wan 也不能且不能独用，但首里 wan 可以。OR 时，a- 与 wa- 系列的区别在于，a=ga 用于与「人、精神」有关的名词，wa=ga 用于与「地点、生活空间」有关的名词，Vovin 认为 a- 与转成名词构成组合整体，wa- 与领地名词构成复合词）,4933 | 我.w.n.2 | *wano | xX || 4934 | 我複数.w.n | *wano-ta,wa-nu,*wa-n[o],*wa-n[o],,,*-n[o],,,,我.w,,,,3,1,1,,,,,wan- 和,,上総 不明 wanu ([Vovin] wano1) 和努 和奴,,,,,,,ワヌ,日|琉,,,,,,,"MMo. ma-n-（与格、位格）; WMo man-; Dag. ma:n-; Khal. man-; Bur. man-, ma:nar, ma:nad; Kalm. man-, madn; Ordos man-; Oirat madan, mansu:d; Kamnigan ma:nad, ma:nar, ma:nasu:d; Dong. mani / mayi（属格、宾格）, mai（我们的（后置所有格））, matan; Bao. man-, mangə; Eastern Yug. manəә（我们的（后置所有格））; Kangjia mənɔ; Mog. mo:n-; Codex Cumanicus men; North Altai men; Old Turkic ben; South Altai men; Azeri män; chuvash ebɘ; Crimean Tatar men; Gagauz bän; Kara Kalpak men; Karachay Balkar men; Karaim men; Kazakh men; Khalaj män; Kirghiz men; Kumyk men; Middle chulym män; Nogai men; Salar men; West Yugur men; Shor men; Tofa men; Turkish ben; Turkmen men; Tuvan men; Uygfur män; Uzbek men",
wanwa,wanwa,,副・名,,[1]-x-x,,（副）态：吵闹的样子；（名，幼儿语）狗。,,wa-n+wa,,,,,*-n+CP,,,wa+wa,wa,,,,2,1,0,,,,,,,,,,,,wanwa,,ワンワ,日,,,,,,,,
wanwan,wanwan,,副・名,,[1]-[3]（副）/(3)（名）-x,,（副）声：犬吠；声/态：人放声大哭；大声喧闹；（名，幼儿语）狗。,,wa-n+wa-n,北 *wa-n+wa-n,*wa-n+wa-n,,,*-n+CP-n,,,wa+wa,wa,,,,2,1,0,,,,,,,,,,,,wanwan,,ワンワン,日|北琉,,,,,,,,
wanwanko,wanwanko,,名,,,,（山形）狗、（栃木）四肢着地匍匐前进。,,wa-n+wa-n+ko,,,,,*-n+CP-n+CP,,,wa+wa+子,wa|小.k,,,哺乳,1,1,0,,,,,,,,,,,,,,ワンワンコ,东北日,,,,,,,,
waQ,waQ,,副・感叹,,,,声：惊讶声；突然大声吓唬他人；突然剧烈哭泣；很多人一起笑；一齐欢快喧哗；态：一群人一起做某件事、一口气做完某件事；事情突然发生、突然开始行动。,,wa-Q,,,,,*-Q,,,,wa,,,,2,1,0,,,,,,,,,,,waQ,,,ワッ,日,,,,,,,,
waQha,waQha,,感叹,,[1]-x-x,,声：非常愉快又豪爽地张大嘴巴笑。,,wa-Q+ha,,,,,*-Q+CP,,,wa+ha,wa|ha,,,,2,1,0,,,,,,,,,,,,waQha,,ワッハ,日,,,,,,,,
waQhahaa,waQhahaa,,感叹,,,,声：高亢的笑声。,,wa-Q+ha+haa,,,,,*-Q+CP,,,wa+ha+ha,wa|ha,,,,2,1,0,,,,,,,,,,,,waQhahaa,,ワッハハア,日,,,,,,,,
waQhaQhaQ,waQhaQhaQ,,感叹,,[1/4]-x-x,,声：非常愉快又豪爽地张大嘴巴笑。,,wa-Q+ha-Q+ha-Q,,,,,*-Q+CP-Q+CP-Q,,,wa+ha+ha,wa|ha,,,,2,1,0,,,,,,,,,,,,waQhaQhaQ,,ワッハッハッ,日,,,,,,,,
waQpa,waQpa,,副,,,,态：大声喊叫的样子。,,waQpa,,,,,,,,,wapa,,,,2,1,0,,,,,,,,,,,waQpa,,,ワッパ,日,,,,,,,,
waQpasaQpa,waQpasaQpa,,副・名,,,,（副）态：大声喊叫的样子；（名）大声喊叫、大声争吵。,,waQpa+saQpa,,,,,,,,wapa+sapa,wapa|sapa,,,,2,1,0,,,,,,,,,,,,waQpasaQpa,,ワッパサッパ,日,,,,,,,,
waQsamoQsa,waQsamoQsa,,副,,,,态：（人等）混杂的样子。,,waQsa+moQsa,,,,,,,,wasa+mosa,wasa|mosa,,,,2,1,0,,,,,,,,,,,,waQsamoQsa,,ワッサモッサ,日,,,,,,,,
waQsari,waQsari,,副,,[3]-x-x,,态：不拘泥、不多虑、不多修饰，轻松做事；开朗、有精神；无忧无虑、心情愉快；量多的样子。,,waQsa-ri,,,,,*-ri,,,,wasa,,,,2,1,0,,,,,,,,,,,waQsari,,,ワッサリ,日,,,,,,,,
waQsawaQsa,waQsawaQsa,,副,,,,态：很多人一起喊着口号吵闹的样子。,,waQsa+waQsa,,,,,,,,wasa+wasa,wasa,,,,2,1,0,,,,,,,,,,,,waQsawaQsa,,ワッサワッサ,日,,,,,,,,
"waQsyoi 1, waQsyo 2","waQsyoi 1, waQsyo 2",,感叹,,1 [1/3]-[1]-x,,声：众人抬重物时的吆喝声、众人激励时的吆喝声。,,1 wa-Q+syo-i | 2 wa-Q+syo,,,,,1 *-Q+CP-i | 2 *-Q+CP,,,wa+syo,wa|syo,,音节缩减,,2,1,0,,,,,,,,,,,,1 waQsyoi | 2 waQsyo,,1 ワッショイ | 2 ワッショ,日,,,,,,,,
waQtari,waQtari,,副,,,,态：平静的样子；（东北）竭尽全力的样子、（出云）放松的样子、筋疲力尽的样子。,,waQta-ri,,,,,*-ri,,,,wata,,,,2,1,0,,,,,,,,,,,,waQtari,,ワッタリ,日,,,,,,,,
waQtari*,waQtari*,,代,,,,（北琉球奄美）我们二人（双数）。,,,奄美 *wa+puta-ri,,,,*-ri,,,我+二,我.w|二.p,,,,0,1,0,,,,,,,,,,,,,,,北琉奄,,,,,,,,
waQciri,waQtiri,,副,,,,（东北）强硬的样子、（千叶）（狗等）咬的样子。,,waQti-ri,,,,,*-ri,,,,wati,,,,1,1,0,,,,,,,,,,,,,,ワッチリ,东日,,,,,,,,
waQciwaQci,waQtiwaQti,,副,,,,（东北）强硬的样子。,,waQti+waQti,,,,,,,,wati+wati,wati,,,,1,1,0,,,,,,,,,,,,,,ワッチワッチ,东北日,,,,,,,,
waQwa,waQwa,,副,,,,声：大声哭、笑、吵闹声。,,wa-Q+wa,,,,,*-Q+CP,,,wa+wa,wa,,,,2,1,0,,,,,,,,,,,,waQwa,,ワッワ,日,,,,,,,,
waQwaQ,waQwaQ,,感叹,,,,声：大声哭、笑、吵闹声。,,wa-Q+wa-Q,,,,,*-Q+CP-Q,,,wa+wa,wa,,,,2,1,0,,,,,,,,,,,,waQwaQ,,ワッワッ,日,,,,,,,,
wara,wara（藁）,藁,名,,2.4; 平上 - [1]-(0)-B B-B-x. 江户 LH,2.4,晒干的稻子、麦子等、分娩时产妇用的床、隐藏的短处或缺点。,4936 | 藁.w.n | *wara | 4B,,*wara,*wara,,,,,,,藁.w,,,草,3,1,0,,,,,(藁),,,,,wara 和良,,,,ワラ,日|琉,,,,,,,,
warabea*,warabea*（童）,童,名,,,,儿童（卑称）。,,,*wara+be-a,,,,*-a,,,童+部,童.w|部.b,,,人,0,1,0,,,,,,,,,,,,,,,琉,,,,,,,,
warabi,warabi（蕨）,蕨,名,,3.4; 平平平 - [1]-[1]-B x-B-x. 镰仓 LLL,3.4,蕨。,4939 | 蕨.w.n | *warabi | xB,wara-bi,*wara-bi,*wara-bi,,,*-bi,,,,蕨.w,,,草,2,1,0,,,,,warabi1 和良比,,,,,,,,,ワラビ,日|琉,,,,,,,,
"waragutsu 1, warouzu 2, waranzu 3, waranzi 4, warazi 5, warazu 6","waragutu 1, warouzu 2, waranzu 3, waranzi 4, warazi 5, warazu 6（草鞋）",藁靴 藁沓 草鞋,名,,1 4.6; 平平平上 - [2]-(3)-B | 3 [0/2]-x-x | 4 warazi: 3.5a?< 4.6; 平平上 - [0]-[0]-B x-(B)-x,4.6,稻草鞋。,6829 | 藁靴.w.n | *wara+kutu || 4940 | 草鞋.w.n | *waradi | xB,1 wara+gutu | 2 waro+uzu | 3 wara+nzu | 4 wara+nzi | 5 wara+zi | 6 wara+zu,1 *wara+gutu,1 *wara+N+kutu,,,,,名=の+名,藁+靴,藁.w|靴.k,,拨音便|う音便|u/i,服,4,1,0,,,,,,,,,,1 waragutu 和良久豆 | 2 waraudu,3 warandzu | 4 waranji | 5 waraji | 6 waradzu,,2 ワラウヅ | 3 ワランヅ | 4 ワランヂ | 5 ワラヂ | 6 ワラヅ,1 ワラグツ | 2 ワロウズ | 3 ワランズ | 4 ワランジ | 5 ワラジ | 6 ワラズ,日|琉,,,,,,,,
warakasu,warakasu（割）,割,他动,,,,（西日本）破坏。,,wara-ka-s-,,,,*-ka-,*-ka-s-,俗语,,,割.w,,,,1,1,0,,,,,,,,,,,,,,ワラカス,西日|九,,,,,,,,
warakasu,warakasu（笑）,笑,他动,五段（四段）,A-x-x,A,使笑、冷淡对待、瞧不起。,,wara-ka-s-,,,,*-ka-,*-ka-s-,俗语,,,笑.w,,,,3,1,0,,,,,,,,,,,warakas-,,ワラカス,ワラカス,日,,,,,,,,
wararaka,wararaka（笑）,笑,形动,,,,开朗、快活的样子。,,wara+(wa)ra-ka,,,,,*-ka,,,wara+wara,笑.w,wara,,,2,1,0,,,,,,,,,,wararaka,,,,ワララカ,日,,,,,,,,
warasi,warasi（童）,童,名,,,,（东北）儿童。,,wara-si,,,,,*-si,,,,童.w,,,人,2,1,0,,,,,,,,,,,,warasi,,ワラシ,东北日,,,,,,,,
warasibe,warasibe（藁稭）,藁稭,名,,[0/2]-(2)-x,,稻穗芯。,,wara+sibe,北 *wara+sibe,*wara+sib[e],,,,,,藁+稭,藁.w|稭.s,,,草,2,1,0,,,,,,,,,,,warasibe,,,ワラシベ,日|北琉,,,,,,,,
warasu,warasu（割）,割,他动,五段（四段）,,,破坏。（宫古语或为借词）,6922 | 割.w.v.3 | *war-as-,wara-s-,宮古 *wara-s-,*wara-s-,,,*-s-,,,,割.w,,,,2,1,0,,,,,,,,,,,,waras-,,ワラス,日|南琉宫,,,,,,,,
warau,warau（笑）,笑 咲 嗤 听 呵 咥 哂 蚩 莞 唹 噱,自动・他动,五段（四段）,A; A - A-A-A A-A-A | warai（名词）: x - [0]-[0]-A,A,（自动）笑、花开、果实成熟裂开、景色美好；（他动）嘲笑。,4941 | 笑.w.v | *warap- | iA || 4943 | 笑.w.n | *warap-i,wara-w-,*wara-p-,*wara-p-,,,*-p-,,,,笑.w,,,,4,1,0,,,,,warap- (和良布 笑 嗤),美濃 warap- (和良比),,,,,,,ワラフ,ワラウ,日|琉,,,,,,,,
"warawa 1, waQpa 2","warawa 1, waQpa 2（童）",童 私 妾,名・代,,1 3.5b; 平平上 - [1]-(2)-x x-(B)-x. 1700 大阪 HLL | 2 [1]-[1]-x. 1700 大阪 LHH,3.5b,（名）儿童、儿童发型、童仆；（代）我（主要是（武家）女性）。,,1 warawa | 2 waQpa,,,,,,,,,童.w,,促音化,人,5,1,1,,,,,(童児 小児),,,,,1 warapa 和ら波,2 waQpa,,1 ワラハ,1 ワラワ | 2 ワッパ,日,,,,,,,"仔畜、未离巢的雏鸟：pTk *bāla; Baraba Tatar pala; North Altai bala, pala; South Altai bala; Bashkir bala; Crimean Tatar bala; Kara Kalpak bala; Karachay Balkar bala; Karaim bala; Kazakh bala; Khakas pala; Khalaj bala; Kirghiz bala; Kumyk bala; Nogai bala; Salar pala, bala; West Yugur m(u)la; Shor pala; Kazan Tatar bala; Uygfur bala; Uzbek bɔla",
"warawabe 1, warabe 2, waranbe 3, waroube 4","warawabe 1, warabe 2, waranbe 3, waroube 4（童）",童 童部,名,,1 平平上上 - x-[3]-x | 2 3.5b; 平平x - [1]-[1]-B x-B-x | 3 上平平平 - [2]-[2]-x,,儿童、童仆、自己的妻子（谦虚）。,4938 | 童.w.n | *warabe | 5C,1 warawa+be | 2 wara+be | 3 waran+be | 4 waroo+be,2 *wara+be,*warapa+be,,,,,,童+部,童.w|部.b,,音节缩减|拨音便|う音便,人,4,1,0,,,,,,,,,,1 warawabe | 2 warabe,3 waranbe | 4 waraube,,1 ワラハベ | 4 ワラウベ,1 ワラワベ | 2 ワラベ | 3 ワランベ | 4 ワロウベ,日|琉,,,,,,,,
warawageru*,warawageru*（童）,童,自动,下一段（下二段）,,,表现得孩子气（直接派生自形容动词 warawage（孩子气的样子））。,,warawa+ge-,,,,,,,名=の+名,童+気,童.w|気.g,,,,3,1,0,,,,,,,,,,warawage-,,,ワララグ,ワララゲル*,日,,,,,,,,
warawakasu,warawakasu（笑）,笑,他动,五段（四段）,,,使笑。,,wara-wa-ka-s-,,,,*-ka-,*-pa-ka-s-,俗语,,,笑.w,,,,3,1,0,,,,,,,,,,warawakas-,,,ワラハカス,ワラワカス,日,,,,,,,,
warawara,warawara,,副,,,,态：混乱的样子、容易燃烧起来的样子、匆忙行动的样子；象：快活的样子。,,wara+wara,,,,,,,,wara+wara,笑.w,wara,,,2,1,0,,,,,,,,,,,warawara,,,ワラワラ,日,,,,,,,,
warawaseru,warawaseru（笑）,笑,他动,下一段（下二段）,A-A-x,A,使人忍俊不禁、引人发笑（轻蔑）。,,wara-wa-se-,,,,,*-pa-sa-i-,,,,笑.w,,,,3,1,0,,,,,,,,,,,,warawase-,ワラワス,ワラワセル,日,,,,,,,,
warawasii*,warawasii*（可笑）,可笑,形,シイ（シク）,,,应当笑的、可笑的。,,wara-wa-si-,,,,,*-pa-si-,,,,笑.w,,,,3,1,0,,,,,,,,,,,warawasi-,,ワラハシ,ワラハシイ*,日,,,,,,,,
warawasu,warawasu（笑）,笑,他动,五段（四段）,A-A-x,A,使人忍俊不禁、引人发笑（轻蔑）。,4942 | 笑.w.v.2 | *warap-as-,wara-wa-s-,*wara-pa-s-,*wara-pa-s-,,,*-pa-s-,,,,笑.w,,,,2,1,0,,,,,,,,,,,,warawas-,,ワラワス,日|琉,,,,,,,,
warawayami,warawayami（瘧）,瘧,名,,5.6; 平平平平平 - [0]-[4]-x,5.6,隔日或每日定时发生恶寒、发热的病，类似疟疾。,,warawa+yam-i,,,,,*-i,,,童+病,童.w|病.y,,,疾,3,1,0,,,,,,,,,,warawayami 和良波夜美,,,ワラハヤミ,ワラワヤミ,日,,,,,,,,
"ware 1, waro 2","ware 1, waro 2（我）",吾 我,代,,2.4; 平上 - [1]-(0)-B. 镰仓 LH(-H). 室町 LH. 江户 LH,2.4,我、自己、你（中世以后，对晚辈或低位）。（中古时 ware 只用于属格以外的格（属格用 wa）。现代通常在代名词后加 -tati 表示复数，但上代的长短式通常表示单数，而复数会倾向于使用长式，因此 -re 或与复数后缀 -ra 存在关联（后接主格 =i？）。EOJ 中短式较长式更常用。中古时可用作第一或第三人称反身代词）,,wa-re,,,,,*-r[e],,,,我.w,,e/o,,3,1,1,,,,,1 ware 和禮 和礼 倭例 和例,,1 駿河 武蔵 下野 常陸 上総 下総 不明 ware 和礼 和例 | 2 駿河 waro2 和呂,,,,,,,1 ワレ | 2 ワロ,日,,"我们：OK 吾里 (*WUli,?< 又 (*wu) + *-li)；MK 우〮리〮 (wúlí)；K 우리 (uri), 울 (ul)；濟州 우리 (uri)",,,,,,
wareru,wareru（割）,割 破,自动,下一段（下二段）,A; (A) - A-A-A x-A-x | ware（名词）: x - [0]-[0]-A x-A-x,A,破碎、破裂、被分割、分裂、平手、心乱、暴露、跌倒某个价格以下、女性失去处女身。,4946 | 割.w.v | *ware- | A || 4945 | 割.w.n | *ware | 1A,war-e-,*war-e-,*war-ai-,,,*-ai-,,,,割.w,,,,4,1,0,,,,,(破),,,,,ware-,,,ワル,ワレル,日|琉,,,,,,,,
wareta*,wareta*,,代,,,,（北琉球冲绳）我们（在区分除括性的方言中，如北冲绳，表示排除式）。,,,*wa-re-ta,,,,*-r[e]-ta,,,,我.w,,,,0,1,0,,,,,,,,,,,,,,,北琉冲,,,,,,,,
warezii*,warezii*（我）,我,形,シイ（シク）,,,像自己一样的。,,wa-re+zi- < wa-re+n(V)-si-,,,,,*-r[e]+CP-si-,,,我+似,我.w|似.n,,,,3,1,0,,,,,warezi (和礼自久),,,,,,,,ワレジ,ワレジイ*,日,,,,,,,,
warigo,warigo（破子）,破子 破籠 樏,名,,?3.2a; 上上去 ?= *上上平 [0]-[0]-x,?3.2a,一种用桧木制成的白色木箱，作为便当盒使用；便当。,,war-i+go,,,,,*-i+CP,,,割+子,割.w|小.k,,,具,2,1,0,,,,,,,,,,warigo 和利古,,,,ワリゴ,日,,,,,,,,
wariwari,wariwari,,副,,,,态：在戏剧等方面广受好评、非常叫座的样子；名气大的样子。,,wari+wari,,,,,,,,wari+wari,wari,,,,2,1,0,,,,,,,,,,,,wariwari,,ワリワリ,日,,,,,,,,
"warobiru* 1, warubiru* 2","warobiru* 1, warubiru* 2（悪）",悪,自动,上一段（上二段）,,,（1/2）看起来恶劣、（2）被当成坏人抓起来的人表现得战战兢兢或感到可耻。,,1 waro-bi- | waru-bi-,,,,,*-mpǝi-,,,,悪.w,,u/o,,3,1,0,,,,,,,,,,1 warobi- | 2 warubi-,,,1 ワロブ | 2 ワルブ,1 ワロビル* | 2 ワルビル*,日,,,,,,,,
"warogaru 1, warugaru 2","warogaru 1, warugaru 2（悪）",悪,他动,五段（四段）,B-x-x,,使感到不好、使不高兴、（方言，自动）感到可耻。,,1 waro-ga-r- | 2 waru-ga-r-,,,,,*-ga-r-,,,,悪.w,,u/o,,3,1,0,,,,,,,,,,,1 warogar-,2 warugar-,,1 ワロガル | 2 ワルガル,日,,,,,,,,
warosimeru*,warosimeru*（悪）,悪,他动,下一段（下二段）,,,伤害。,,waro-si-m-e-,,,,,*-si-m-ai-,,,,悪.w,,,,3,1,0,,,,,,,,,,,warosime-,,ワロシム,ワロシメル*,日,,,,,,,,
warou,warou,,名,,,,系（木工的）墨线的小钉子。,,,,,,,,,,,釘.w,,,具,3,1,0,,,,,,,,,,,warau,,ワラウ,ワロウ,日,,,,,,,,
"warouda 1, warada 2","warouda 1, warada 2（蒲団）",蒲団,名,,4.5; 平平平平 - x-(0)-x,4.5 (=3.4|1.3); x - [3]-(3)-A,用稻草、蔺草、蒲草、菅草等编织成旋涡状，做成圆形的地毯；圆座。,,1 waro+uda < wara+buta | 2 wara+da,,,,,,,名=の+名,藁+蓋,藁.w|蓋.p,,音节缩减,具,4,1,0,,,,,,,,,,1 warauda 和良布太,2 warada,,1 ワラフダ,1 ワロウダ | 2 ワラダ,日,,,,,,,,
waru,waru（割）,割,他动,五段（四段）,A; A - A-A-A x-A-A | wari（名词）: x - [0]-[0]-A,A,破坏、破裂、分割、分裂、做除法、仔细说明、坦白、用水稀释、使跌倒某个价格以下、夺走处女身。,4935 | 割.w.v.2 | *war- | iA,war-,*war-,*war-,,,,,,,割.w,,,,3,1,1,,,,,(破),,,,,war-,,,,ワル,日|琉,,剥皮、剔骨：MK ᄇᆞ리다 (polita)：K 바르다 (bareuda)；NK 발그다 (balgeuda)；方言 불바르다 (bulbareuda),,,,,,
"warui 1, waroi 2, wara-* 3","warui 1, waroi 2, wara-* 3（悪）",悪,形,イ（ク）,B; B - B-B-B B-B-C,B,不合适的、不方便的、不好的、不吉的、差的、低下的、丑的、不愉快的、恶劣的、邪恶的、不恰当的。,4948 | 悪.w.a | *waru- | iiB,1 waru- | 2 waro-,1 *waru- | 2 *waro- | 3 *wara-,2 *waro-,,,,,,,悪.w,,u/o,,3,1,1,,,,,,,,,,1 waru- | 2 waro-,,,1 ワルシ | 2 ワロシ,1 ワルイ | 2 ワロイ,日|琉,,,,,,,"WMo. buruɣu（错的、不好的）, pMo *buru-",
waruwarui,waruwarui（悪悪）,悪悪,形,イ,,,非常恶劣的。,,waru+waru-,,,,,,,,悪+悪,悪.w,,,,2,1,0,,,,,,,,,,,,waruwaru-,,ワルワルイ,日,,,,,,,,
wasabi,wasabi（山葵）,山葵,名,,?3.3; 上平平 - [1?< 2)]-[1]-B,?3.3,山葵。,7237 | 山葵.w.n | *wasabi,wara-bi,,,,,*-bi,,,,山葵.w,,,草,4,1,0,,,,,wasabi1 委佐俾,播磨 (山薑),,,,wasabi 和佐比,,,,ワサビ,日|南琉宫,,,,,,,,
wasakusa,wasakusa,,副,,,,态：麻烦、混乱的样子。,,wasa+kusa,,,,,,,,wasa+kusa,wasa|kusa,,,,2,1,0,,,,,,,,,,,wasakusa,,,ワサクサ,日,,,,,,,,
wasameku,wasameku,,自动,五段（四段）,,,有活力、吵闹、（北琉球奄美与论）焦躁不安、生气。,,wasa-mek-,与論 *wasa-mek-,*wasa-miak-,,,*-miak-,,,,wasa,,,,2,1,0,,,,,,,,,,,wasamek-,,,ワサメク,日|北琉奄,,,,,,,,
wasaru,wasaru（座）,座,自动,,,,（近畿）「有」「在」「来」等的敬语。,,(o)w(o)+(m)asa-r-,,,,,*-r-,,,大+坐,大.ǝ|坐.m,大坐,,,1,1,0,,,,,,,,,,,,,,ワサル,日,,,,,,,,
wasawasa,wasawasa,,副,,[1]-x-x,,态：轻快而生动、爽快而不拖泥带水；明快、高兴；因分心而心神不定；风吹动草和树叶、摇动物体；很多的样子。,,wasa+wasa,沖縄 *wasa+wasa,*wasa+wasa,,,,,,wasa+wasa,wasa,,,,2,1,0,,,,,,,,,,,wasawasa,,,ワサワサ,日|北琉冲,,,,,,,,
"wase 1, wasa- 2","wase 1, wasa- 2（早稲）",早稲 早生 早,名,,?2.4; 平上 - [1]-[1]-B. 1700 大阪 HL,?2.4,成熟较早的水稻、早熟。,,,,,,,,,,,早稲.w,,被露,农作物,3,1,3,高句驪 波尸（？）,,,,1 wase 和世 | 2 wasa- 和左 (早),,,,,,,,,1 ワセ | 2 ワサ-,日,,生米、大麦、小麦等有白色外壳的谷物：LOK 菩薩；MK ᄡᆞᆯ〮 (psól)；K 쌀,,黍：PAN *baCaR; Formosan: Saisiyat (Ta’ay) basaL; Saisiyat (Tungho) basa:; Bunun batal; Atayal (Skikun) bacax; Rukai (Maga) bcaa; Malayo-Polynesian: Makassarese bataraʔ; Tetun batar（玉米）,,梵 vásar（春）；拉丁 vēr（春）；英 vernal（春天的）；立陶宛 vasara（夏）,,
wase*,wase*（間）,間,名,,,,（南琉球宫古）间隙。,432 | 間.b.n | *[w]ase | C,,宮古 *[w]ase,,,,,,,,間.w,,,抽象,0,1,0,,,,,,,,,,,,,,,南琉宫,,,,,,,,
wasegose,wasegose,,名,,,,（东北）容易生气。,,wase+gose,,,,,,,,wase+gose,wase|gose,,,性格,1,1,0,,,,,,,,,,,,,,ワセコゼ,东北日,,,,,,,,
wasemeku,wasemeku,,自动,五段（四段）,,,有活力、吵闹。,,wase-mek-,,,,,*-miak-,,,,wasa,,,,2,1,0,,,,,,,,,,,,wasemek-,,ワセメク,日,,,,,,,,
waserau,waserau（座）,座,自动,五段（四段）,,,「有」「在」「来」等的敬语。,,ow(o)+(m)ase-ra-w-,,,,*-ra-,*-i-ra-p-,四段化,,大+坐,大.ǝ|坐.m,大坐,,,3,1,0,,,,,,,,,,,,waseraw-,ワセラフ,ワセラウ,日,,,,,,,,
waseru,waseru（座）,座,自动,下一段（下二段）,,,「有」「在」「来」等的敬语（敬意不是很高）。,,(o)w(o)+(m)ase-,,,,,*-i-,,,大+坐,大.ǝ|坐.m,大坐,,,3,1,0,,,,,,,,,,,wase-,,ワス,ワセル,日,,,,,,,,
wasi,wasi,,感叹,,,,表示悲伤。,,wa+si,,,,,,,,wa+si,wa|si,,,,2,1,0,,,,,wasi 和之,,,,,,,,,ワシ,日,,,,,,,,
wasi,wasi（鷲）,鷲,名,,?2.2a; 平平 - [0]-[1]-A A-(B)-x,?2.2a,鹫。,4950 | 鷲.w.n | *wasi | xX,,*wasi,*wasi,,,,,,,鷲.w,,,鸟,4,1,0,,,,,,,下総 wasi 和之,出雲 (鷲),,wasi,,,,ワシ,日|琉,,,,,,,,
wasia*,wasia*（鷲）,鷲,名,,,,（北琉球冲绳）鹫。,,,*wasi-a,,,,*-a,,,,鷲.w,,,鸟,0,1,0,,,,,,,,,,,,,,,北琉冲,,,,,,,,
wasiru,wasiru（走）,走,自动,五段（四段）,B; x-A-x,B,跑、快速流动、逃亡。,,wa-si-r-,,,,,*-si-r-,,,,疾.w,,,,2,1,0,,,,,,,,,,wasir-,,,,ワシル,日,,,,,,,,
wasiseru*,wasiseru*（走）,走,他动,下一段（下二段）,,,使横向延长、使跑。,,wa-si-se-,,,,,*-si-sa-i-,,,,疾.w,,,,3,1,0,,,,,wasise- (和志勢),,,,,,,,ワシス,ワシセル*,日,,,,,,,,
wasiwasi,wasiwasi,,副,,,,态：很多人一起说话。,,wasi+wasi,,,,,,,,wasi+wasi,wasi,,,,2,1,0,,,,,,,,,,,wasiwasi,,,ワシワシ,日,,,,,,,,
wasu,wasu,,自动,,,,（八丈）去、来。,,wa-s-,,,,,*-s-,,,,疾.w,,,,1,1,0,,,,,,,,,,,,,,ワス,八,,,,,,,,
wasu,wasu（座）,座,自动,五段（四段）,,,「有」「在」「来」等的敬语（敬意比 owaseru* 低）。,,(o)w(o)+(m)as-,与那国 *was-?,*(ǝ)p(ǝ)+(m)as-,,,,,,大+坐,大.ǝ|坐.m,大坐,,,2,1,0,,,,,,,,,,,was-,,,ワス,日|南琉八,,,,,,,,
wasuke-*,wasuke-*（忘）,忘,他动,,,,（南琉球八重山）忘记。,4951 | 忘.w.v.2 | *wasu-ke- || 5168 | 忘.w.n.3 | *wasu-ke,,八重山 *wasu+ke-,,,,,,,忘+気?,"忘.w|気,k",,,,0,1,0,,,,,,,,,,,,,,,南琉八,,,,,,,,
wasurakasu,wasurakasu（忘）,忘,他动,五段（四段）,,,失忆、不在意、忘记（带来）。,,wasura-ka-s-,,,,*-ka-,*-s-,俗语,,,忘.w,,,,2,1,0,,,,,,,,,,,wasurakas-,,,ワスラカス,日,,,,,,,,
wasuras-*,wasuras-*（忘）,忘,他动,,,,（北琉球奄美与论）使忘记。,,,与論 *wasura-s-,,,,*-s-,,,,忘.w,,,,0,1,0,,,,,,,,,,,,,,,北琉奄,,,,,,,,
wasurasu,wasurasu（忘）,忘,自动,五段（四段）,,,（故意地）忘记、失忆（尊敬）。,,wasur-as-,,,,,*-as-,,,,忘.w,,,,3,1,0,,,,,wasuras- (和周良志),,不明 wasuras- (和須良酒),,,,,,,ワスラス,日,,,,,,,,
wasureru,wasureru（忘・他动）,忘 亡 遺 諠,他动,下一段（下二段）,A; A - A-A-A A-A-A | wasure: [0]-[0]-x,A,失忆、不在意、忘记（带来）。,,wasure-,*wasu-re-,*wasu-ra-i-,,,*-ra-i-,,,,忘.w,,,,4,1,0,,,,,wasure- (和須礼),,"駿河 上総 下野 常陸 不明 wasure- (和須礼 和須例), 常陸 wasura- (和須良)",,,,,,ワスル,ワスレル,日|琉,,,,,,,,
wasureru,wasureru（忘・自动）,忘 亡 遺 諠,自动,下一段（下二段）,A; A - A-A-A A-A-A | wasure: [0]-[0]-x,A,（无意地）忘记（现代用对应他动词）。,4953 | 忘.w.v | *wasu-re- | iiB || 4952 | 忘.w.n | *wasu-re,wasur-e-,*wasu-r-e-,*wasu-r-ai-,,,*-r-ai-,,,,忘.w,,,,4,1,0,,,,,wasure- (和須礼),,上野 wasure- (和須礼),,,,,,ワスル,ワスレル,日,,,,,,,,
wasuru,wasuru（忘）,忘,他动,五段（四段）,A; A - A-A-A A-A-A,A,（故意地）忘记、失忆、不在意。,,wasur-,,,,,*-r-,,,,忘.w,,,,3,1,0,,,,,wasur- (和素邏 和周良),,常陸 wasur- (和須良),,,,,,,ワスル,日,,,,,,,,
wata,wata（腸）,腸,名,,2.3; 平平 - [2]-[1]-B B-B-B,2.3,肠、（琉球）腹部。,4955 | 腸.w.n | *wata | 3B,,*wata,*wata,,,,,,,棉.w,腸,,器官,2,1,0,,,,,wata 和多,,,,,,,,,ワタ,日|琉,,,,,,,,
wata,wata（海）,海,名,,?2.1; 上上 - [0/2]-x-x. 镰仓 HH-/LH-/LL-,?2.1,海洋（八重山语或为借词）。,,,八重山 *wata,*wata,,,,,,,海.w,,,地形,3,1,1,"高句驪 波旦 (海), 新羅 [patori] 波珍",,,,wata 和多 (海),,,,,,,,,ワタ,南琉八,,"海：OK 海等 (*PAtol)；pre-MK *바닥〮 (*pàták)；MK 바닿〮 (pàtáh), 바ᄅᆞᆯ〮 (pàlól)；K 바다 (bada) | 地板、平坦的表面：MK 바다ᇰ〮 (pàtáng)；K 바닥 (badak)",,,,,,
wata,wata（棉）,綿 棉 草綿 絮,名,,2.3; 平平 - [2]-[1]-B B-B-B,2.3,棉、棉花、棉絮、柔软。,4954 | 綿.w.n | *wata | 3B,,*wata,*wata,,,,,,,棉.w,,,材,3,1,1,,,,,wata 和多 (綿),,遠江 wata 和多,,,,,,,ワタ,日|琉,,,"PChin *pat；Tangkhul wǝt, vat",,,,,
wata*,wata*,,代,,,,（北琉球冲绳）我们。,,,沖縄 *wa-ta,,,,,,,,我.w,,,,0,1,0,,,,,,,,,,,,,,,北琉冲,,,,,,,,
"watakusi 1, watasi 2","watakusi 1, watasi 2（私）",私,名・代,,1 4.1; 上上上上 - [0]-[0]-A. 室町 HHHH. 1700 大阪 wasi HH | 2 [0]-[0]/(0) | watai: [0]-[0]/(0) | wasi: [0]-[0]/(0) | atasi: [0]-[0]/(0) | atai: [0]-x-x,,"（名）私人、私情、以公谋私、不公开、秘密、随心所欲；（代）我（wasi 近世多为女性使用，现代为带威严感的男性对晚辈使用。atasi 多为女性使用。watai, atai 江户晚期主要为艺妓使用，明治以后也多为女性使用）、（方言）你、你们、自己。（琉球语或为借词）",4958 | 私.w.n | *watakusi | oA,wa+taku.s.i ?< *wa-tuko-s-i,*wa+tak[o].s.i（借词）,,,,*-s-i,,,我+尽,我.w|尽.t,,音节缩减,,3,1,0,,,,,,,,,,1 watakusi,,2 watasi,,1 ワタクシ | 2 ワタシ,日,,,,,,,,
watami*,watami*,,名,,x-x-x x-B-x,,（琉球）内脏。,,,*wata+mi,,,,,,,腸+身,棉.w,,,器官,0,1,0,,,,,,,,,,,,,,,北琉冲,,,,,,,,
watarau,watarau（渡）,渡,自动,五段（四段）,A,A,继续渡过、维生。,,wata-ra-w-,,,,,*-ra-p-,,,,海.w,,,,3,1,0,,,,,watarap- (渡相 活),,,,,,,,ワタラフ,ワタラウ,日,,,,,,,,
"watari 1, atari 2","watari 1, atari 2（辺）",辺,名,,1 [1]-x-x | 2 3.2b; 上上平 - [1]-[1]-A x-B-x. 江户 HHL,,附近、大约、近亲。（疑与 hotori 同源）,332 | 辺.a.n | *atari | xC,1 wa-ta-r-i | 2 (w)a-ta-r-i,2 *a-ta-r-i,*(w)a-ta-r-i ?< *pa-ta-r-i,,,*-ta-r-i,,,,端.p,,wa/a,抽象,3,1,0,,,,,1 watari 和太利 | 2 atari 阿多理,,2 上野 atari 安多里,,,,,,,1 ワタリ | 2 アタリ,日|琉,,,,,,,,
wataru,wataru（渡）,渡 済 渉 亙 亘 杭 彌 度 航 竟 蹊,自动,五段（四段）,A; A - A-A-A x-A-A | watari（名词）: 3.1; 上上上 - [0]-[0]-A x-A-x. 镰仓 (H),A,渡过、远渡、飞渡、日月移动、风吹、到、通过、延伸、扩散、转移、告知、时光流逝、生活、在（尊敬）、周围都是…。做助动词时表示动作越过或穿过某区域或持续很长时间。（名词也表示渡口、航路）,4960 | 渡.w.v | *watar- || 4961 | 渡.w.n | *watar-i | 1A,wata-r-,*wata-r-,*wata-r-,,,*-r-,,,,海.w,,,,3,1,0,,,,,watar- (倭柂留 和多留 和多流 和多良 和多理 和多里 和多利 和多礼 渡),,相模 上野 上総 下総 不明 watar- (和多流 和多里 和多利 和多良),,,,,,,ワタル,日|琉,,,,,,,,
watasu,watasu（渡）,渡 済,他动,五段（四段）,A; A - A-A-A A-A-x. 镰仓 A. 江户 A | watasi（名词）: x - [0]-[0]-A,A,使渡过、转移、交予、支配、告知、按规矩办事、委身、交媾、周围都是…。做助动词时表示动作越过或穿过某区域。,4962 | 渡.w.v.2 | *watas- || 4964 | 渡.w.n.2 | *watas-i,wata-s-,*wata-s-,*wata-s-,,,*-s-,,,,海.w,,,,2,1,0,,,,,watas- (和柂嗣 和多志 和多之 渡),,,,,,,,,ワタス,日|琉,,,,,,,,
"watatabi 1, matatabi 2","watatabi 1, matatabi 2（木天蓼）",木天蓼,名,,1 4.3; 上上平平 | 2 [0/2]-[0]-x,4.3,（1/2）木天蓼（matatabi）、（1）蒟醤（= kinma）。,,1 watata-bi | 2 matata-bi,,,,,*-bi,,,,木天蓼.w,,m/w,藤,3,1,0,,,,,,,,,,1 watatabi 和多々比 和太太非,2 matatabi,,,1 ワタタビ | 2 マタタビ,日,,,,,,,,
watatsumi,watatumi（海神）,海神,名,,"4.3; 上上平平. 镰仓 HHHL, HHLH",4.3,海神、大海。,,wata=tu+mi,,,,,,,,海=つ+神,海.w,,,神名,2,1,0,,,,,watatumi1 和多都美 (渡津海 方便海 綿津海),,,,,,,,,ワタツミ,日,,,,,,,,
"watawata 1, waQtawaQta 2","watawata 1, waQtawaQta 2",,副,,,,态：（东北）竭尽全力的样子；不休息、一口气做完的样子；惊慌失措的样子。,,1 wata+wata | 2 waQta+waQta,,,,,,,,wata+wata,wata,,辅音延长,,1,1,0,,,,,,,,,,,,,,1 ワタワタ | 2 ワッタワッタ,东北日,,,,,,,,
waca,watya,,副,,,,（愛知県額田郡）信口开河、（山形県）开玩笑、恶作剧、（山形県東村山郡）摆弄、（鳥取県東部）乱来、不行。,,,,,,,,,,,枉惑.w,枉着,,,1,1,0,,,,,,,,,,,,,,ワチャ,日,,,,,,,,
"wacakuca 1, waQcakuca 2","watyakutya 1, waQtyakutya 2",,副,,,,态：说话没完没了。,,1 wa.t.ya+kutya | 2 waQ.t.ya+kutya,,,,,,,,枉惑+kutya,枉惑.w|kutya,枉着,辅音延长,,2,1,0,,,,,,,,,,,,1 wacakuca | 2 waQcakuca,,1 ワチャクチャ | 2 ワッチャクチャ,日,,,,,,,,
wauwau,wauwau,,副,,,,声：犬吠。,,wa-u+wa-u,*wa-u+wa-u,*wa-u+wa-u,,,*-u+CP-u,,,wa+wa,wa,,,,1,1,0,,,,,,,,,,,,,,1 ワウワウ,日|琉,,,,,,,,
wawa,wawa,,副・名,,,,副：（声）大声哭泣；（东北）名：狗。,,wa+wa,沖縄 *wa+wa,,,,,,,wa+wa,wa,,,,2,1,0,,,,,,,,,,,wawa,,,ワワ,日|北琉冲,,,,,,,,
wawakeru*,wawakeru*,,自动,下一段（下二段）,,,（衣服）破裂、开绽、蓬乱。,,wawake-,,,,,*-Ci-,,,,破.w,,,,3,1,0,,,,,wawake2- (和和気),,,,,,,,ワワク,ワワケル*,日,,,,,,,,
wawameku,wawameku,,自动,五段（四段）,,,变得吵闹。,,wa+wa-mek-,,,,,*-miak-,,,wa+wa,wa,,,,2,1,0,,,,,,,,,,,wawamek-,,,ワワメク,日,,,,,,,,
wawaru,wawaru,,自动,五段（四段）,,,大吼、大叫。,,wa+wa-r-,,,,,*-r-,,,wa+wa,wa,,,,2,1,0,,,,,,,,,,,wawar-,,,ワワル,日,,,,,,,,
wawasii*,wawasii*,,形,シイ（シク）,,,喧闹的、轻松而嘈杂的。,,wa+wa-si-,,,,,*-si-,,,wa+wa,wa,,,,3,1,0,,,,,,,,,,,wawasi-,,ワワシ,ワワシイ*,日,,,,,,,,
waya,waya,,枉惑,,,,不合理、乱来、脆弱。,,,,,,,,,,,枉惑.w,,,,2,1,0,,,,,,,,,,,,waya,,ワヤ,汉|日,,,,,,,,
waya*,waya*,,代,,,,（南琉球八重山）我们（包括式）。,,,八重山 *wa-ya,,,,*-ya,,,,我.w,,,,0,1,0,,,,,,,,,,,,,,,南琉八,,,,,,,,
wayaku,wayaku（枉惑）,枉惑,名,,[0]-x-x,,不合理、乱来、不懂事、任性、恶作剧、开玩笑。,,wa.yaku,,,,,,,,,枉惑.w,,,性格,2,1,1,,,,,,,,,,,wayaku,,,ワヤク,汉|日,,,吴音/汉音 枉 (waũ)；吴音 惑 (waku),,,,,
wayakuru,wayakuru（誑惑）,誑惑,他动,,,,（八丈）欺负；（新潟県佐渡、福井県大飯郡、兵庫県神戸市、香川県）插嘴打诨；（新潟県佐渡）糊弄、搪塞；（福井県大飯郡、香川県）妨碍；（岡山県児島郡、香川県、高知県、琉球）嘲笑；（岡山県児島郡）弄乱；（徳島県）草率处理。,4902 | 誑惑.w.v | *wajakur-,wa.yaku-r-,*wa.yaku-r-,,,,*-r-,,,,枉惑.w,,,,1,1,0,,,,,,,,,,,,,,ワヤクル,日|琉,,,,,,,,
wayakuya,wayakuya,,副・名,,,,（副）态：很多人大声喧闹、骚动的样子；（名）嘈杂、混乱。,,waya+kuya,,,,,,,,waya+kuya,waya|kuya,,,,2,1,0,,,,,,,,,,,,wayakuya,,ワヤクヤ,日,,,,,,,,
wayama*,wayama*,,代,,,,（南琉球八重山）我们（包括式）。,,,八重山 *wa-ya-ma,,,,*-ya-ma,,,,我.w,,,,0,1,0,,,,,,,,,,,,,,,南琉八,,,,,,,,
wayamekasu,wayamekasu,,他动,五段（四段）,B-x-x,,使变得嘈杂。,,waya-meka-s-,,,,,*-miaka-s-,,,,waya,,,,2,1,0,,,,,,,,,,,wayamekas-,,,ワヤメカス,日,,,,,,,,
wayameku,wayameku,,自动,五段（四段）,B-x-x,,变得嘈杂。,,waya-mek-,,,,,*-miak-,,,,waya,,,,2,1,0,,,,,,,,,,,,wayamek-,,ワヤメク,日,,,,,,,,
wayata*,wayata*,,代,,,,（南琉球）我们（包括式）。,,,南 *wa-ya-ta,,,,*-ya-ta,,,,我.w,,,,0,1,0,,,,,,,,,,,,,,,南琉,,,,,,,,
wayawaya,wayawaya,,副,,[1]-x-x,,态：很多人喧闹；愤怒等从内心深处涌上来的样子。,,waya+waya,,,,,,,,waya+waya,waya,,,,2,1,0,,,,,,,,,,,,wayawaya,,ワヤワヤ,日,,,,,,,,
waza,waza（業）,業 技 工 伎 芸 術 幹,名,,2.2b; 上平 - [2]-[1]-A. 镰仓 HL/LL. 江户 HL,2.2b,具有深刻意义或重大意图的行为或活动、有意识地去做某件事、佛事、职业、情况、技术、手段、灾祸。,4966 | 技.w.n | *waza | xB,,*waza,*waza,,,,,,,業.w,,,抽象,2,1,0,,,,,waza 和射 和佐 (業 伎 行事),,,,,,,,,ワザ,日|琉,,,,,,,,
"wazakure 1, wanzakure 2","wazakure 1, wanzakure 2",,1 名・1/2 感叹,,1 [0/4]-[0]-x,,（1/2，感叹）表达自暴自弃时说的话；（1，名）自暴自弃、玩笑、把玩之物。,,1 waza+kure | 2 wanza+kure,,,,,,,,waza+kure,waza,,辅音延长,抽象・实物,2,1,0,,,,,,,,,,,,1 wanzakure | 2 wazakure,,1 ワンザクレ | 2 ワザクレ,日,,,,,,,,
"wazato 1, wazaQto 2","wazato 1, wazaQto 2（態）",態,副,,"1 [1]-[1]-x. 江户 HLL, LHL",,故意地、特别是、正式地、重新、故作姿态地。,,1 waza=t=o | 2 waza-Q=t=o,1 *waza=t=o | 2 北 *waza-Q=t=o,*waza=t=ǝ,,,1 *-Q,,,,業.w,,,,3,1,0,,,,,,,,,,wazato,wazaQto,,,1 ワザット | 2 ワザト,日|琉,,,,,,,,
wazatobiru*,wazatobiru*（態）,態,自动,上一段（上二段）,,,给人感觉是故意的。,,waza=t=o-bi-,,,,,*-mpǝi-,,,,業.w,,,,3,1,0,,,,,,,,,,,wazatobi-,,ワザトブ,ワザトビル*,日,,,,,,,,
wazatomeku,wazatomeku（態）,態,自动,五段（四段）,,,看起来很用心的、给人感觉是故意的。,,waza=t=o-mek-,,,,,*-miak-,,,,業.w,,,,2,1,0,,,,,,,,,,wazatomek-,,,,ワザトメク,日,,,,,,,,
wazawai,wazawai（禍）,禍 災 殃 厄 夭 氛 害,名・副,,4.1; x - [0]-[0]-x,4.1,（名）灾祸、不幸、讨厌；（副）（西南九州；德之岛语或为借词）非常、很多。,,waza-wa-i,,,,,*-pap-i,,,,業.w,,,抽象,4,1,0,,,,,(妖気),,,,,wazawawi,,,ワザハヒ,ワザワイ,日|北琉奄,,,,,,,,
wazawaza,wazawaza（態態）,態態,副,,[1]-[1]-x,,特意地、故意地。,,waza+waza,*waza+waza,*waza+waNsa,,,,,,業+業,業.w,,,,2,1,0,,,,,,,,,,,wazawaza,,,ワザワザ,日|琉,,,,,,,,
wazawazasii*,wazawazasii*（態態）,態態,形,シイ（シク）,,,给人感觉是故意的、说话的样子不好。,,waza+waza-si-,,,,,*-si-,,,業+業,業.w,,,,3,1,0,,,,,,,,,,wazawazasi-,,,ワザワザシ,ワザワザシイ*,日,,,,,,,,
wazikasu,wazikasu,,他动,,,,（西中国）撬开、扩张。,,wazika-s-,,,,,*-s-,,,,開.w,,,,1,1,0,,,,,,,,,,,,,,ワジカス,中日,,,,,,,,
wazikeru,wazikeru,,自动,,,,（西中国、九州）果实成熟开裂。,,wazik-e-,,,,,*-ai-,,,,開.w,,,,1,1,0,,,,,,,,,,,,,,ワジケル,中日|九,,,,,,,,
waziku,waziku,,他动,,,,（出云）撬开、扩张。,,wazik-,,,,,,,,,開.w,,,,1,1,0,,,,,,,,,,,,,,ワジク,出,,,,,,,,
waziwazi,waziwazi,,副,,,,态：（因寒冷或恐惧而）发抖的样子。,,wazi+wazi,,,,,,,,wazi+wazi,wazi,,,,3,1,0,,,,,,,,,,,wajiwaji,,ワヂワヂ,ワジワジ,日,,,,,,,,
wazuka,wazuka（僅）,僅 纔,形动・副,,3.7b; 平上平 - [1]-(2)-B. 镰仓 LHL(|H). 室町 LHL(-L). 江户 LHL,3.7b,（形动）微少的样子、稍微的样子、狭小的样子；（副）仅仅。,4900 | 僅.w.n | *waduka | 7C,wazu-ka,wadu-ka,*wadu-ka,,,*-ka,,,,僅.w,,,,3,1,0,,,,,waduka 和豆可,,,,,,,,ワヅカ,ワズカ,日|琉,,,,,,,,
wazurau,wazurau（煩）,煩 患,自动,五段（四段）,A; A - A/B-A-A x-A-x | wazurai（名词）: A - [0]-[0]-A x-A-x,A,烦恼、担心、辛苦、生病、难以做…、（北琉球奄美）照看病人、（南琉球；对鱼等）处理、解体、切块。,411 | 捌.b.v | *wadurap-,wa+zura-w-,*wa+dura-p-,*wa+N+tura-p-,,,*-p-,,拟=に+形,wa|辛.t,wa,煩,,,3,1,0,,,,,wadurap- (和豆良比 煩労),,,,,,,,ワヅラフ,ワズラウ,日,,,,,,,,
wazurawakasu,wazurawakasu（煩）,煩,他动,五段（四段）,,,添麻烦。,,wa+zura-wa-ka-s-,,,,*-ka-,*-pa-ka-s-,俗语表现,拟=に+形,wa|辛.t,wa,煩,,,3,1,0,,,,,,,,,,,wazurawakas-,,ワヅラハカス,ワズラワカス,日,,,,,,,,
wazurawasigaru,wazurawasigaru（煩）,煩,自动,五段（四段）,,,感到麻烦、感到厌烦。,,wa+zura-wa-si-ga-r-,,,,,*-pa-si-ga-r-,,拟=に+形,wa|辛.t,wa,煩,,,3,1,0,,,,,,,,,,wazurawasigar-,,,ワヅラハシガル,ワズラハシガル,日,,,,,,,,
wazurawasii,wazurawasii（煩）,煩 累 擾,形,シイ（シク）,,,麻烦的、复杂的、繁琐的、烦心的、病重的。,,wa+zura-wa-si-,,,,,*-pa-si-,,拟=に+形,wa|辛.t,wa,煩,,,3,1,0,,,,,,,,,,wadurawasi-,,,ワヅラハシ,ワズラハシイ,日,,,,,,,,
wazurawasu,wazurawasu（煩）,煩,他动,五段（四段）,A; x - A/B-A-A,A,使烦恼、添麻烦。,,wa+zura-wa-s-,,,,,*-pa-s-,,拟=に+形,wa|辛.t,wa,煩,,,4,1,0,,,,,(煩 悩),,,,,wadurawas-,,,ワヅラハス,ワズラワス,日,,,,,,,,
weQtu*,weQtu*（新芽）,新芽,名,,,,（南琉球八重山）新芽。,6030 | 新芽.b.n | *[w][e]Qt[u], B：baje「芽」に与那国 -Ti と同源の指小辞が付いた形か  竹富bittʃi,八重山 *[w][e]Qt[u],,,,,,,,新芽.w,,,植物器官,0,1,0,,,,,,,,,,,,,,,南琉八,,,,,,,,
ya,ya（矢）,矢 箭,名,,1.2; 平/上 (?= 上平 = 東) - [1]-[1]-A A-A-x. 江户 F,1.2,箭矢。,966 | 矢.j.n | *ja | 2A || 6315 | 弓の子.j.n | *j[o]mi=no kuCa,,*ya,*ya,,,,,,,矢.y,,,具,3,1,0,,,,,ya (矢 箭),,下野 ya 夜,,,,,,,ヤ,日|琉,,,,,,,,
yabai,yabai（矢場）,矢場,形,イ,B-x-x,,危险的、不妙的、太好了。（一说由来为矢場「表面上是射箭游戏场，但实际上是卖春场所」，一说由来为小偷对刑警的隐语）,,ya+ba-,,,,,,,,矢+場,矢.y|庭.n,,,,2,1,0,,,,,,,,,,,,yaba-,,ヤバイ,日,,,,,,,,
yadoyomi*,yadoyomi*（喧嘩）,喧嘩,名,,,,（南琉球宫古）吵架。,,,宮古 *ya+do+yom-i,,,,*-i,,名=の+名,屋+戸+読,屋.y|戸.t|読.y,喧嘩,,行为,0,1,0,,,,,,,,,,,,,,,南琉宫,,,,,,,,
yagura,yagura（櫓）,櫓 矢倉,,,,,武库、城墙上的箭楼、望楼。,996 | 櫓.j.n | *jagura | 1A,ya+gura,,,,,,,名=の+名,矢+倉,矢.y|倉.k,,,建,3,1,0,,,,,(兵庫),,,,,"yagura 夜久良, 陸奥 yagura 也久良",,,,ヤグラ,日,,,,,,,,
yokoi,yokoi（憩）,憩,名,,,,（九州、琉球）休息。,,yoko-w-i,*yoko-p-i,九州-琉球 *yoko-p-i,,,*-p-i,,,,生.i,,i/yo,动作,1,1,0,,,,,,,,,,,,,,ヨコイ,九|琉,,,,,,,,
yokowas-*,yokowas-*,,自动・他动,,,,（南琉球八重山）休息。,,,八重山 *yoko-p-as-,,,,*-p-as-,,,,生.i,,i/yo,,0,1,0,,,,,,,,,,,,,,,南琉八,,,,,,,,
yoro*,yoro*,,名,,,,（南琉球宫古）柄。,,,宮古 *y[o]-r[o],,,,*-r[o],,,,支.y,,e/o,具,0,1,0,,,,,,,,,,,,,,,南琉宫,,,,,,,,
"you 1/2, ow-* 3","you 1/2, ow-* 3（酔）",酔,自动,五段（四段）,B; B - B-B-B x-B-B | yoi（名词）: x - [1/2]-[2]-B x-B-x,B,醉酒、晕（车等）、（食物）中毒、陶醉、迷惑。,4988 | 酔.w.v | *wep- | iiB || 4990 | 酔.w.n | *wep-i | xB,1 yow- < ep-,1 *wep- > 2 喜界、北奄美大島、沖永良部 *yop- | 3 与論、沖縄一部 *wop-,*wep-,,,,,,,酔.w,,e/o,,3,1,0,,,,,1 wep- (惠比),,,,,,,,1 ヱフ,1 ヨウ,日|琉,,,,,,,,
